startup_id,sector,stage,team_size,months_operating,founder_experience_yrs,monthly_burn,cash_balance,mrr,mrr_growth_pct,gross_margin_pct,monthly_churn_pct,cac,ltv,total_funding_raised,prior_rounds,failed_within_24m
ST-000001,Agritech,Seed,7,45,3.05,7.951,39.585,2.843,35.38,46.91,8.69,0.2806,0.4813,212.326,1,1
ST-000002,Edtech,Pre-seed,2,9,7.16,2.617,12.792,0.861,3.96,48.41,8.36,0.2279,0.1984,16.335,0,1
ST-000003,Agritech,Seed,5,15,7.53,4.112,25.043,1.501,26.44,66.37,3.11,0.3964,1.3787,28.838,1,0
ST-000004,D2C,Pre-seed,3,28,,7.389,44.044,4.075,24.24,50.36,3.54,0.2642,0.5533,63.073,0,1
ST-000005,SaaS,Pre-seed,2,17,5.01,3.353,38.062,0.852,17.0,89.18,2.47,3.7548,2.1922,8.729,0,1
ST-000006,Deeptech,Seed,6,28,5.46,7.972,231.691,2.689,58.11,72.35,6.05,,0.4453,92.605,2,0
ST-000007,D2C,Seed,1,34,3.95,15.39,267.34,10.112,24.5,45.64,3.91,0.3357,0.9124,36.679,1,0
ST-000008,Agritech,Series A,8,18,6.97,30.22,1029.293,16.354,6.21,49.7,7.13,0.1174,0.4063,3591.796,2,0
ST-000009,SaaS,Seed,6,19,13.52,3.703,67.026,0.698,48.55,70.07,6.37,0.0871,0.4063,86.08,1,0
ST-000010,Edtech,Series A,4,25,13.79,4.24,41.377,1.234,-24.04,76.37,23.4,,0.0943,1989.941,3,1
ST-000011,Fintech,Seed,16,42,18.85,9.297,32.068,6.051,-15.12,50.85,15.53,0.5322,0.7943,41.17,2,1
ST-000012,Deeptech,Seed,4,23,15.08,5.039,106.257,1.275,33.98,60.15,2.56,0.3111,1.0083,360.558,1,0
ST-000013,D2C,Pre-seed,3,10,9.87,1.615,14.643,0.75,21.76,53.68,,1.3686,1.7763,15.733,0,1
ST-000014,Agritech,Seed,4,10,19.22,3.213,70.857,1.874,4.03,37.44,11.12,0.1687,0.2237,119.984,1,0
ST-000015,Edtech,Pre-seed,4,13,5.78,7.211,22.522,5.511,25.24,80.51,3.39,0.7213,1.8502,86.031,0,0
ST-000016,SaaS,Pre-seed,9,12,8.06,6.161,238.191,1.726,39.39,60.14,3.68,0.477,1.2889,27.129,0,0
ST-000017,Healthtech,Pre-seed,18,31,23.8,27.159,736.201,23.519,-5.19,48.38,13.68,0.0639,0.2063,31.851,0,0
ST-000018,SaaS,Series A,16,37,5.65,8.915,36.048,5.912,12.16,81.62,5.37,0.4498,1.0951,911.575,3,0
ST-000019,Agritech,Seed,12,16,0.86,17.709,280.847,5.708,16.31,59.84,4.85,1.1381,1.3434,43.854,0,0
ST-000020,D2C,Series A,29,21,2.73,21.203,98.295,6.011,20.43,32.95,6.25,0.0829,0.1486,425.196,2,1
ST-000021,D2C,Series A,12,12,7.46,9.956,68.585,4.436,27.53,55.96,2.96,0.5009,,2275.614,2,1
ST-000022,Fintech,Series A,27,31,3.92,17.193,72.389,11.65,-27.33,76.99,30.91,0.0358,0.1843,829.309,2,0
ST-000023,Deeptech,Pre-seed,6,12,2.49,3.992,25.849,1.505,28.26,,4.2,0.4248,1.5039,11.55,1,0
ST-000024,Deeptech,Series A,11,19,14.02,26.431,203.148,20.177,-26.08,59.44,31.53,0.0398,0.1004,1059.854,4,1
ST-000025,Agritech,Series A,13,24,11.09,26.497,211.961,6.41,13.22,64.84,1.41,0.8261,2.8507,1356.59,2,0
ST-000026,SaaS,Series A,3,36,1.18,10.855,149.376,3.374,-8.16,,11.55,0.2046,1.0724,2092.093,4,0
ST-000027,Edtech,Pre-seed,5,17,15.87,6.253,17.448,2.975,21.13,61.32,4.77,0.2872,0.281,11.345,0,1
ST-000028,SaaS,Pre-seed,1,8,27.76,9.634,214.702,2.774,30.98,72.84,,0.584,1.354,16.996,0,0
ST-000029,SaaS,Series A,4,25,4.94,41.497,200.67,18.786,15.2,80.24,5.73,,0.5403,835.656,2,1
ST-000030,D2C,Pre-seed,4,3,11.23,1.741,16.9,0.752,3.28,36.11,8.88,0.2803,0.6428,9.748,0,1
ST-000031,D2C,Pre-seed,2,19,3.55,3.909,31.465,0.871,-10.63,61.76,16.76,0.406,0.6756,20.835,1,0
ST-000032,Deeptech,Seed,6,18,9.06,19.088,341.564,14.226,14.72,63.38,4.94,0.1308,0.7166,147.503,1,0
ST-000033,Fintech,Pre-seed,4,12,11.48,2.381,22.692,0.186,8.45,67.95,,0.1234,0.5963,22.374,1,0
ST-000034,Fintech,Pre-seed,4,21,7.49,2.028,50.682,0.969,24.07,80.3,3.71,0.1389,1.1991,27.408,0,0
ST-000035,Edtech,Series A,6,27,4.39,12.221,174.12,6.162,4.96,75.51,13.85,0.1212,0.2316,3440.806,3,0
ST-000036,SaaS,Series A,18,27,5.6,10.514,18.035,9.021,43.44,92.72,3.25,1.0208,2.7553,482.583,2,1
ST-000037,SaaS,Series A,10,12,1.5,12.502,132.79,3.962,14.98,88.1,4.22,1.3093,2.9039,419.103,1,1
ST-000038,Edtech,Pre-seed,5,27,8.37,2.418,24.316,0.583,36.31,82.57,2.85,0.191,1.0333,21.356,0,0
ST-000039,SaaS,Pre-seed,2,4,21.48,18.267,389.699,2.037,6.52,66.92,10.83,0.0549,0.124,26.545,0,0
ST-000040,D2C,Seed,6,13,2.72,5.564,79.132,1.86,30.94,,10.1,0.3646,0.4504,44.858,0,0
ST-000041,Edtech,Seed,12,14,18.76,9.913,83.318,4.029,28.6,84.28,4.52,6.0235,4.5884,66.44,1,1
ST-000042,Agritech,Pre-seed,7,23,6.55,5.155,28.216,2.505,2.71,48.51,11.32,0.0589,0.3075,17.878,1,0
ST-000043,D2C,Seed,4,22,1.47,2.3,38.766,1.301,-15.95,41.71,18.8,0.1481,0.4222,80.143,1,0
ST-000044,Fintech,Series A,7,16,14.14,54.911,537.38,22.258,40.63,63.94,7.06,0.573,1.4953,2373.323,2,1
ST-000045,Agritech,Seed,3,14,8.46,10.667,65.863,5.886,6.68,52.02,12.48,0.0943,0.5909,786.177,2,0
ST-000046,Agritech,Pre-seed,3,3,3.31,3.973,15.736,1.993,3.43,63.89,6.69,0.2451,0.6214,40.72,1,1
ST-000047,Fintech,Pre-seed,2,30,4.57,11.15,233.569,4.52,10.69,68.06,3.34,1.0515,0.9235,47.886,0,1
ST-000048,Fintech,Pre-seed,4,22,5.38,5.031,20.034,0.151,-2.88,80.46,10.78,0.5965,0.6086,11.908,0,1
ST-000049,D2C,Pre-seed,6,36,7.21,7.643,106.558,3.764,30.23,53.31,3.87,0.1262,0.4304,8.894,0,1
ST-000050,SaaS,Seed,4,11,9.03,1.914,18.523,0.775,15.31,92.31,,0.6104,2.2365,152.338,1,0
ST-000051,SaaS,Seed,6,20,9.26,13.311,98.843,4.06,16.6,82.54,5.03,0.0915,0.9003,99.366,1,0
ST-000052,SaaS,Seed,5,27,13.23,8.434,46.197,3.929,39.41,79.33,4.45,0.4824,1.1713,219.482,1,0
ST-000053,Agritech,Series A,19,14,8.23,15.031,201.876,9.611,16.09,37.38,4.79,0.0627,0.4996,1526.426,2,0
ST-000054,D2C,Pre-seed,3,20,10.19,2.209,17.937,0.519,50.09,21.25,5.69,0.1363,0.155,16.827,0,1
ST-000055,D2C,Pre-seed,3,37,8.47,3.46,25.815,0.791,16.58,43.68,3.2,0.4587,0.6727,42.717,0,1
ST-000056,Agritech,Pre-seed,2,13,0.46,2.968,72.68,1.624,-14.62,24.21,14.24,0.1422,0.1659,59.532,0,1
ST-000057,Edtech,Pre-seed,2,28,2.82,1.495,11.213,0.791,-1.62,65.97,9.49,0.0803,0.2206,37.644,0,1
ST-000058,Healthtech,Seed,9,7,3.53,11.476,103.166,6.729,0.23,70.27,15.16,0.029,0.1516,61.21,1,0
ST-000059,SaaS,Series A,9,13,7.99,43.934,197.607,27.599,16.37,82.26,1.11,1.344,2.8714,734.301,2,0
ST-000060,SaaS,Series A,10,17,8.5,5.087,120.092,3.752,45.96,,9.65,0.3146,0.4077,834.103,2,0
ST-000061,D2C,Seed,14,7,6.65,11.043,374.357,3.564,19.46,43.33,3.6,0.0745,0.269,55.389,2,0
ST-000062,Edtech,Pre-seed,9,19,11.28,2.508,23.576,1.345,12.2,72.74,8.19,0.1741,0.3843,41.175,0,0
ST-000063,Healthtech,Pre-seed,1,1,12.36,3.147,73.652,1.676,10.63,76.74,3.42,0.0811,0.2962,33.413,0,0
ST-000064,D2C,Pre-seed,6,13,7.16,4.274,28.049,1.825,28.45,53.52,1.17,0.453,1.0261,6.542,0,0
ST-000065,D2C,Pre-seed,4,44,13.38,4.321,92.468,1.779,25.73,47.71,3.04,0.3757,0.8483,15.654,0,1
ST-000066,Healthtech,Series A,8,21,6.41,19.4,170.033,9.222,30.75,67.92,4.63,0.1518,1.3614,287.569,2,0
ST-000067,Healthtech,Seed,8,28,,3.928,34.636,0.733,0.72,83.04,11.67,,0.5623,106.068,0,1
ST-000068,Fintech,Pre-seed,1,33,0.76,11.414,419.901,0.828,64.27,68.05,2.2,0.7147,2.2489,35.925,0,0
ST-000069,SaaS,Pre-seed,10,9,7.24,4.089,37.843,0.346,9.77,65.4,,0.1135,0.4347,32.34,1,0
ST-000070,Edtech,Pre-seed,5,35,13.73,52.06,21.983,2.665,3.66,61.6,,0.2529,1.2047,30.125,1,0
ST-000071,SaaS,Series A,6,7,0.61,33.937,102.002,13.315,39.09,73.54,3.5,0.9312,1.0958,402.245,3,1
ST-000072,Edtech,Pre-seed,3,13,8.05,0.851,8.639,0.354,35.95,53.95,5.35,0.0817,0.2529,10.53,0,1
ST-000073,Agritech,Pre-seed,1,19,3.38,5.588,26.252,2.485,3.48,43.92,9.36,0.5502,0.9668,44.572,0,1
ST-000074,SaaS,Pre-seed,3,44,9.33,3.427,147.611,1.035,31.23,96.0,6.79,0.2381,0.5426,9.428,1,0
ST-000075,SaaS,Series A,7,33,6.62,29.476,1517.379,9.977,5.05,70.5,8.95,0.2624,0.4718,192.22,1,0
ST-000076,Fintech,Seed,3,26,10.04,5.602,6.411,1.972,24.3,62.19,5.32,1.0522,1.7853,73.333,2,1
ST-000077,Fintech,Seed,10,10,4.39,19.561,343.265,13.806,20.43,96.0,15.75,0.0426,0.2781,105.206,0,0
ST-000078,D2C,Pre-seed,9,17,6.98,1.895,12.859,0.139,70.46,53.97,1.62,1.2237,5.6397,21.285,0,0
ST-000079,Healthtech,Pre-seed,4,33,3.24,6.184,188.749,1.078,46.2,66.43,,2.3845,2.2962,32.676,1,0
ST-000080,Agritech,Series A,8,7,5.38,15.979,496.31,6.076,36.4,57.53,9.41,0.3339,0.6625,6778.519,4,0
ST-000081,D2C,Pre-seed,5,21,8.83,3.621,106.727,1.484,33.08,49.69,2.14,0.9435,2.0584,29.38,0,0
ST-000082,Edtech,Pre-seed,4,20,1.73,1.615,76.536,0.273,-9.32,61.47,18.64,0.0354,0.2031,12.332,1,0
ST-000083,Agritech,Seed,3,10,7.22,5.213,20.523,3.413,19.39,55.13,6.02,1.9409,2.1628,537.658,2,0
ST-000084,SaaS,Pre-seed,3,38,2.73,7.497,28.711,2.856,7.78,87.62,4.37,1.7397,,17.673,1,1
ST-000085,SaaS,Pre-seed,3,15,6.29,11.259,230.532,2.904,15.92,62.98,8.88,0.1001,0.1449,55.196,0,0
ST-000086,SaaS,Series A,12,42,2.39,57.8,759.492,23.275,15.81,76.54,9.96,0.6233,0.4079,385.528,2,0
ST-000087,D2C,Seed,6,28,25.58,11.337,229.443,8.407,-20.51,28.89,20.7,0.2813,0.1854,339.492,2,1
ST-000088,Edtech,Pre-seed,4,35,13.69,4.068,25.291,2.669,11.04,56.66,5.18,0.0512,0.1407,70.336,0,0
ST-000089,SaaS,Pre-seed,1,7,6.6,5.329,82.224,2.472,19.67,87.3,10.61,,0.332,48.438,0,1
ST-000090,Edtech,Seed,9,15,18.67,26.068,127.004,5.035,34.93,61.82,1.87,2.0218,5.4398,106.755,1,0
ST-000091,SaaS,Pre-seed,4,21,4.51,5.612,244.176,1.953,0.54,78.92,12.98,0.7044,0.5729,15.818,1,0
ST-000092,D2C,Pre-seed,19,21,16.13,4.313,263.99,3.671,0.4,17.6,7.73,0.1043,0.1148,35.131,0,0
ST-000093,Edtech,Seed,5,28,10.18,5.333,12.314,3.915,-2.49,51.69,,,0.4685,37.085,1,1
ST-000094,Fintech,Seed,8,32,4.66,8.891,404.15,1.896,8.82,54.76,6.17,3.784,3.3153,181.826,1,0
ST-000095,Fintech,Series A,58,28,11.5,25.237,88.531,11.333,-9.68,48.67,15.31,0.0628,0.1188,2004.948,3,1
ST-000096,D2C,Pre-seed,4,2,14.11,2.358,37.896,1.02,44.86,49.65,,0.0615,0.1152,16.305,1,0
ST-000097,Fintech,Pre-seed,4,41,7.42,3.317,15.457,1.189,33.29,68.47,2.02,5.1346,9.0906,20.667,0,0
ST-000098,SaaS,Seed,3,29,13.04,7.057,48.083,5.338,72.52,90.81,7.59,2.0099,1.8931,55.993,1,0
ST-000099,SaaS,Seed,16,17,12.29,5.337,22.843,1.409,4.34,95.97,8.47,0.1392,0.6857,163.595,1,0
ST-000100,Deeptech,Pre-seed,2,39,9.43,9.186,112.401,3.957,35.07,73.1,5.3,1.0323,1.079,66.572,1,1
ST-000101,Deeptech,Seed,8,24,2.38,18.606,187.454,6.999,-9.98,61.89,18.78,0.2261,0.4621,222.264,1,1
ST-000102,D2C,Pre-seed,3,10,9.18,4.893,43.99,1.455,47.86,50.09,7.99,0.429,0.8803,11.67,0,1
ST-000103,Fintech,Series A,9,36,0.54,27.189,378.582,15.102,9.49,71.1,8.38,0.5349,1.2519,1760.615,3,0
ST-000104,Deeptech,Series A,4,21,7.27,23.877,71.359,17.803,12.23,46.85,3.02,0.6815,0.6352,1374.478,2,1
ST-000105,Agritech,Seed,14,11,10.99,0.443,7.948,0.219,42.28,54.98,7.15,0.1731,0.4735,542.399,2,0
ST-000106,D2C,Series A,8,14,3.48,7.91,74.553,5.763,39.51,42.34,7.77,,1.7248,754.369,3,0
ST-000107,Edtech,Series A,5,20,13.29,20.727,92.912,5.328,-6.58,53.47,15.61,0.1287,0.4164,746.612,3,1
ST-000108,Fintech,Pre-seed,8,22,5.19,2.847,60.476,0.225,14.77,48.22,7.21,0.4186,1.7258,15.021,0,0
ST-000109,SaaS,Pre-seed,3,7,3.55,7.141,53.124,0.907,46.92,55.34,5.29,0.3841,,13.041,0,0
ST-000110,Deeptech,Seed,8,12,12.03,22.079,277.625,5.507,7.77,55.18,4.58,0.3926,0.6205,93.229,0,0
ST-000111,Edtech,Pre-seed,6,40,18.98,2.804,39.017,0.804,23.42,59.5,3.95,0.0861,0.5592,5.552,0,0
ST-000112,SaaS,Pre-seed,5,47,8.45,2.521,28.803,0.249,28.3,73.73,3.81,0.356,1.067,32.339,1,0
ST-000113,Fintech,Pre-seed,1,24,18.11,5.244,45.302,3.019,46.59,55.27,5.09,1.4612,2.0157,28.163,1,1
ST-000114,Healthtech,Series A,16,36,4.66,16.455,295.354,10.091,28.02,56.8,3.97,1.064,1.1617,3172.21,3,0
ST-000115,SaaS,Pre-seed,4,40,3.97,6.058,58.063,0.745,11.89,69.92,14.31,0.0427,0.1251,21.966,0,0
ST-000116,Agritech,Seed,5,18,15.39,1.26,22.651,1.111,-25.73,53.01,24.62,0.0424,0.0782,39.719,2,0
ST-000117,D2C,Pre-seed,4,4,11.03,2.388,52.543,1.311,31.77,56.1,4.84,4.3918,4.9139,24.285,0,0
ST-000118,D2C,Pre-seed,1,44,2.61,1.954,14.65,0.411,20.62,42.62,5.89,0.1203,0.2911,11.705,0,0
ST-000119,Edtech,Series A,11,57,20.07,2.032,10.186,1.426,51.29,78.97,6.4,1.1097,,1986.251,2,0
ST-000120,Healthtech,Pre-seed,2,70,7.28,3.242,53.295,1.331,29.09,54.45,17.61,0.1857,0.4491,4.424,1,0
ST-000121,Healthtech,Pre-seed,3,54,7.73,1.572,71.97,0.174,5.1,41.76,9.81,0.093,0.2538,36.796,0,0
ST-000122,D2C,Pre-seed,4,18,21.84,3.064,60.145,1.744,-9.17,62.98,14.12,0.0437,0.0577,10.397,1,0
ST-000123,SaaS,Seed,12,20,18.43,5.2,23.015,3.612,11.88,59.5,2.82,0.2234,,428.304,1,0
ST-000124,Edtech,Pre-seed,2,25,17.53,4.705,46.357,0.376,24.62,60.83,5.71,0.2834,0.3954,6.885,1,0
ST-000125,SaaS,Pre-seed,9,6,4.68,3.222,16.615,0.887,19.2,,16.45,0.0643,0.1437,10.632,0,1
ST-000126,Edtech,Pre-seed,7,10,9.41,1.004,28.161,0.391,-9.5,80.63,14.89,1.4066,1.1669,41.357,0,0
ST-000127,Fintech,Pre-seed,3,15,10.66,6.683,81.923,3.255,-41.52,66.21,28.6,0.13,0.3137,33.833,0,1
ST-000128,SaaS,Pre-seed,2,30,3.71,22.028,128.115,0.661,-3.1,75.69,16.14,0.1934,0.8805,44.603,0,1
ST-000129,SaaS,Seed,3,36,2.69,16.024,63.93,10.528,-35.72,96.0,28.27,0.1526,0.1311,114.596,1,1
ST-000130,Healthtech,Pre-seed,5,15,6.94,7.549,42.865,0.906,-3.61,73.11,9.44,0.133,0.4875,8.46,0,0
ST-000131,SaaS,Pre-seed,2,6,13.19,3.351,24.304,0.85,22.07,93.83,5.65,1.6847,2.6586,24.846,0,1
ST-000132,Deeptech,Seed,13,31,0.64,8.043,105.657,5.654,45.87,63.22,9.69,0.0324,0.1322,89.464,1,0
ST-000133,Healthtech,Seed,4,8,8.16,5.923,31.914,3.617,-35.9,69.64,24.47,0.1184,0.8342,51.151,1,0
ST-000134,Fintech,Pre-seed,2,11,3.0,6.193,72.213,1.45,-4.53,70.83,15.52,0.3322,0.8036,10.47,0,0
ST-000135,Healthtech,Pre-seed,4,18,14.01,2.043,28.778,0.495,25.3,61.55,2.42,0.7985,2.5974,53.669,1,0
ST-000136,SaaS,Pre-seed,3,5,9.68,4.521,11.343,1.055,7.54,61.61,6.59,0.1523,0.4427,11.269,0,0
ST-000137,Deeptech,Series A,10,15,2.95,13.605,46.631,8.05,17.42,43.26,3.8,0.0749,0.3201,1246.874,2,0
ST-000138,Edtech,Pre-seed,7,29,14.19,0.988,5.867,0.446,24.92,74.44,9.53,0.4871,0.9632,7.042,0,0
ST-000139,Agritech,Pre-seed,4,25,9.64,2.179,13.314,0.194,8.35,65.21,10.67,0.4004,1.4136,38.627,0,0
ST-000140,SaaS,Seed,7,9,6.55,18.19,185.787,11.104,40.8,83.97,2.28,2.5077,3.6334,59.248,1,0
ST-000141,Edtech,Pre-seed,4,20,25.79,3.75,28.597,1.579,68.01,54.87,1.58,0.8848,4.2008,13.35,0,0
ST-000142,Edtech,Pre-seed,1,4,7.05,0.263,2.904,0.196,-5.41,69.2,10.43,0.7102,0.8164,37.199,0,0
ST-000143,Deeptech,Pre-seed,5,23,5.23,3.681,58.35,1.035,36.47,62.15,6.4,0.4912,0.831,49.932,0,1
ST-000144,Healthtech,Seed,7,13,11.54,16.991,391.049,9.156,59.76,42.03,1.33,2.2705,3.437,138.908,2,0
ST-000145,Edtech,Seed,11,17,20.77,5.245,21.718,3.698,45.89,83.51,3.44,1.926,5.6594,103.457,1,0
ST-000146,Fintech,Seed,9,21,0.71,14.545,136.805,4.978,1.03,77.47,13.84,0.1701,0.6416,142.293,2,1
ST-000147,Fintech,Seed,6,9,16.02,7.504,344.339,4.834,8.61,56.31,8.7,0.1659,0.538,157.456,1,0
ST-000148,Healthtech,Pre-seed,7,10,11.88,5.284,20.505,2.759,-19.38,62.06,16.93,0.0938,0.1524,23.602,0,1
ST-000149,Edtech,Series A,8,51,18.74,12.776,249.558,6.726,2.03,63.33,10.39,0.1423,0.8443,3716.242,2,0
ST-000150,SaaS,Seed,7,17,,4.641,77.489,2.421,4.17,96.0,6.63,0.2364,1.1586,82.796,2,0
ST-000151,Agritech,Series A,8,25,10.4,19.65,371.062,10.754,23.61,45.74,3.44,0.3945,1.0771,434.494,2,0
ST-000152,Deeptech,Seed,8,22,11.69,34.5,924.851,9.412,-8.36,44.81,13.36,0.2466,0.3808,102.628,1,0
ST-000153,SaaS,Pre-seed,3,34,8.48,5.088,52.686,1.284,18.52,80.68,3.84,1.6867,1.6081,75.284,0,0
ST-000154,Healthtech,Pre-seed,11,26,19.24,4.989,70.472,2.466,21.37,51.48,4.76,0.2988,1.0811,16.322,1,0
ST-000155,SaaS,Seed,22,2,4.59,4.027,45.698,1.619,5.72,92.59,6.28,0.682,1.2789,127.446,1,0
ST-000156,D2C,Pre-seed,7,7,8.4,7.959,32.947,0.761,34.61,46.93,3.34,0.1906,0.8145,13.031,0,0
ST-000157,Fintech,Seed,16,41,,6.904,72.694,2.253,6.01,54.88,11.27,0.1572,0.7048,83.335,0,0
ST-000158,D2C,Pre-seed,1,44,14.21,6.065,22.7,0.885,23.83,39.87,5.01,0.051,0.0879,70.895,0,0
ST-000159,D2C,Pre-seed,2,7,14.24,7.009,116.503,3.592,-10.28,,13.35,0.1605,0.3718,34.1,1,0
ST-000160,D2C,Series A,8,19,11.05,30.259,580.859,4.969,-2.35,44.43,12.19,0.057,0.1286,796.756,2,1
ST-000161,SaaS,Seed,6,18,14.31,15.247,394.33,4.565,35.67,63.79,2.11,0.9025,5.3096,38.731,0,0
ST-000162,Deeptech,Seed,6,16,11.65,23.026,105.744,13.612,-19.59,45.02,,0.0235,0.0424,66.944,1,1
ST-000163,SaaS,Pre-seed,1,24,21.92,1.561,15.27,0.559,32.81,84.78,6.92,0.1769,0.6202,25.984,0,0
ST-000164,SaaS,Seed,13,17,4.47,3.981,23.034,2.727,8.62,95.88,9.6,0.419,1.0078,83.475,2,0
ST-000165,Healthtech,Series A,38,17,14.27,6.323,331.81,3.002,-28.67,,25.91,0.0238,0.1493,1059.821,2,0
ST-000166,Fintech,Seed,14,28,7.58,3.538,33.524,1.413,6.16,68.81,5.47,0.373,0.5569,68.738,1,1
ST-000167,Agritech,Seed,12,5,8.9,20.386,156.923,5.835,30.92,77.46,3.6,3.1132,3.6347,82.806,0,1
ST-000168,Agritech,Seed,7,22,22.95,3.343,50.539,0.183,63.94,54.44,9.68,0.2352,0.1591,100.243,1,1
ST-000169,Fintech,Pre-seed,2,22,22.75,2.314,102.684,0.293,56.18,46.35,4.17,0.3512,0.8984,11.532,0,0
ST-000170,Deeptech,Seed,7,40,19.24,11.001,271.173,2.917,-4.04,63.97,,0.0902,0.242,128.811,1,0
ST-000171,Fintech,Series A,37,24,5.75,11.167,245.982,3.807,30.78,70.15,,0.6275,1.2523,1226.183,2,0
ST-000172,Healthtech,Seed,5,6,5.33,45.191,436.124,18.582,6.1,57.99,14.82,0.0462,0.1914,27.236,1,0
ST-000173,Fintech,Pre-seed,3,17,,4.277,27.801,3.141,4.16,55.31,8.55,0.079,0.4874,33.933,1,0
ST-000174,Deeptech,Seed,12,6,20.28,15.781,691.795,2.342,36.63,66.8,3.99,0.7232,1.0037,330.825,2,0
ST-000175,SaaS,Seed,13,24,3.8,4.213,35.59,1.861,20.27,51.9,15.01,0.1249,0.2474,58.945,1,1
ST-000176,SaaS,Series A,6,41,6.65,4.277,30.443,2.203,18.85,77.08,15.64,0.5395,0.4128,3029.658,3,1
ST-000177,Edtech,Seed,5,19,5.76,3.848,8.753,2.728,-19.73,62.85,20.34,0.1,0.239,283.686,1,1
ST-000178,Deeptech,Pre-seed,3,14,5.25,3.566,12.224,0.794,-3.29,50.0,12.4,0.1906,0.2895,17.893,0,1
ST-000179,Deeptech,Pre-seed,4,26,1.68,3.548,68.899,2.411,-1.91,,,0.0963,0.1672,9.782,0,0
ST-000180,D2C,Seed,12,24,6.21,2.452,7.167,0.475,26.27,34.07,6.45,0.2267,0.4715,121.447,1,1
ST-000181,Deeptech,Pre-seed,2,24,9.4,6.594,253.167,1.642,32.37,63.89,5.08,0.1255,0.3943,17.654,1,0
ST-000182,Deeptech,Seed,12,59,3.32,8.987,65.2,4.17,51.94,89.92,7.67,0.6032,1.16,130.777,1,0
ST-000183,Healthtech,Series A,11,18,4.71,5.597,81.595,3.932,-5.76,52.86,11.96,0.0398,0.3277,1346.827,2,0
ST-000184,Fintech,Seed,26,25,18.48,10.768,314.3,2.4,52.44,72.38,9.54,0.051,0.1085,223.591,2,0
ST-000185,Agritech,Pre-seed,5,37,4.09,6.144,33.466,3.779,11.53,53.59,7.57,0.6798,0.6124,21.695,1,1
ST-000186,D2C,Seed,6,42,7.81,18.378,309.424,11.204,17.16,50.15,6.5,,2.0319,96.959,1,0
ST-000187,Fintech,Seed,9,27,8.18,1.746,9.08,0.667,13.05,62.78,4.7,0.278,0.9321,96.614,1,1
ST-000188,SaaS,Pre-seed,3,14,4.78,2.279,10.906,1.092,22.32,82.03,,0.5842,2.0154,12.438,0,0
ST-000189,D2C,Seed,2,29,15.3,2.892,43.578,1.699,30.14,50.27,1.8,0.5573,1.2371,92.175,1,0
ST-000190,Fintech,Seed,5,29,18.02,6.237,63.652,4.182,37.29,76.76,1.8,8.3301,18.5374,165.08,2,0
ST-000191,Deeptech,Series A,9,36,2.65,59.621,1121.717,16.639,8.87,65.99,,3.0444,7.6644,405.513,2,0
ST-000192,Fintech,Pre-seed,1,8,5.68,3.085,89.583,1.106,18.86,82.08,10.16,0.6371,2.186,4.34,1,0
ST-000193,SaaS,Pre-seed,4,43,4.51,2.74,25.969,0.837,-2.13,73.87,10.2,1.1807,2.5681,15.358,0,0
ST-000194,Agritech,Seed,2,42,6.69,3.742,181.694,0.615,29.73,53.98,2.48,0.8645,0.8507,356.611,1,0
ST-000195,SaaS,Pre-seed,3,16,8.19,12.437,108.08,5.613,22.59,80.26,4.74,0.3542,0.496,21.522,0,1
ST-000196,SaaS,Pre-seed,4,35,1.79,0.737,10.208,0.269,0.68,91.38,8.32,4.4449,6.7269,16.328,0,1
ST-000197,Healthtech,Seed,7,19,8.16,5.94,141.014,1.535,-10.61,45.76,14.83,0.199,0.2054,195.505,2,1
ST-000198,Deeptech,Pre-seed,3,39,1.24,3.206,22.942,0.841,20.38,70.01,6.9,0.4118,0.4122,2.157,0,1
ST-000199,SaaS,Seed,6,21,22.87,2.14,21.06,1.128,42.94,85.48,4.13,0.8001,2.1872,140.049,0,0
ST-000200,Fintech,Series A,6,14,16.97,42.254,149.356,19.219,47.31,81.19,4.13,0.302,,446.917,2,0
ST-000201,Agritech,Seed,6,55,1.13,1.856,24.388,0.726,-11.66,52.51,16.3,0.0857,0.2938,121.197,1,0
ST-000202,Deeptech,Seed,6,31,9.33,8.227,88.259,4.875,35.12,56.0,2.22,0.1506,1.0257,44.434,1,0
ST-000203,Edtech,Seed,4,18,2.1,6.144,96.816,3.276,32.25,59.72,5.91,0.4108,1.4807,182.5,1,0
ST-000204,SaaS,Pre-seed,5,41,13.96,2.246,20.616,0.645,46.08,77.52,11.43,0.0785,0.2665,9.353,1,0
ST-000205,SaaS,Pre-seed,5,24,6.11,1.107,48.975,0.286,26.99,59.67,4.04,0.5488,0.4605,19.548,0,0
ST-000206,SaaS,Seed,6,17,,6.546,15.606,3.347,8.48,80.19,6.98,0.1347,0.4296,128.684,1,0
ST-000207,SaaS,Pre-seed,17,42,14.53,2.229,9.398,0.553,33.5,76.16,3.08,1.1115,2.3806,14.797,1,0
ST-000208,D2C,Pre-seed,4,27,6.63,7.25,32.837,3.923,-37.11,48.98,26.86,0.0184,0.0866,24.61,0,1
ST-000209,SaaS,Pre-seed,3,20,,5.593,43.422,2.892,-3.82,74.24,16.44,0.6668,0.6493,24.264,0,1
ST-000210,Edtech,Series A,8,24,4.61,50.504,203.509,40.981,-4.26,70.82,13.29,0.1007,0.3902,751.821,4,0
ST-000211,D2C,Pre-seed,2,9,2.22,4.384,20.236,1.08,2.87,46.49,11.72,0.3114,0.4685,14.028,0,1
ST-000212,Healthtech,Seed,10,3,8.06,13.553,124.893,3.207,-16.42,42.85,19.48,0.0716,0.082,206.775,1,1
ST-000213,SaaS,Pre-seed,3,25,12.65,2.979,7.196,1.495,5.15,82.48,7.85,,0.6976,54.686,0,0
ST-000214,Agritech,Seed,4,10,8.72,23.314,429.189,3.356,3.87,61.0,14.0,0.1383,0.3197,58.8,1,0
ST-000215,D2C,Pre-seed,3,9,7.46,4.08,59.003,0.877,11.47,57.81,2.03,0.5722,1.1727,14.34,0,0
ST-000216,D2C,Pre-seed,2,15,11.63,3.762,13.722,2.416,22.96,38.15,3.13,0.4068,0.6328,25.379,0,1
ST-000217,SaaS,Seed,2,19,7.3,10.905,200.779,6.438,-10.78,65.37,14.94,0.2458,0.4411,164.876,1,0
ST-000218,SaaS,Seed,5,12,9.34,4.644,22.215,0.539,5.99,93.95,,0.1475,0.2505,43.034,1,1
ST-000219,Deeptech,Pre-seed,7,25,6.46,4.173,30.298,0.996,15.08,62.5,4.21,0.4255,0.7998,39.114,0,0
ST-000220,Edtech,Seed,7,7,7.93,9.591,135.793,3.731,-23.43,56.29,22.65,0.0848,0.1699,84.389,1,1
ST-000221,Fintech,Seed,16,29,3.15,16.9,183.518,9.234,13.95,58.77,11.06,0.0818,0.1526,119.536,2,0
ST-000222,Edtech,Pre-seed,6,14,5.05,5.218,13.899,2.377,22.01,67.28,2.56,0.3884,0.426,56.461,1,1
ST-000223,D2C,Seed,9,12,22.45,7.323,101.599,4.53,31.42,57.4,12.1,0.1509,0.3354,83.135,1,0
ST-000224,Deeptech,Pre-seed,12,5,2.86,7.264,78.956,1.771,-10.72,54.26,15.31,0.0484,0.1268,46.871,0,1
ST-000225,Fintech,Seed,6,22,23.42,19.918,1076.224,7.3,12.32,51.54,5.59,0.0533,0.1942,30.913,1,0
ST-000226,Deeptech,Pre-seed,4,7,9.1,2.72,51.26,0.651,43.04,36.98,5.07,0.066,0.2941,12.719,0,0
ST-000227,SaaS,Seed,6,8,,7.396,259.168,2.717,-20.95,72.96,21.7,,0.3031,86.592,1,0
ST-000228,Healthtech,Pre-seed,10,36,14.21,0.569,2.47,0.321,16.86,53.76,10.05,0.1955,0.5364,11.03,0,0
ST-000229,D2C,Seed,6,8,2.73,13.22,48.296,6.573,-16.47,35.65,16.24,0.0386,0.1375,581.104,2,1
ST-000230,SaaS,Seed,4,6,13.36,4.206,142.175,0.917,6.48,96.0,5.95,1.8241,2.794,148.736,1,0
ST-000231,SaaS,Series A,15,32,10.8,8.212,134.474,3.588,-2.9,64.71,14.35,0.2194,0.5548,153.767,2,1
ST-000232,Edtech,Seed,4,23,8.68,5.956,291.217,2.3,23.36,58.8,3.14,0.2085,0.5691,76.266,1,0
ST-000233,Deeptech,Series A,14,17,9.93,34.261,509.853,27.065,7.8,81.55,3.71,1.5471,1.058,794.876,2,0
ST-000234,Healthtech,Pre-seed,5,8,10.29,25.905,639.774,8.34,-9.81,54.13,17.74,0.0215,0.0472,29.973,0,0
ST-000235,Deeptech,Pre-seed,3,10,7.12,1.954,22.722,1.262,48.99,57.79,3.2,1.527,3.6766,22.13,0,0
ST-000236,Agritech,Pre-seed,5,11,24.48,1.925,10.748,0.463,20.74,67.52,8.33,0.3012,0.4241,9.219,0,0
ST-000237,Edtech,Seed,2,26,18.88,7.666,30.699,4.907,36.22,65.67,3.85,1.5797,6.3838,56.246,1,0
ST-000238,Agritech,Seed,7,23,13.86,4.028,8.951,2.077,-7.5,56.22,19.05,0.0231,0.1577,71.824,1,0
ST-000239,SaaS,Series A,8,19,,25.839,245.976,6.128,5.74,74.61,8.8,0.1964,0.5461,5882.826,3,0
ST-000240,SaaS,Seed,37,16,6.04,6.548,64.751,3.112,36.48,72.41,3.33,2.3809,,215.628,2,0
ST-000241,Agritech,Seed,7,29,10.26,12.859,154.559,5.433,-0.25,34.27,8.34,0.5903,1.1439,85.936,2,0
ST-000242,Agritech,Pre-seed,3,9,6.08,2.967,30.849,1.259,16.89,49.61,4.37,,3.5549,11.537,1,0
ST-000243,SaaS,Pre-seed,2,5,7.17,5.711,9.283,2.269,15.63,86.13,5.16,0.1509,1.2498,9.296,1,0
ST-000244,Healthtech,Seed,14,39,14.02,4.451,66.179,0.854,-34.12,84.29,25.59,0.1468,0.2313,62.731,2,1
ST-000245,Healthtech,Pre-seed,3,13,19.34,18.676,699.689,4.108,15.56,57.04,2.36,0.4643,1.161,21.458,0,0
ST-000246,Agritech,Pre-seed,2,46,10.42,1.044,4.414,0.633,8.2,65.13,6.2,0.6849,,10.02,1,0
ST-000247,Healthtech,Series A,12,18,9.52,10.204,43.34,3.519,10.52,73.27,12.9,0.5386,0.6984,618.32,2,1
ST-000248,Edtech,Series A,15,23,2.09,4.479,10.847,3.996,-1.11,58.86,12.07,0.1648,0.2305,1099.556,2,1
ST-000249,Fintech,Seed,9,11,13.59,17.749,100.429,10.138,-11.57,68.32,14.75,0.1403,0.6958,300.499,1,0
ST-000250,Edtech,Pre-seed,4,19,14.57,5.006,29.865,2.853,-0.08,67.45,11.24,0.1516,0.7363,30.792,0,0
ST-000251,D2C,Series A,11,19,16.79,6.182,101.91,3.421,2.94,32.75,11.55,0.1062,0.1274,680.473,2,1
ST-000252,Agritech,Pre-seed,4,14,34.25,7.276,125.101,4.04,29.75,49.23,2.92,0.7342,0.8551,26.519,0,0
ST-000253,Edtech,Seed,8,21,5.89,3.932,19.679,2.037,3.74,57.73,8.27,0.0673,0.2193,182.732,1,1
ST-000254,Fintech,Pre-seed,5,12,21.01,6.882,46.973,2.22,19.31,65.45,4.59,0.7694,2.4946,14.849,1,1
ST-000255,SaaS,Series A,20,26,19.7,22.152,76.832,7.765,18.22,80.2,3.96,0.6512,1.0122,3807.774,4,1
ST-000256,D2C,Series A,10,16,,12.459,222.282,8.935,2.64,47.42,6.94,0.0772,0.208,5318.511,2,0
ST-000257,Agritech,Seed,4,22,2.75,13.088,126.311,3.9,35.9,45.35,7.34,1.2529,1.373,54.245,1,1
ST-000258,SaaS,Pre-seed,4,4,18.25,3.477,31.643,0.749,9.12,70.32,2.85,0.7427,2.3322,20.803,0,0
ST-000259,SaaS,Seed,10,8,21.44,9.43,213.549,6.905,3.72,,7.39,0.0486,0.1283,119.246,1,0
ST-000260,Healthtech,Pre-seed,1,8,3.52,3.8,27.761,2.48,40.2,73.22,3.28,3.6526,2.8138,7.306,0,1
ST-000261,SaaS,Series A,3,11,12.82,3.687,175.675,1.177,16.88,82.21,3.62,0.2259,0.401,916.075,3,0
ST-000262,Agritech,Pre-seed,7,7,9.17,3.247,66.502,0.575,-33.23,63.22,33.37,0.0421,0.077,45.317,0,1
ST-000263,Fintech,Pre-seed,10,21,8.82,2.776,18.014,1.241,-38.83,66.25,,0.0709,0.2401,19.259,0,1
ST-000264,SaaS,Seed,3,16,2.17,20.134,109.815,3.324,48.96,81.75,9.28,0.7745,0.893,87.699,0,1
ST-000265,Deeptech,Seed,7,15,17.97,4.289,37.419,2.684,17.24,54.95,5.4,0.0926,0.4283,87.109,2,0
ST-000266,SaaS,Series A,8,26,6.52,34.193,1052.546,8.517,10.35,77.9,7.27,0.1275,0.2973,811.044,2,0
ST-000267,Fintech,Pre-seed,3,20,26.6,4.579,11.082,2.884,-29.59,70.56,,,0.8207,17.674,0,0
ST-000268,SaaS,Series A,12,17,7.5,18.963,121.629,9.733,10.93,78.61,8.12,2.3497,2.1727,568.34,2,1
ST-000269,SaaS,Pre-seed,2,29,5.91,1.428,6.317,0.53,-5.15,92.53,11.73,0.1752,0.4722,16.491,0,0
ST-000270,SaaS,Pre-seed,2,14,6.41,3.088,16.312,1.385,10.37,96.0,4.64,0.584,1.4716,18.018,0,1
ST-000271,SaaS,Seed,5,27,7.77,4.579,69.28,1.261,0.2,96.0,9.36,0.1714,0.4414,324.547,2,0
ST-000272,SaaS,Pre-seed,4,10,7.62,17.537,221.121,2.979,10.92,96.0,3.25,0.6214,1.7572,3.244,0,1
ST-000273,SaaS,Seed,3,22,18.01,4.498,49.379,2.379,19.56,69.37,4.94,0.3845,1.0373,158.899,1,0
ST-000274,Healthtech,Pre-seed,6,24,7.56,10.62,37.853,2.531,24.83,76.2,8.27,2.2312,1.1924,43.294,1,1
ST-000275,D2C,Pre-seed,3,22,19.89,9.387,172.449,3.51,15.63,48.96,4.11,0.0378,0.2517,16.719,0,0
ST-000276,Edtech,Seed,5,25,17.73,14.768,392.141,4.195,17.74,68.1,3.15,1.4327,2.1486,58.818,1,0
ST-000277,Fintech,Pre-seed,5,10,16.25,3.396,27.846,1.335,-20.47,60.08,31.08,0.2867,0.4474,37.392,0,1
ST-000278,Edtech,Seed,6,9,14.45,23.848,115.735,13.491,13.74,62.85,,0.3729,0.8898,104.613,1,0
ST-000279,Deeptech,Seed,10,8,3.95,48.766,1177.529,22.54,19.85,33.74,7.64,0.0493,0.1543,282.311,0,0
ST-000280,Agritech,Pre-seed,2,11,15.08,4.623,152.882,0.804,15.33,58.12,5.01,,1.9076,6.859,0,0
ST-000281,SaaS,Seed,3,14,17.77,5.285,83.953,1.459,46.7,79.75,9.33,0.3177,0.276,96.116,1,0
ST-000282,SaaS,Pre-seed,3,20,20.66,2.076,10.635,0.828,11.45,76.29,5.12,,0.4095,13.822,0,0
ST-000283,SaaS,Pre-seed,4,16,2.31,5.418,19.323,2.095,-10.81,96.0,15.81,0.0618,0.1133,2.182,0,1
ST-000284,Fintech,Pre-seed,2,6,17.23,5.457,78.307,2.318,16.99,,4.84,0.5325,1.4846,7.528,0,0
ST-000285,Healthtech,Series A,4,35,2.37,19.373,79.409,7.364,1.94,52.83,9.14,,0.1644,661.213,2,1
ST-000286,Edtech,Seed,7,21,13.26,2.464,9.266,0.975,-20.72,66.8,20.89,0.0101,0.0662,115.81,1,0
ST-000287,SaaS,Seed,4,12,11.84,7.566,85.762,2.893,9.1,96.0,4.59,0.4265,1.6847,85.625,1,0
ST-000288,Fintech,Series A,4,16,,43.54,1287.219,32.72,44.99,66.56,6.67,0.2039,0.3258,507.633,1,0
ST-000289,Healthtech,Pre-seed,7,34,9.51,8.325,221.441,1.914,9.25,71.88,25.44,0.0514,0.3199,10.721,0,0
ST-000290,SaaS,Series A,7,11,8.24,10.505,102.684,8.258,36.75,74.06,2.91,0.7615,2.6996,1102.858,2,0
ST-000291,Agritech,Seed,13,40,12.31,6.285,14.089,2.708,30.57,57.44,6.01,0.1884,0.7342,293.379,1,0
ST-000292,SaaS,Series A,10,19,9.25,4.917,9.97,1.214,63.7,84.27,5.05,0.1658,0.6779,1014.347,3,0
ST-000293,Deeptech,Series A,12,20,11.24,13.589,185.413,2.387,23.53,,2.59,1.6337,2.9495,847.464,3,0
ST-000294,SaaS,Series A,9,26,7.27,11.08,267.688,9.391,15.61,76.63,7.87,0.033,0.2453,1572.976,3,0
ST-000295,Agritech,Pre-seed,1,5,32.23,5.599,20.897,4.86,18.88,48.89,3.87,0.2978,,4.914,1,0
ST-000296,Deeptech,Seed,3,21,11.44,6.887,196.018,0.822,21.35,37.25,3.36,0.0916,0.6751,224.114,1,0
ST-000297,Deeptech,Series A,9,32,,10.406,206.854,2.64,8.54,40.24,12.71,0.4168,0.2134,637.387,3,0
ST-000298,Agritech,Seed,8,14,6.17,11.73,92.561,6.318,4.82,34.87,7.55,0.1866,0.4399,168.629,1,0
ST-000299,Agritech,Pre-seed,1,15,,2.618,22.374,0.701,26.68,35.22,9.84,,0.6758,75.291,0,0
ST-000300,D2C,Series A,10,58,,8.123,27.148,5.174,0.71,44.87,12.26,0.1776,0.3328,1965.665,2,1
ST-000301,Agritech,Pre-seed,2,25,18.99,6.37,71.844,5.27,-22.21,46.44,21.7,0.0478,0.1109,9.706,0,0
ST-000302,SaaS,Seed,7,11,8.91,10.281,45.884,7.46,-12.02,70.38,18.76,0.1862,0.4204,63.327,1,1
ST-000303,Healthtech,Seed,6,14,2.06,76.36999999999999,122.819,4.553,50.08,76.19,7.89,0.2945,1.6266,257.997,2,0
ST-000304,Healthtech,Pre-seed,6,13,4.79,3.594,35.015,0.639,10.3,59.98,5.33,0.3461,1.7487,8.119,0,0
ST-000305,Agritech,Seed,12,31,,8.934,93.771,1.88,31.63,61.75,4.04,0.4516,1.305,99.178,2,0
ST-000306,Edtech,Pre-seed,5,8,1.94,5.003,10.488,1.59,2.35,50.72,12.86,,0.3436,37.722,0,1
ST-000307,Fintech,Seed,11,27,7.89,11.594,110.832,7.952,34.17,72.57,25.05,0.1209,,147.47,0,0
ST-000308,D2C,Series A,8,31,,16.21,297.087,8.076,22.45,,1.95,0.4863,4.1404,1551.788,2,0
ST-000309,Fintech,Pre-seed,22,16,6.83,3.365,91.21,1.018,58.81,72.33,2.62,0.6228,1.8379,10.874,1,0
ST-000310,SaaS,Seed,3,31,15.61,4.985,30.079,1.505,43.15,77.04,2.86,0.314,2.2543,35.121,0,0
ST-000311,Edtech,Pre-seed,3,9,,3.0,31.114,1.65,32.45,63.81,,0.2904,1.2618,38.535,1,0
ST-000312,Edtech,Series A,18,39,,6.235,96.893,3.054,1.64,70.67,,0.0695,0.2358,1258.556,3,0
ST-000313,SaaS,Series A,16,8,5.34,6.513,15.929,4.888,-10.69,82.57,18.02,0.2485,,1425.581,3,1
ST-000314,Fintech,Pre-seed,5,8,4.89,4.882,34.697,0.666,14.05,79.96,,1.1191,5.7593,15.914,0,0
ST-000315,Fintech,Seed,9,6,2.41,20.338,70.589,14.967,15.9,57.59,3.9,6.2399,4.6952,48.976,0,1
ST-000316,Fintech,Seed,2,12,4.1,2.243,10.354,0.805,6.91,78.53,6.19,0.4877,0.9954,200.225,1,1
ST-000317,Fintech,Seed,17,27,1.66,7.525,50.654,4.196,30.31,71.19,,0.5731,0.5448,226.776,0,1
ST-000318,D2C,Seed,5,23,1.55,9.44,74.677,2.014,17.13,50.13,4.86,0.1171,0.5111,244.997,2,0
ST-000319,Fintech,Seed,13,21,6.72,21.589,204.312,12.079,15.45,65.95,2.3,0.2019,0.3578,103.721,1,1
ST-000320,Deeptech,Seed,2,11,5.71,41.854,887.392,8.678,47.51,69.62,5.94,0.7823,2.7683,142.84,1,0
ST-000321,Deeptech,Pre-seed,5,15,28.13,4.966,84.883,1.768,19.2,48.2,2.92,1.1633,0.6874,7.068,1,0
ST-000322,Edtech,Pre-seed,3,30,4.24,14.047,264.593,5.575,-11.46,54.3,,0.0208,0.086,11.819,0,0
ST-000323,Fintech,Series A,14,15,6.39,26.526,257.713,12.173,35.5,68.22,9.51,0.1681,0.6692,2374.2,3,0
ST-000324,Healthtech,Pre-seed,5,9,10.03,8.319,69.262,0.645,21.4,55.36,3.89,0.8932,1.06,15.537,0,1
ST-000325,Agritech,Seed,8,12,16.32,3.157,11.378,2.177,9.78,55.17,7.71,1.6028,2.599,12.687,1,0
ST-000326,D2C,Pre-seed,2,17,20.19,5.614,107.653,1.185,-3.08,68.82,11.03,0.1213,0.6699,12.833,0,0
ST-000327,Agritech,Series A,10,30,10.12,24.904,660.567,13.595,40.49,52.8,5.77,0.8018,2.2192,1611.102,3,0
ST-000328,Healthtech,Seed,6,29,7.98,5.398,147.524,2.68,51.0,65.13,11.25,0.1834,0.7377,236.958,1,0
ST-000329,D2C,Pre-seed,5,13,5.12,0.62,7.053,0.3,2.88,65.34,9.96,0.4319,0.3165,19.713,1,0
ST-000330,Fintech,Pre-seed,7,12,9.27,5.797,36.196,2.481,23.25,72.16,4.06,4.1323,8.5865,10.833,0,1
ST-000331,D2C,Seed,7,13,19.19,6.646,32.666,2.737,24.72,59.59,2.33,1.4215,6.4181,215.466,1,0
ST-000332,SaaS,Series A,5,29,9.05,37.258,163.711,13.286,-22.61,78.96,24.99,0.2524,0.3636,576.776,4,1
ST-000333,D2C,Seed,7,7,11.63,5.266,11.454,3.774,14.58,47.31,6.61,0.8101,1.2296,107.409,0,1
ST-000334,Agritech,Seed,31,17,15.08,4.092,122.12,1.097,-21.07,44.57,21.91,0.0863,,153.189,1,0
ST-000335,SaaS,Seed,17,17,11.0,3.179,43.166,1.233,15.12,,4.77,1.1584,1.6288,155.449,1,1
ST-000336,Healthtech,Pre-seed,1,23,12.34,2.941,164.536,0.961,64.52,68.22,9.59,0.1318,0.7702,32.532,0,0
ST-000337,SaaS,Seed,6,8,10.78,50.411,456.156,19.431,-14.93,89.77,16.81,0.5163,1.9134,19.941,2,1
ST-000338,D2C,Pre-seed,7,24,3.92,1.292,15.149,0.338,56.4,52.65,,0.6223,1.4383,19.908,0,1
ST-000339,SaaS,Pre-seed,3,20,9.42,1.475,17.633,0.562,54.3,80.38,14.35,0.0461,0.4206,41.03,0,0
ST-000340,Deeptech,Seed,5,46,10.14,11.014,237.363,1.909,15.38,63.98,5.24,0.5061,1.0884,99.013,1,0
ST-000341,SaaS,Series A,9,47,23.98,58.656,229.838,37.798,24.82,96.0,4.11,0.1712,0.5512,1776.236,3,0
ST-000342,Deeptech,Series A,14,38,5.18,37.419,488.886,14.132,8.05,59.36,5.52,0.7015,0.8997,452.242,2,0
ST-000343,Agritech,Series A,5,6,9.83,39.817,1026.638,20.051,4.61,37.33,7.14,0.2752,0.6246,1058.163,4,0
ST-000344,Healthtech,Seed,13,9,6.69,6.72,314.229,1.42,19.77,,5.11,0.2855,1.0446,83.186,1,0
ST-000345,Agritech,Pre-seed,4,27,22.71,1.304,7.49,0.235,0.73,54.62,18.46,0.0725,0.2594,13.552,0,1
ST-000346,Agritech,Seed,3,17,17.55,4.919,71.782,2.031,25.44,42.49,6.43,,0.3045,125.796,1,0
ST-000347,Deeptech,Series A,20,47,9.7,20.055,346.524,2.893,14.87,52.46,5.63,1.3742,1.3734,1508.784,3,0
ST-000348,Fintech,Seed,2,19,0.47,10.054,72.581,6.643,-6.91,62.16,14.52,0.2802,0.6866,131.832,1,0
ST-000349,Healthtech,Seed,4,26,18.05,7.601,138.024,5.16,30.4,67.35,2.03,0.8824,2.6533,157.955,1,0
ST-000350,SaaS,Seed,4,25,2.56,11.306,446.302,5.32,30.95,96.0,4.73,2.5227,,227.739,2,0
ST-000351,Healthtech,Seed,24,19,1.72,5.311,78.485,3.07,39.08,46.6,2.92,0.1245,1.1786,215.541,1,0
ST-000352,SaaS,Series A,7,36,15.66,7.26,46.336,2.534,3.93,,15.85,0.1962,0.559,1344.405,4,1
ST-000353,Healthtech,Seed,2,27,11.96,3.725,15.323,0.893,37.11,73.77,,4.3729,2.7229,48.972,1,1
ST-000354,Healthtech,Seed,4,9,11.22,10.277,127.767,2.085,61.0,65.93,2.31,0.2066,0.6314,103.818,1,0
ST-000355,Edtech,Pre-seed,5,49,,3.663,92.655,0.385,17.62,64.71,1.84,2.2865,1.8637,5.88,0,0
ST-000356,Healthtech,Seed,10,9,2.2,19.456,181.005,7.642,17.99,71.37,3.19,0.549,0.6542,35.896,1,1
ST-000357,D2C,Pre-seed,16,9,0.63,12.337,173.343,2.97,31.25,48.62,0.93,,2.6276,35.448,0,1
ST-000358,Agritech,Series A,24,30,,5.459,298.394,2.618,-31.48,50.22,26.44,0.3442,0.3523,1357.255,2,0
ST-000359,Edtech,Seed,7,23,3.01,6.613,139.393,2.298,-13.19,47.09,17.82,0.0761,,92.005,1,1
ST-000360,Healthtech,Seed,4,29,12.52,7.648,103.045,1.707,3.93,68.05,6.53,0.0594,0.2399,62.319,1,0
ST-000361,Deeptech,Pre-seed,11,13,,1.977,5.942,0.917,9.84,73.34,9.28,0.1025,0.221,10.513,0,1
ST-000362,SaaS,Seed,5,24,9.87,5.052,109.525,1.808,17.86,66.64,4.54,0.7777,1.3431,123.769,1,0
ST-000363,SaaS,Seed,4,13,3.79,22.827,434.956,5.968,21.11,72.26,4.57,0.9696,2.0105,181.214,1,0
ST-000364,SaaS,Pre-seed,3,16,14.75,2.446,47.986,0.66,-11.83,76.82,19.71,0.0424,,12.656,0,0
ST-000365,D2C,Series A,5,44,10.87,8.361,41.087,4.645,38.2,44.92,9.64,,0.0745,671.62,2,0
ST-000366,Edtech,Pre-seed,3,6,9.27,3.27,25.427,2.14,24.0,59.1,2.77,1.003,0.9447,6.058,0,0
ST-000367,Agritech,Seed,5,33,4.32,13.106,208.755,6.628,16.76,65.93,2.17,1.2445,7.6466,113.66,0,0
ST-000368,D2C,Pre-seed,6,14,2.45,3.252,9.102,1.506,27.3,69.93,4.01,0.7993,1.4034,16.476,0,1
ST-000369,Fintech,Seed,5,11,11.23,10.936,155.484,2.428,2.58,70.41,,0.0307,0.0671,140.133,1,0
ST-000370,Deeptech,Seed,3,11,5.48,2.211,48.714,1.652,10.49,50.67,3.92,0.4278,0.5261,207.802,2,0
ST-000371,D2C,Series A,4,20,8.85,22.44,164.854,13.693,-8.74,49.74,18.72,0.0249,0.0426,667.785,3,1
ST-000372,Fintech,Pre-seed,4,29,8.48,6.106,130.996,3.049,-29.28,55.63,22.66,,0.1284,24.17,1,0
ST-000373,Fintech,Series A,11,28,8.09,36.128,484.7,13.503,9.04,65.64,6.0,0.3687,0.8924,1978.702,3,0
ST-000374,Fintech,Seed,4,8,17.68,2.6,33.26,0.771,51.72,73.98,3.58,0.1934,1.3729,325.226,1,0
ST-000375,SaaS,Pre-seed,3,27,8.21,3.103,62.631,0.972,5.06,89.16,9.68,0.4679,0.5161,14.914,0,1
ST-000376,SaaS,Pre-seed,5,25,,7.723,50.29,1.287,-15.69,,18.74,0.7868,1.6479,40.327,0,1
ST-000377,Deeptech,Pre-seed,9,4,13.09,4.004,16.149,1.134,28.86,52.8,2.98,2.6472,1.5664,44.89,0,0
ST-000378,Edtech,Series A,6,13,12.79,12.922,110.194,7.501,3.95,68.4,7.64,0.3251,0.5165,1956.746,1,0
ST-000379,Fintech,Pre-seed,4,31,,3.877,62.7,0.224,26.18,64.09,2.69,,3.1657,12.101,0,0
ST-000380,D2C,Seed,11,19,4.35,5.88,93.911,2.043,29.38,57.62,5.71,0.2198,1.3493,216.892,0,0
ST-000381,Healthtech,Seed,4,32,,20.546,352.244,3.598,4.86,67.54,6.2,0.171,1.1085,241.78,1,0
ST-000382,Deeptech,Series A,10,5,3.15,7.873,51.04,3.453,22.71,76.2,5.28,4.5756,8.2266,1685.169,2,1
ST-000383,Agritech,Seed,6,3,10.91,6.556,125.737,1.524,14.76,55.57,6.3,0.2023,0.3805,133.0,1,0
ST-000384,Edtech,Seed,3,27,20.81,7.795,59.58,6.15,-25.83,57.56,25.49,0.3521,0.432,34.803,1,1
ST-000385,Fintech,Pre-seed,4,10,12.98,10.232,430.441,0.307,5.98,54.65,10.28,0.4665,0.9462,8.035,0,0
ST-000386,Deeptech,Series A,10,32,21.54,20.095,472.269,10.936,-3.42,,13.48,0.0229,0.1133,673.493,2,0
ST-000387,D2C,Pre-seed,5,27,8.89,8.137,142.642,3.663,-14.67,22.33,15.47,0.0411,0.1624,18.325,0,0
ST-000388,Deeptech,Pre-seed,2,11,8.87,5.748,54.475,1.722,-0.79,53.5,9.16,0.13,0.2151,9.403,0,1
ST-000389,SaaS,Series A,10,22,9.59,15.426,140.846,6.276,28.1,75.54,3.02,1.0691,1.9924,410.804,2,1
ST-000390,Agritech,Pre-seed,9,13,11.63,3.763,31.641,1.991,17.29,43.13,4.81,0.8835,1.686,12.148,0,0
ST-000391,D2C,Pre-seed,14,10,11.17,6.492,80.837,2.98,-21.97,49.5,,0.0995,0.1604,42.968,0,1
ST-000392,SaaS,Seed,14,22,,10.914,319.591,1.577,-7.83,70.56,12.85,0.0304,0.0814,114.683,1,0
ST-000393,Healthtech,Pre-seed,2,26,8.36,2.077,7.368,0.654,17.32,45.57,4.18,0.3949,1.47,18.779,0,0
ST-000394,D2C,Pre-seed,5,9,17.31,4.735,28.236,2.858,16.94,53.33,10.03,,0.1248,66.635,1,0
ST-000395,SaaS,Seed,5,12,3.74,10.906,252.464,5.935,8.77,77.9,3.81,0.4662,1.0807,80.52,1,0
ST-000396,Edtech,Seed,7,14,9.58,18.627,141.576,5.799,31.32,70.62,12.08,0.3026,1.0939,42.614,1,0
ST-000397,Agritech,Seed,4,26,11.49,3.288,18.901,1.639,23.25,53.85,7.17,0.1989,0.2372,189.525,1,1
ST-000398,Fintech,Pre-seed,1,27,11.49,7.674,171.64,2.622,5.0,73.76,6.69,0.4846,1.1946,17.262,0,0
ST-000399,Edtech,Seed,5,16,2.39,5.062,102.522,0.723,1.32,69.28,9.23,0.1582,,49.64,1,1
ST-000400,Edtech,Series A,16,7,3.66,14.301,188.39,7.073,9.77,73.33,14.45,0.0201,0.0714,984.155,1,0
ST-000401,Fintech,Pre-seed,5,7,16.91,2.404,41.278,0.498,-26.75,86.57,22.34,0.0535,0.1691,3.738,0,0
ST-000402,Deeptech,Pre-seed,5,12,16.73,5.922,36.472,3.929,23.13,61.58,7.58,0.1033,0.3719,24.575,0,0
ST-000403,Agritech,Pre-seed,4,9,8.62,4.465,39.813,2.554,-9.39,58.09,26.59,0.03,0.063,19.375,0,1
ST-000404,SaaS,Seed,8,8,10.48,3.675,43.836,1.195,40.9,83.16,4.88,0.7054,1.2982,300.059,2,0
ST-000405,Deeptech,Pre-seed,5,16,4.03,16.969,165.688,1.456,-18.95,37.12,19.83,0.141,0.1484,17.933,0,1
ST-000406,Deeptech,Seed,5,62,2.92,3.768,34.759,1.428,23.26,56.46,18.02,0.0648,0.1707,135.554,0,1
ST-000407,Fintech,Series A,11,13,1.8,28.139,164.329,11.366,-27.82,82.73,21.77,0.098,0.2114,385.094,2,1
ST-000408,Agritech,Pre-seed,11,18,2.87,0.618,5.215,0.043,3.44,57.3,9.05,0.1401,0.7838,20.677,0,0
ST-000409,SaaS,Seed,7,25,10.48,6.15,44.55,2.638,23.81,76.64,6.4,0.1561,0.323,183.532,1,0
ST-000410,Deeptech,Pre-seed,4,22,7.75,8.445,16.661,4.743,36.26,62.05,2.04,3.4546,5.5954,7.246,1,1
ST-000411,D2C,Pre-seed,4,15,9.23,6.766,122.314,2.468,35.21,,2.55,0.1971,0.6565,20.628,0,0
ST-000412,D2C,Seed,5,9,,7.192,80.744,5.178,29.93,55.57,3.59,0.9434,0.8892,128.372,1,0
ST-000413,SaaS,Seed,5,30,3.57,6.209,153.25,3.965,32.26,76.63,6.34,0.163,0.4526,121.518,0,0
ST-000414,Deeptech,Series A,11,8,10.91,33.01,122.794,22.187,32.54,59.85,3.77,0.3213,0.4932,666.343,3,1
ST-000415,SaaS,Seed,5,17,18.34,14.651,71.717,5.998,3.61,70.78,8.78,1.233,1.2873,81.677,1,1
ST-000416,Fintech,Pre-seed,4,13,3.62,14.061,200.691,9.405,8.85,,9.38,0.1207,0.3023,17.28,0,0
ST-000417,SaaS,Seed,4,9,8.16,2.917,12.659,1.4,29.56,55.56,7.09,1.7751,0.8644,85.993,1,1
ST-000418,Agritech,Pre-seed,4,11,13.36,3.071,34.66,0.644,39.83,47.23,1.52,0.9426,3.1516,21.294,0,0
ST-000419,SaaS,Series A,14,30,16.7,2.917,31.267,1.006,10.45,,6.3,0.2983,0.7262,950.312,2,0
ST-000420,Deeptech,Seed,5,17,11.75,4.279,202.513,0.484,3.81,49.95,10.81,0.5131,0.7984,53.884,1,0
ST-000421,D2C,Pre-seed,1,5,4.02,2.44,28.548,1.248,4.6,12.0,,0.0274,0.1165,15.714,1,0
ST-000422,SaaS,Seed,9,28,,13.774,113.37,8.031,-2.41,74.38,13.7,0.025,0.08,46.749,1,0
ST-000423,SaaS,Seed,7,46,6.71,5.227,41.417,3.452,24.83,84.83,,0.5015,0.5047,74.111,1,1
ST-000424,SaaS,Seed,3,8,7.5,6.001,30.711,2.829,38.76,72.12,6.04,2.0952,7.0827,70.166,1,0
ST-000425,Healthtech,Pre-seed,6,15,16.71,5.745,41.491,1.456,26.64,68.04,,0.3489,1.1175,29.87,0,0
ST-000426,Agritech,Pre-seed,2,15,6.26,2.19,8.847,0.943,16.08,61.83,5.79,0.4372,0.7541,15.623,0,1
ST-000427,SaaS,Pre-seed,7,6,3.53,0.917,12.251,0.409,56.73,,1.3,5.286,,13.785,0,0
ST-000428,Agritech,Pre-seed,4,31,4.76,2.074,41.761,0.353,16.61,56.16,11.33,0.1641,1.0964,52.123,0,0
ST-000429,SaaS,Seed,2,19,11.68,6.774,36.281,2.538,44.26,84.87,10.77,0.0974,0.2927,199.393,2,0
ST-000430,Agritech,Pre-seed,4,26,8.55,4.972,39.705,2.131,-6.06,57.93,19.01,0.2243,0.2318,22.2,0,1
ST-000431,Deeptech,Pre-seed,3,19,7.57,5.153,44.847,4.163,21.38,50.51,5.39,0.2811,0.7027,38.136,0,0
ST-000432,Agritech,Seed,4,35,16.99,9.412,38.588,4.527,-5.28,42.47,15.26,0.0828,0.0706,134.778,0,1
ST-000433,D2C,Pre-seed,2,18,1.0,7.882,136.747,2.425,-2.47,38.76,12.37,0.0624,0.2009,30.658,0,1
ST-000434,Agritech,Series A,9,18,15.05,29.178,125.585,21.134,-3.09,59.3,13.27,0.2469,0.3946,1304.688,2,1
ST-000435,SaaS,Seed,5,25,0.39,8.365,11.874,7.492,16.78,,11.05,0.2492,0.4242,75.525,1,1
ST-000436,SaaS,Pre-seed,1,9,14.54,1.701,12.687,0.977,7.25,78.63,4.07,5.1913,6.5601,12.006,0,0
ST-000437,SaaS,Seed,14,26,9.5,3.015,48.011,1.352,-27.99,77.16,25.65,0.2174,0.4043,87.343,1,0
ST-000438,Edtech,Pre-seed,3,8,9.09,1.481,21.584,0.955,7.84,68.8,5.08,0.4889,1.3132,22.17,0,0
ST-000439,D2C,Series A,6,21,9.23,6.854,115.133,4.082,0.86,54.73,7.91,0.3502,0.5309,494.544,3,0
ST-000440,D2C,Seed,3,16,14.53,8.334,64.587,2.006,-21.23,54.73,20.59,0.2492,0.352,176.697,1,1
ST-000441,Agritech,Seed,10,21,3.43,26.458,1523.656,8.505,25.01,32.19,2.42,0.3458,0.8388,379.544,1,0
ST-000442,SaaS,Series A,5,43,,16.487,171.545,8.289,27.97,85.66,2.42,,0.8287,983.522,2,1
ST-000443,D2C,Series A,11,16,14.81,13.99,104.381,3.434,26.95,47.35,1.91,0.3759,0.7397,519.727,2,0
ST-000444,SaaS,Series A,7,34,7.88,28.291,573.069,15.282,49.77,83.76,,1.3595,2.0075,405.817,2,0
ST-000445,Fintech,Pre-seed,3,31,5.31,2.868,33.071,1.307,-6.56,64.15,15.72,0.6433,0.7993,15.049,0,1
ST-000446,D2C,Pre-seed,2,25,1.97,8.577,458.932,3.43,-6.05,39.05,16.73,0.0596,0.1263,11.684,0,0
ST-000447,Deeptech,Seed,4,21,35.0,22.992,737.366,12.381,14.78,68.49,15.75,0.1752,0.6453,132.491,1,0
ST-000448,Healthtech,Seed,6,21,9.2,9.252,62.512,6.016,13.0,60.61,3.95,0.7367,1.6179,179.135,2,0
ST-000449,SaaS,Seed,7,13,,33.365,132.86,11.24,18.31,95.27,7.94,1.1468,2.1679,41.24,1,1
ST-000450,Healthtech,Seed,4,7,3.86,19.792,128.936,11.637,33.06,62.5,5.55,0.4016,0.365,611.973,2,1
ST-000451,SaaS,Pre-seed,4,16,5.56,3.986,6.951,0.897,11.63,81.78,5.64,0.2715,0.4585,5.9,0,1
ST-000452,Deeptech,Pre-seed,7,33,,5.392,55.11,2.524,38.69,50.23,,1.4183,2.302,28.744,0,1
ST-000453,D2C,Seed,2,40,3.86,5.685,142.542,2.782,-0.7,47.68,14.05,0.0285,0.0693,216.157,2,0
ST-000454,SaaS,Pre-seed,4,5,5.36,3.511,18.267,2.317,6.35,,9.31,0.4168,0.988,18.685,0,1
ST-000455,SaaS,Seed,3,40,13.47,6.867,98.102,3.013,-7.83,,13.49,0.1408,1.4695,134.648,1,0
ST-000456,SaaS,Seed,3,26,6.5,5.871,123.374,1.694,-48.0,84.18,35.82,0.1331,0.2422,49.798,1,0
ST-000457,Deeptech,Seed,7,24,,9.818,395.499,2.248,-21.25,75.8,19.43,0.2204,0.8549,35.279,1,0
ST-000458,Edtech,Seed,4,37,2.69,2.755,35.738,1.283,34.29,53.73,7.03,0.3973,1.5705,90.672,1,0
ST-000459,Agritech,Seed,3,32,3.18,4.516,41.639,3.046,38.65,41.66,5.35,0.3146,1.0881,74.773,1,0
ST-000460,D2C,Seed,14,10,,2.457,15.43,1.7,-11.36,51.29,12.9,0.1705,0.3938,160.221,1,1
ST-000461,Healthtech,Pre-seed,7,9,8.11,6.238,265.467,0.879,36.56,44.13,4.61,0.0259,0.3082,41.259,0,0
ST-000462,SaaS,Seed,2,6,8.88,7.827,40.395,4.124,-35.5,87.61,31.38,0.0537,0.0712,115.108,1,1
ST-000463,Deeptech,Seed,2,23,9.49,10.485,435.285,7.588,-6.16,49.18,13.36,0.0744,0.2346,183.384,1,0
ST-000464,Fintech,Pre-seed,6,8,,9.857,71.303,4.383,7.18,63.01,8.02,0.0399,0.147,13.639,0,0
ST-000465,Healthtech,Seed,5,14,5.28,4.762,24.426,2.319,37.63,72.3,3.79,2.8374,2.2416,125.59,1,1
ST-000466,D2C,Series A,26,40,2.22,8.908,171.946,5.355,51.93,34.16,,3.9906,3.6681,4462.876,4,0
ST-000467,D2C,Pre-seed,6,21,13.72,1.394,19.83,0.518,7.27,26.06,10.94,0.036,0.1847,18.753,0,0
ST-000468,Deeptech,Seed,8,26,9.82,23.923,95.129,3.176,14.06,34.68,,0.3153,0.8817,31.542,1,1
ST-000469,SaaS,Series A,5,60,13.12,21.889,223.685,16.958,35.85,85.1,2.56,0.9256,,3128.342,2,0
ST-000470,Edtech,Series A,14,3,9.8,32.442,88.204,14.595,61.2,76.23,1.41,0.7238,3.6681,213.123,3,0
ST-000471,Edtech,Pre-seed,2,9,5.7,10.608,497.677,2.369,41.95,55.17,3.21,0.6602,1.3526,3.934,0,0
ST-000472,Edtech,Seed,14,16,5.7,4.79,15.258,2.227,-9.91,78.66,13.16,0.088,0.3733,126.748,1,1
ST-000473,SaaS,Series A,13,15,4.83,8.482,111.836,4.156,32.39,81.23,2.11,0.5639,3.9076,384.339,3,0
ST-000474,SaaS,Seed,4,30,18.68,2.028,27.709,1.013,1.93,82.36,7.51,0.2462,0.4996,213.697,1,0
ST-000475,Fintech,Pre-seed,6,14,,2.362,45.112,0.929,46.42,78.08,2.82,3.4849,2.2802,40.199,0,0
ST-000476,Fintech,Pre-seed,15,7,12.14,4.121,12.895,2.241,30.29,48.29,2.71,1.376,1.9115,46.755,0,1
ST-000477,Edtech,Seed,5,22,7.07,1.474,18.207,0.916,-5.98,73.99,19.78,1.2733,0.7946,82.084,0,1
ST-000478,Healthtech,Seed,9,24,,4.082,21.603,1.898,38.71,42.58,1.92,1.3941,1.7772,86.255,1,0
ST-000479,D2C,Pre-seed,3,8,10.93,3.816,55.167,1.088,28.11,29.94,6.99,0.0363,0.2049,15.393,0,0
ST-000480,Edtech,Pre-seed,4,14,2.72,6.459,15.305,2.222,25.37,50.68,6.82,0.3497,0.4989,49.926,0,1
ST-000481,Edtech,Seed,2,25,11.87,3.88,59.562,1.744,16.13,73.17,7.14,0.9733,1.0852,289.162,1,0
ST-000482,SaaS,Seed,6,36,4.89,8.102,308.905,0.87,4.5,88.81,8.46,0.0629,0.3955,46.979,1,0
ST-000483,Healthtech,Series A,10,15,0.54,64.99,811.811,9.383,26.96,72.16,10.42,0.1491,0.3013,566.558,2,1
ST-000484,Fintech,Seed,19,26,21.68,2.718,31.429,1.185,61.73,66.97,5.0,0.4144,1.1017,109.596,1,0
ST-000485,SaaS,Series A,3,17,13.96,30.933,662.041,9.629,54.07,77.23,4.42,0.2534,0.2855,3519.038,3,0
ST-000486,Edtech,Series A,8,24,2.45,16.384,280.043,5.62,10.13,71.85,10.73,0.0889,0.4529,900.76,2,0
ST-000487,Edtech,Pre-seed,9,8,15.47,8.449,15.877,6.49,-27.18,64.69,23.33,0.0632,0.1483,7.493,0,1
ST-000488,SaaS,Seed,5,26,,14.823,75.302,2.378,4.0,83.56,5.83,0.4336,1.6546,202.991,1,1
ST-000489,Healthtech,Pre-seed,3,28,,2.871,21.142,1.045,20.07,61.45,6.69,0.3994,0.3556,7.264,0,1
ST-000490,Healthtech,Series A,6,21,8.03,17.007,285.013,3.283,19.99,61.63,9.38,0.0665,0.3531,886.559,2,0
ST-000491,D2C,Pre-seed,2,13,8.41,1.415,7.144,0.89,35.87,69.61,,0.3018,0.8506,4.379,1,0
ST-000492,D2C,Seed,2,16,8.89,5.324,57.405,3.188,30.75,57.19,4.05,0.4369,0.6202,163.291,1,1
ST-000493,D2C,Series A,7,11,,15.178,443.901,6.79,29.56,52.52,5.82,0.1848,0.3206,668.272,2,0
ST-000494,Fintech,Pre-seed,2,24,3.77,6.48,41.127,3.627,3.7,63.03,11.41,0.1551,0.2511,11.033,0,0
ST-000495,Agritech,Series A,11,40,,22.989,142.576,6.966,3.02,51.92,,0.0418,0.1127,326.803,2,0
ST-000496,Healthtech,Pre-seed,2,9,12.09,14.469,241.055,2.598,-5.71,73.05,10.03,0.1042,0.2571,22.373,1,0
ST-000497,Edtech,Seed,5,22,3.07,4.752,99.329,3.283,20.96,68.26,4.62,0.2658,1.7089,175.92,1,0
ST-000498,Healthtech,Seed,5,25,5.37,20.218,316.622,6.16,33.67,57.84,9.13,0.2452,0.1495,90.375,2,1
ST-000499,Fintech,Pre-seed,4,11,21.87,6.313,56.171,0.189,39.45,48.92,2.59,0.1845,0.6245,20.14,0,0
ST-000500,Healthtech,Seed,4,40,2.39,3.459,40.016,0.759,-37.17,58.21,25.98,0.1679,0.1338,175.133,1,1
ST-000501,D2C,Series A,5,26,11.81,13.336,140.888,2.841,23.88,54.79,5.62,0.1028,1.2091,1131.815,2,0
ST-000502,Deeptech,Pre-seed,4,5,,6.499,71.986,4.795,-4.88,43.4,12.47,0.0165,0.1,9.726,0,0
ST-000503,Deeptech,Seed,12,34,4.73,6.27,9.825,3.984,27.89,73.37,3.35,0.4448,0.9887,348.049,1,1
ST-000504,Edtech,Series A,11,5,8.06,5.888,81.705,2.22,-8.02,68.97,19.43,0.2372,0.7134,534.99,2,0
ST-000505,Healthtech,Seed,4,18,11.12,4.092,38.234,1.555,30.92,77.68,3.39,0.7956,1.9019,44.094,1,1
ST-000506,Agritech,Pre-seed,4,12,9.09,2.4,57.003,0.45,3.4,50.38,10.28,0.3871,0.5921,42.834,1,0
ST-000507,Fintech,Series A,3,32,3.25,10.253,46.75,4.931,0.85,43.04,13.49,0.0752,0.1067,419.25,2,1
ST-000508,Agritech,Pre-seed,4,11,21.29,8.606,38.899,2.716,33.87,46.86,4.43,0.2164,0.4824,12.261,0,0
ST-000509,Edtech,Seed,5,39,12.98,1.113,18.584,0.314,3.92,58.87,12.03,1.8974,0.766,476.42,2,1
ST-000510,SaaS,Seed,3,34,17.61,8.005,123.367,7.063,35.63,71.72,7.37,0.1733,0.9305,57.799,1,0
ST-000511,SaaS,Seed,4,42,7.77,10.809,98.242,4.139,31.08,86.41,5.56,0.2548,1.7695,93.364,2,0
ST-000512,Agritech,Pre-seed,3,47,13.57,1.774,16.887,0.53,14.66,41.13,4.02,0.6529,,8.036,0,0
ST-000513,SaaS,Pre-seed,7,21,17.74,3.264,17.356,1.235,7.48,65.24,13.64,0.1136,0.6638,7.675,0,0
ST-000514,Fintech,Seed,12,19,10.46,7.797,103.553,1.975,42.3,60.1,8.46,0.2401,0.3938,32.916,1,1
ST-000515,Fintech,Pre-seed,2,11,10.24,4.925,18.705,2.457,34.43,76.19,7.67,0.2066,0.3274,5.129,0,0
ST-000516,SaaS,Seed,5,27,11.67,11.909,41.198,5.475,49.99,78.09,5.17,0.255,0.6657,111.901,1,0
ST-000517,Fintech,Seed,5,52,11.62,15.074,289.456,4.531,-21.1,57.02,19.54,0.0492,0.1581,372.295,1,0
ST-000518,D2C,Seed,10,7,10.63,5.037,31.23,2.315,9.43,42.48,2.86,0.1566,0.2067,248.528,2,1
ST-000519,SaaS,Pre-seed,4,7,14.71,1.306,26.183,0.117,7.44,92.93,8.97,0.3835,1.0913,13.682,0,0
ST-000520,Agritech,Pre-seed,4,19,7.66,3.997,34.248,2.186,27.76,56.24,4.12,0.7018,1.9313,33.228,0,1
ST-000521,Agritech,Series A,14,10,20.36,8.116,172.163,6.166,-5.93,56.76,14.29,0.6025,0.318,1653.351,4,0
ST-000522,Fintech,Seed,4,7,1.27,6.822,25.578,4.027,-1.47,72.08,27.38,0.0622,0.1188,60.39,1,1
ST-000523,SaaS,Pre-seed,9,31,13.38,4.531,91.534,1.191,17.86,62.7,10.33,,0.482,8.785,0,0
ST-000524,Healthtech,Pre-seed,4,28,19.62,3.384,33.847,1.317,-22.39,60.51,22.99,0.0359,0.0552,11.674,1,1
ST-000525,SaaS,Pre-seed,2,10,5.32,4.811,14.279,1.447,-25.24,91.92,22.59,0.0517,0.0797,12.055,1,1
ST-000526,Fintech,Series A,9,12,6.36,116.671,1026.893,30.893,11.58,,8.06,0.4389,1.374,671.965,3,1
ST-000527,Deeptech,Pre-seed,8,37,20.62,9.797,53.85,7.622,72.74,35.44,8.45,0.0842,0.0682,12.107,0,1
ST-000528,Deeptech,Pre-seed,3,8,13.31,15.746,184.781,11.756,19.38,44.95,3.99,0.3288,1.5234,32.73,1,0
ST-000529,Agritech,Seed,11,8,13.93,9.82,51.406,6.342,7.59,,6.41,0.6468,1.363,265.058,0,0
ST-000530,Fintech,Pre-seed,3,8,7.37,5.505,19.23,2.43,26.06,67.23,5.73,0.1649,0.8461,57.616,0,0
ST-000531,D2C,Pre-seed,2,20,6.94,5.915,44.88,3.638,29.15,32.52,3.22,0.461,0.7014,9.274,0,1
ST-000532,D2C,Series A,15,62,7.39,20.957,652.408,5.169,11.31,52.31,3.69,,1.1785,1148.186,3,0
ST-000533,Fintech,Seed,4,14,6.81,18.566,188.804,7.985,1.3,91.33,7.74,0.0536,0.1756,291.97,1,0
ST-000534,D2C,Pre-seed,6,31,7.47,4.227,38.503,1.279,-15.94,40.5,27.14,0.0952,0.0684,14.836,0,1
ST-000535,SaaS,Seed,8,21,,2.881,38.751,1.939,34.41,65.28,2.29,2.9374,5.9804,93.077,1,0
ST-000536,SaaS,Pre-seed,2,3,,1.34,5.898,0.488,7.12,76.06,4.68,0.1087,1.2971,15.253,0,0
ST-000537,Healthtech,Pre-seed,4,11,3.58,6.452,290.78,1.343,26.96,67.76,1.33,0.8313,3.3133,38.365,0,0
ST-000538,SaaS,Seed,4,33,18.99,3.284,123.729,1.282,37.69,82.46,7.16,0.792,0.8883,173.348,2,0
ST-000539,SaaS,Seed,8,32,5.28,12.112,43.255,8.995,9.06,88.9,4.3,0.5313,0.8993,42.163,1,1
ST-000540,Agritech,Seed,20,13,6.35,17.822,256.608,4.227,-15.27,47.73,20.85,0.017,0.0671,61.063,1,1
ST-000541,Deeptech,Series A,8,33,2.65,18.716,255.389,4.288,9.24,60.4,6.18,,1.4268,637.206,2,0
ST-000542,Healthtech,Pre-seed,5,15,10.34,11.073,87.269,0.971,13.73,90.02,10.46,0.366,0.3144,36.092,0,1
ST-000543,Agritech,Series A,10,28,5.14,15.69,350.69,12.341,24.4,46.4,3.05,7.8873,5.7785,1890.446,3,0
ST-000544,Deeptech,Seed,6,37,3.46,11.669,50.065,2.198,3.49,56.68,9.26,0.0981,0.358,146.797,2,1
ST-000545,SaaS,Pre-seed,3,10,15.59,4.065,24.881,1.723,3.92,85.76,13.4,0.3198,0.6122,15.774,0,1
ST-000546,Edtech,Series A,6,19,24.3,6.848,77.184,4.106,5.9,93.28,13.04,0.3912,1.8026,1070.743,2,0
ST-000547,Edtech,Pre-seed,5,33,5.75,1.702,57.208,0.502,24.81,75.23,9.39,0.2891,0.8306,27.252,0,0
ST-000548,SaaS,Seed,5,53,13.42,2.262,73.414,0.693,34.4,81.96,6.9,0.2311,0.3122,54.31,0,0
ST-000549,D2C,Seed,4,31,10.87,4.577,35.956,1.14,64.5,41.74,4.93,0.1785,0.4,959.192,2,1
ST-000550,Edtech,Pre-seed,7,19,,15.84,75.165,6.217,57.51,80.62,7.02,0.1352,0.2356,43.06,0,1
ST-000551,Edtech,Series A,11,35,3.33,4.25,37.703,1.847,11.19,64.86,2.73,0.537,1.4902,1768.43,2,0
ST-000552,SaaS,Pre-seed,3,11,10.21,1.653,36.923,0.737,1.9,96.0,8.86,0.2858,0.3666,23.111,1,0
ST-000553,SaaS,Series A,23,24,13.79,7.925,114.576,3.9,0.91,77.92,16.65,0.3358,0.2878,3544.353,4,0
ST-000554,Deeptech,Pre-seed,1,5,28.5,3.463,245.55,0.104,-10.57,50.25,19.37,0.2529,0.5242,3.564,0,0
ST-000555,SaaS,Pre-seed,8,11,1.45,4.683,71.866,1.923,19.61,64.79,2.46,5.1205,6.7428,4.915,1,0
ST-000556,SaaS,Pre-seed,2,20,,2.483,48.921,1.682,-3.8,86.45,13.72,0.0293,0.1244,54.904,0,0
ST-000557,Fintech,Series A,11,25,9.57,16.563,236.722,3.572,-9.25,46.88,13.16,0.0353,0.0694,614.106,2,1
ST-000558,Edtech,Pre-seed,3,2,7.52,1.841,7.85,0.848,-4.86,79.59,12.33,0.1815,0.4946,21.622,0,0
ST-000559,Healthtech,Series A,6,20,19.1,12.063,763.738,3.165,32.66,45.99,11.81,0.1347,0.2426,2572.366,4,0
ST-000560,Edtech,Pre-seed,9,18,5.66,3.252,11.573,1.559,15.27,45.76,1.74,0.2734,0.6977,17.225,0,1
ST-000561,SaaS,Seed,20,22,23.98,6.707,109.179,1.015,-13.12,80.3,14.44,0.0988,0.3372,101.314,1,0
ST-000562,Fintech,Pre-seed,3,6,1.27,21.677,276.53,2.542,35.5,77.31,5.46,0.3713,0.9974,21.448,0,0
ST-000563,Agritech,Pre-seed,5,25,6.74,3.478,19.352,2.174,42.02,49.5,6.57,0.5305,0.4213,13.52,0,0
ST-000564,D2C,Series A,10,55,15.77,12.779,161.151,10.261,4.35,55.21,7.87,0.7288,1.2553,821.078,2,0
ST-000565,D2C,Seed,18,31,9.91,1.285,13.909,0.474,-0.95,50.32,16.01,0.0572,0.4964,158.069,2,0
ST-000566,D2C,Seed,2,20,5.13,9.221,42.694,6.617,-2.82,54.33,11.49,0.1041,0.3049,53.554,1,1
ST-000567,D2C,Seed,8,43,5.91,1.871,7.545,0.768,21.07,64.15,5.85,1.1574,1.9893,132.485,1,1
ST-000568,SaaS,Seed,4,14,,10.993,106.281,8.138,34.64,73.05,5.17,1.1901,1.9642,42.492,1,0
ST-000569,Fintech,Seed,1,27,4.63,11.052,56.209,6.009,19.04,68.51,4.31,,1.2285,96.614,1,0
ST-000570,Healthtech,Series A,8,22,20.93,30.169,287.133,12.212,-14.26,40.34,20.31,0.0064,0.0208,391.369,2,1
ST-000571,Fintech,Seed,20,43,8.25,6.317,44.489,0.791,37.85,81.86,3.13,0.6364,0.6437,166.062,1,1
ST-000572,Agritech,Seed,4,11,7.7,6.931,46.122,2.497,14.36,47.07,10.58,0.0275,0.2319,77.594,1,0
ST-000573,Edtech,Seed,10,11,11.02,10.577,114.996,2.89,11.28,66.43,9.1,0.2674,0.739,188.409,1,0
ST-000574,D2C,Seed,13,38,2.67,3.973,15.15,2.987,24.55,43.26,,0.0472,0.1285,71.435,1,1
ST-000575,Agritech,Seed,6,26,9.95,10.547,89.92,6.551,37.41,43.35,18.78,0.0614,0.3696,98.444,2,0
ST-000576,Edtech,Seed,7,40,31.18,9.761,137.231,5.232,-8.41,74.12,16.18,0.376,0.9612,97.457,1,0
ST-000577,Deeptech,Seed,2,11,8.08,10.393,165.222,5.543,-12.67,63.07,17.22,0.1211,0.3673,190.897,1,0
ST-000578,Healthtech,Seed,4,13,9.71,27.629,159.099,21.254,14.49,55.73,6.56,1.0284,0.8806,46.799,1,1
ST-000579,Agritech,Series A,18,27,14.4,18.875,135.38,6.899,13.24,69.89,3.94,1.0046,2.1806,3473.081,2,0
ST-000580,Fintech,Series A,10,10,20.59,5.724,167.003,2.424,32.95,76.23,4.76,1.517,1.5356,602.838,3,0
ST-000581,Edtech,Series A,13,26,9.87,25.382,391.56,10.355,40.62,83.55,3.09,1.2403,2.0361,627.435,2,0
ST-000582,Healthtech,Seed,7,15,7.43,5.521,112.596,1.118,4.94,41.29,14.39,0.0681,0.1843,59.034,1,0
ST-000583,SaaS,Seed,24,19,15.42,13.123,412.707,3.683,22.4,73.92,2.79,6.9996,3.7501,213.25,1,0
ST-000584,Edtech,Pre-seed,3,24,4.59,4.199,90.851,1.372,26.65,76.53,3.11,1.1927,3.3876,21.497,0,0
ST-000585,Deeptech,Seed,17,30,20.26,1.709,43.456,0.567,27.19,43.38,4.42,0.0627,0.2488,65.609,1,0
ST-000586,D2C,Pre-seed,4,42,16.79,6.261,19.844,0.188,-17.04,42.3,16.58,0.2537,0.1773,13.999,0,1
ST-000587,SaaS,Pre-seed,11,30,15.13,3.288,18.02,1.557,27.96,69.55,3.43,1.4132,2.09,29.693,0,1
ST-000588,Fintech,Series A,5,7,11.35,13.726,59.488,5.199,-3.46,71.27,11.49,0.171,,2716.645,3,1
ST-000589,SaaS,Series A,11,14,13.15,10.444,262.992,6.572,26.01,77.14,7.93,0.345,1.1119,1828.215,4,0
ST-000590,SaaS,Seed,5,12,13.14,13.04,100.571,5.968,-8.79,69.78,12.14,0.2166,0.3593,111.473,1,1
ST-000591,Deeptech,Pre-seed,4,28,,3.08,21.18,0.095,18.23,75.99,3.7,1.3221,6.314,11.455,0,0
ST-000592,Edtech,Seed,13,44,5.7,14.494,149.01,9.116,9.0,73.1,7.39,1.2487,1.2243,33.115,1,0
ST-000593,Fintech,Seed,8,9,13.41,3.34,53.505,1.55,60.22,73.87,6.68,0.3279,0.8573,64.8,1,0
ST-000594,Healthtech,Series A,21,38,3.26,21.015,384.516,8.574,-4.83,64.14,,0.1579,0.2109,4602.828,3,0
ST-000595,SaaS,Series A,7,24,3.83,24.684,231.153,12.561,-6.41,90.38,20.52,0.1494,0.3473,418.25,1,1
ST-000596,Fintech,Pre-seed,2,15,20.95,8.923,223.552,2.805,47.74,73.08,13.04,0.0687,0.1277,18.019,0,0
ST-000597,D2C,Pre-seed,4,11,3.76,4.624,39.643,2.221,34.8,26.99,2.05,0.2501,0.9083,14.565,0,0
ST-000598,D2C,Pre-seed,4,14,18.03,3.49,12.137,0.615,21.99,68.52,6.07,0.0861,0.2389,7.89,0,0
ST-000599,Deeptech,Pre-seed,3,19,3.64,4.024,24.102,1.903,6.09,76.71,10.04,,0.4364,25.701,0,0
ST-000600,Healthtech,Pre-seed,2,12,7.78,1.92,12.03,1.046,-8.05,57.44,12.08,0.177,0.3822,24.434,0,1
ST-000601,Edtech,Pre-seed,8,21,8.36,2.072,31.802,1.172,7.05,48.17,6.74,0.1628,0.2068,4.673,0,1
ST-000602,D2C,Pre-seed,3,15,2.48,2.027,44.406,0.988,4.83,35.53,11.45,0.0617,0.2113,15.792,0,0
ST-000603,Deeptech,Pre-seed,9,14,,2.659,17.643,0.377,1.35,45.89,13.39,0.3391,0.7432,55.104,0,0
ST-000604,D2C,Pre-seed,4,23,2.87,14.842,21.767,11.409,5.31,50.81,,0.0925,0.1789,20.942,0,1
ST-000605,Deeptech,Seed,9,24,3.04,3.321,223.436,0.227,2.83,53.04,9.8,0.0673,0.1931,55.634,1,0
ST-000606,Agritech,Pre-seed,5,3,2.76,7.98,106.878,1.927,36.33,44.85,3.66,,2.0062,22.72,0,1
ST-000607,Agritech,Series A,6,30,1.25,5.346,8.606,4.888,-16.16,58.47,20.63,0.033,0.2413,1800.758,3,0
ST-000608,SaaS,Pre-seed,5,19,14.94,1.848,4.033,0.905,24.37,80.38,5.63,0.2218,1.0102,15.702,1,0
ST-000609,D2C,Pre-seed,13,31,,1.918,22.065,0.833,21.76,58.16,6.57,0.3268,0.9532,10.085,1,1
ST-000610,Edtech,Pre-seed,5,20,7.0,1.526,11.938,0.218,14.75,66.08,1.7,1.1708,3.1801,9.657,0,0
ST-000611,Healthtech,Seed,11,16,7.7,17.232,275.539,12.662,28.65,81.33,5.02,0.2809,0.6638,127.126,0,0
ST-000612,D2C,Pre-seed,6,10,6.09,6.187,41.411,1.945,25.16,72.38,6.41,0.2128,0.3493,15.447,0,1
ST-000613,Deeptech,Seed,8,6,3.51,9.687,82.625,6.447,16.76,60.36,5.02,1.0298,3.2905,265.624,2,1
ST-000614,Deeptech,Pre-seed,4,16,5.6,41.995,232.978,24.359,39.32,54.26,4.64,0.6887,1.2027,60.742,0,0
ST-000615,Fintech,Series A,14,15,7.67,18.879,180.006,10.89,-38.42,67.04,28.83,0.0803,0.5372,457.239,1,0
ST-000616,D2C,Pre-seed,6,34,3.33,4.229,30.962,3.278,62.17,59.42,,0.2048,1.1971,20.608,0,0
ST-000617,D2C,Pre-seed,2,17,5.76,2.472,61.865,1.38,40.81,57.36,8.25,0.4761,1.2638,5.898,0,0
ST-000618,Fintech,Series A,12,13,16.33,10.705,175.523,5.776,49.43,,4.22,0.1073,0.4503,653.556,2,0
ST-000619,SaaS,Pre-seed,3,4,5.57,2.628,23.931,1.024,-2.13,87.88,7.95,0.2887,0.2498,9.196,0,1
ST-000620,SaaS,Pre-seed,3,5,11.11,7.122,85.784,4.418,17.8,77.49,3.51,0.8872,2.2732,8.146,0,0
ST-000621,Agritech,Series A,22,28,0.13,19.645,644.595,11.487,19.88,54.81,3.21,3.3708,2.4814,372.523,2,0
ST-000622,Edtech,Pre-seed,2,36,12.18,8.597,28.893,3.455,8.57,66.74,,0.7418,1.825,7.939,0,0
ST-000623,Deeptech,Pre-seed,2,23,1.92,3.568,20.786,1.652,20.16,53.37,3.44,1.1347,1.5463,11.443,1,1
ST-000624,Edtech,Seed,10,19,12.37,9.94,151.519,2.958,20.43,48.42,4.69,0.1094,0.4534,435.901,1,0
ST-000625,Deeptech,Pre-seed,2,48,15.02,7.45,76.167,3.919,-8.76,40.3,15.57,0.1033,0.2503,8.441,0,1
ST-000626,Edtech,Series A,3,35,11.4,17.027,133.963,7.202,29.02,63.69,3.16,1.0683,1.9276,316.883,3,0
ST-000627,Agritech,Seed,11,24,6.47,3.65,8.84,1.933,28.79,50.26,5.15,0.3684,0.6719,116.537,2,1
ST-000628,SaaS,Seed,7,16,,3.498,24.748,1.807,0.74,81.05,12.75,0.5992,0.3305,158.89,1,1
ST-000629,Healthtech,Pre-seed,5,37,11.78,6.824,83.092,3.124,-10.81,,15.01,0.0337,0.1378,16.554,0,0
ST-000630,Agritech,Seed,5,17,5.81,12.744,458.792,6.847,17.69,42.74,7.33,0.0875,0.4931,37.302,1,0
ST-000631,Deeptech,Seed,3,12,7.18,7.338,80.35,5.106,-2.23,42.39,17.6,0.0547,0.209,192.478,2,0
ST-000632,Agritech,Pre-seed,2,16,4.46,5.502,53.757,2.217,22.65,62.63,2.89,0.3188,0.5308,7.53,0,0
ST-000633,SaaS,Series A,9,25,7.73,33.567,210.527,12.81,-2.66,87.93,12.97,1.5897,2.0789,699.538,2,1
ST-000634,Fintech,Seed,3,32,7.42,7.688,86.42,3.345,46.95,60.05,16.28,0.1199,0.0928,198.572,1,1
ST-000635,SaaS,Seed,8,12,3.68,2.622,18.406,0.916,1.06,91.36,11.0,0.2049,,137.669,1,0
ST-000636,SaaS,Pre-seed,3,10,10.78,1.498,21.58,0.607,-1.77,70.73,,1.2417,0.6365,21.389,0,1
ST-000637,D2C,Pre-seed,4,11,20.91,2.489,39.939,0.669,17.5,50.27,6.64,1.2737,0.7302,12.999,0,1
ST-000638,D2C,Seed,7,19,15.79,5.627,168.653,3.855,-18.07,50.41,18.97,0.0243,0.105,92.77,1,0
ST-000639,Agritech,Seed,8,10,22.01,6.623,120.857,0.545,-2.68,44.82,9.45,0.0263,0.1714,55.485,2,0
ST-000640,Agritech,Pre-seed,5,34,5.57,3.509,64.485,0.441,-17.78,57.26,18.83,0.133,0.2041,5.265,0,1
ST-000641,D2C,Pre-seed,3,5,4.05,3.329,12.944,1.28,21.46,33.54,2.57,,0.9244,19.173,1,0
ST-000642,Agritech,Series A,11,48,1.65,21.235,391.501,7.673,33.48,51.53,1.93,3.3438,5.5803,544.128,3,0
ST-000643,SaaS,Pre-seed,4,26,6.69,2.231,35.089,0.876,7.98,81.56,,0.0528,0.261,19.175,0,0
ST-000644,SaaS,Pre-seed,1,9,7.35,9.589,105.256,3.137,43.34,69.68,1.29,1.5487,4.1291,35.515,0,0
ST-000645,Healthtech,Seed,9,18,8.51,17.447,211.284,4.378,-2.35,69.83,18.13,0.0722,0.248,146.57,1,0
ST-000646,Agritech,Pre-seed,4,10,3.54,6.624,60.47,1.993,7.21,64.22,9.25,0.9425,0.6654,10.037,1,1
ST-000647,SaaS,Pre-seed,5,26,9.57,2.399,87.97,0.647,35.79,81.19,11.9,0.1863,0.4032,38.855,0,0
ST-000648,Healthtech,Pre-seed,2,36,8.09,4.257,13.297,0.963,32.04,63.77,13.14,0.4705,0.7685,10.504,1,0
ST-000649,D2C,Series A,8,86,9.68,25.009,919.253,11.568,23.58,44.78,9.6,0.0994,0.5571,800.564,2,0
ST-000650,SaaS,Pre-seed,2,22,11.1,3.34,34.809,1.714,40.31,80.83,3.9,2.4523,3.9556,9.339,0,0
ST-000651,Edtech,Seed,10,7,4.47,3.931,34.392,1.009,14.42,61.22,3.49,0.7121,1.3932,208.937,0,1
ST-000652,Deeptech,Series A,4,14,8.77,12.884,246.075,6.207,20.36,57.92,5.34,1.1332,0.7782,6439.342,3,1
ST-000653,D2C,Seed,4,26,15.5,4.719,83.341,1.655,1.2,44.98,14.09,0.0678,0.1723,59.001,1,0
ST-000654,SaaS,Seed,9,18,10.59,3.203,10.764,1.741,55.95,96.0,14.99,0.0627,0.1543,144.034,2,0
ST-000655,Agritech,Seed,4,30,8.25,53.692,1412.877,26.41,6.05,49.29,5.65,0.4382,0.835,99.89,2,0
ST-000656,Fintech,Pre-seed,2,20,4.93,1.277,14.281,0.599,12.53,,8.01,0.1369,0.7206,41.819,0,0
ST-000657,Agritech,Seed,11,12,,3.355,22.807,1.831,19.9,32.68,5.12,0.2998,0.6985,106.818,1,1
ST-000658,Fintech,Series A,18,20,2.61,29.348,925.704,16.993,28.01,78.75,5.12,0.5439,0.8311,1493.644,4,0
ST-000659,Healthtech,Seed,10,31,13.58,5.429,67.523,3.397,29.29,78.54,7.29,0.2413,0.3298,132.728,1,0
ST-000660,Edtech,Seed,11,25,4.96,5.048,73.146,2.803,-41.39,53.77,26.75,0.0213,0.0797,100.837,1,0
ST-000661,Fintech,Pre-seed,3,26,3.98,6.922,104.695,4.508,54.11,74.38,,1.5604,1.2513,10.795,0,0
ST-000662,Deeptech,Series A,9,11,,46.134,587.466,20.827,47.81,63.47,2.44,2.8574,4.2712,325.626,2,0
ST-000663,SaaS,Pre-seed,3,9,4.67,3.168,43.284,1.806,43.3,81.8,7.66,0.1134,0.2402,7.56,0,0
ST-000664,SaaS,Series A,11,42,5.72,27.491,425.149,20.864,17.08,69.36,6.0,1.5735,2.7715,891.108,2,0
ST-000665,Fintech,Pre-seed,3,6,17.47,1.534,11.043,0.327,43.2,73.21,13.36,0.038,0.0833,27.597,1,0
ST-000666,D2C,Seed,5,29,4.88,5.015,44.396,2.766,21.0,62.14,11.9,0.3072,1.4741,83.343,1,0
ST-000667,Agritech,Series A,15,10,19.97,18.595,186.764,4.871,19.24,67.11,3.53,0.3317,0.6398,1342.323,2,0
ST-000668,Deeptech,Seed,13,21,17.59,47.416,1715.313,15.056,30.16,63.37,5.87,1.9183,2.3083,15.28,1,0
ST-000669,Fintech,Pre-seed,5,12,,2.599,6.277,1.39,28.41,77.24,12.74,0.0505,0.3159,41.631,1,0
ST-000670,Edtech,Series A,31,14,11.88,5.476,100.877,2.324,35.5,46.71,6.61,0.7603,1.4605,604.769,3,0
ST-000671,SaaS,Pre-seed,2,18,,4.932,88.792,2.931,-28.19,88.35,26.9,0.0142,0.043,47.167,0,0
ST-000672,Healthtech,Pre-seed,1,31,15.96,4.81,14.946,2.661,15.14,69.51,13.05,0.0993,0.597,8.012,0,0
ST-000673,Deeptech,Seed,10,13,2.33,6.828,89.328,2.309,-10.14,54.13,22.53,0.2587,0.3726,61.609,1,1
ST-000674,D2C,Seed,4,5,3.67,3.231,90.623,1.885,35.05,48.71,5.69,0.1066,0.782,22.712,0,0
ST-000675,Healthtech,Seed,5,18,5.7,6.125,40.196,4.628,-3.66,56.93,17.01,,0.3779,99.925,2,0
ST-000676,Edtech,Pre-seed,1,9,5.01,4.94,61.243,1.502,11.06,49.67,9.07,0.6059,0.8667,19.394,1,1
ST-000677,Deeptech,Seed,4,31,14.03,9.01,84.344,3.78,35.16,64.52,13.65,0.2516,0.3988,125.021,0,1
ST-000678,Edtech,Series A,4,18,12.92,28.945,138.757,14.014,41.47,87.56,5.45,0.2272,0.843,468.668,1,0
ST-000679,SaaS,Pre-seed,3,10,7.48,3.498,20.259,1.955,35.54,72.18,10.71,0.0318,0.1878,5.272,0,0
ST-000680,Fintech,Seed,5,16,11.77,15.382,59.477,13.012,31.31,68.62,4.08,0.6265,,186.799,1,0
ST-000681,SaaS,Seed,7,36,8.97,9.03,27.086,4.639,-9.43,67.19,17.07,0.2914,0.6526,33.241,1,1
ST-000682,SaaS,Series A,22,29,8.03,10.584,211.74,7.886,-7.36,84.31,18.01,0.1773,,1086.545,4,0
ST-000683,SaaS,Seed,9,10,,13.462,183.725,6.599,-12.65,74.8,19.59,0.1363,,81.63,1,0
ST-000684,Edtech,Series A,4,11,4.48,5.185,45.327,2.566,-8.18,65.27,15.93,0.1297,0.3659,315.416,2,1
ST-000685,D2C,Pre-seed,6,38,0.69,2.719,22.077,0.442,20.32,58.74,5.13,0.3548,0.6088,22.591,0,1
ST-000686,Fintech,Pre-seed,4,10,13.8,3.866,21.356,2.226,38.12,71.08,7.9,0.3968,1.553,61.87,0,0
ST-000687,Edtech,Series A,9,42,4.77,16.393,94.308,10.15,35.04,65.55,,0.2489,0.483,1745.941,4,1
ST-000688,Deeptech,Series A,10,21,5.11,34.551,273.603,27.875,-24.88,47.63,23.26,0.2467,0.1662,2201.657,4,1
ST-000689,D2C,Seed,7,12,4.53,4.314,23.607,2.086,14.74,55.52,7.72,0.8477,0.8041,385.677,2,0
ST-000690,Healthtech,Seed,4,13,9.69,4.455,77.585,2.966,9.75,50.64,,0.6016,3.2162,147.726,2,0
ST-000691,Fintech,Seed,6,18,11.25,10.556,27.351,3.478,-33.16,82.52,28.33,0.0217,0.025,82.688,0,1
ST-000692,Deeptech,Pre-seed,8,3,5.3,1.976,25.809,0.474,34.43,59.15,1.93,1.7633,4.3531,13.171,0,0
ST-000693,SaaS,Series A,7,15,8.24,29.243,194.353,9.901,30.84,70.6,,0.2297,1.2149,845.233,2,0
ST-000694,Fintech,Series A,5,57,5.56,16.264,489.855,4.731,1.24,51.32,11.45,0.1877,0.4856,829.806,2,0
ST-000695,Deeptech,Seed,6,60,13.82,4.934,47.806,2.463,9.0,,6.47,0.0151,0.1554,182.673,1,0
ST-000696,Healthtech,Pre-seed,2,10,10.28,1.966,32.139,0.154,20.06,59.03,1.94,0.6025,1.3039,21.426,1,1
ST-000697,D2C,Pre-seed,1,24,1.32,5.075,32.085,2.007,25.69,53.0,1.73,4.0357,5.4473,64.606,0,1
ST-000698,Healthtech,Pre-seed,3,21,10.98,5.688,139.079,3.494,3.38,51.7,8.36,1.2183,1.0991,16.93,0,0
ST-000699,D2C,Seed,15,9,8.63,4.462,17.877,2.4,-2.54,56.65,8.77,0.6043,0.4179,302.924,1,1
ST-000700,Fintech,Seed,6,29,4.22,9.19,65.304,4.91,-7.3,40.13,11.57,0.145,0.9119,133.256,1,0
ST-000701,Fintech,Pre-seed,4,13,,2.31,12.057,0.455,48.27,68.9,3.62,1.2697,1.4172,15.63,1,1
ST-000702,Fintech,Seed,2,21,12.83,8.282,73.445,5.31,41.11,60.03,8.42,0.8383,0.6776,389.397,2,0
ST-000703,SaaS,Series A,13,36,13.37,40.952,579.334,11.953,-8.94,83.01,12.62,0.1455,0.2654,958.871,2,0
ST-000704,Deeptech,Pre-seed,4,13,8.96,27.723,108.901,7.423,-1.81,71.25,8.07,0.2973,0.4684,3.981,0,1
ST-000705,Fintech,Seed,4,16,5.37,8.565,32.292,4.781,-6.77,77.95,19.96,0.2646,0.3955,34.437,1,1
ST-000706,Healthtech,Seed,7,27,,12.101,71.065,1.487,-15.68,,21.51,0.0078,,38.873,1,0
ST-000707,Agritech,Pre-seed,4,32,4.45,4.707,16.11,1.232,57.97,66.61,6.18,0.3247,0.8656,21.375,0,0
ST-000708,Agritech,Seed,3,26,6.28,1.969,17.168,0.059,0.08,67.06,10.63,,0.6522,63.241,1,1
ST-000709,Edtech,Seed,8,17,15.3,2.841,102.38,1.316,31.45,83.89,16.83,0.0365,0.373,98.704,2,0
ST-000710,Edtech,Pre-seed,8,30,1.88,0.641,5.932,0.384,9.89,60.31,7.04,1.3488,1.8548,24.272,1,0
ST-000711,Deeptech,Pre-seed,3,20,8.08,8.261,34.228,5.807,12.39,66.2,,0.2459,0.6582,18.532,0,1
ST-000712,D2C,Series A,6,47,6.33,60.308,706.346,18.166,7.93,56.43,6.46,0.5864,0.5464,2803.232,4,1
ST-000713,Agritech,Pre-seed,3,42,10.4,7.645,24.602,2.423,24.72,52.09,6.44,0.0716,0.4484,18.159,0,0
ST-000714,Deeptech,Seed,11,26,3.61,11.826,42.626,4.037,11.62,69.36,3.46,0.5947,,41.933,1,1
ST-000715,Agritech,Seed,3,40,6.87,6.342,38.979,2.562,31.15,52.4,9.54,1.171,,93.854,1,1
ST-000716,SaaS,Series A,14,46,13.19,10.982,44.834,6.16,38.27,65.61,10.65,0.3138,,1482.428,2,1
ST-000717,Healthtech,Seed,4,19,9.03,19.016,445.817,5.173,2.47,76.96,15.04,0.1447,0.8768,72.378,1,0
ST-000718,SaaS,Series A,12,46,5.66,16.532,696.1,9.119,18.29,75.27,4.87,4.6093,3.2386,1282.982,2,0
ST-000719,D2C,Seed,4,21,4.14,8.115,234.707,0.827,-18.81,28.69,21.01,0.1103,0.2378,91.82,1,1
ST-000720,Deeptech,Seed,4,30,17.61,5.175,10.32,4.207,4.54,93.09,5.9,0.6284,1.9947,118.924,1,0
ST-000721,Healthtech,Pre-seed,10,16,2.71,7.136,83.543,1.474,17.38,51.1,2.42,0.231,0.7669,32.113,1,0
ST-000722,Edtech,Pre-seed,2,5,,3.047,48.349,0.749,12.82,74.03,7.82,0.0549,0.6667,37.258,0,0
ST-000723,SaaS,Pre-seed,5,50,,5.134,41.275,3.989,14.71,70.35,,1.3211,2.8881,14.903,0,0
ST-000724,Deeptech,Pre-seed,11,25,7.34,12.275,436.804,3.333,27.85,53.34,1.82,1.517,1.8653,34.296,0,0
ST-000725,SaaS,Seed,10,31,,2.277,10.522,0.693,30.73,74.31,2.37,2.3996,3.1209,389.382,0,1
ST-000726,SaaS,Pre-seed,2,19,15.55,3.118,27.8,1.711,-27.65,71.04,21.94,0.0163,0.0798,7.331,0,0
ST-000727,Fintech,Pre-seed,2,36,8.44,3.792,26.55,2.145,20.84,77.54,6.11,3.0268,1.4115,30.128,0,1
ST-000728,SaaS,Pre-seed,2,15,10.63,2.636,14.896,1.191,10.39,96.0,4.67,0.3475,0.9307,18.57,1,0
ST-000729,Edtech,Seed,7,20,3.25,2.91,8.802,1.426,5.38,67.06,5.72,0.1074,0.7187,83.708,1,1
ST-000730,Healthtech,Seed,7,10,6.89,5.251,21.469,1.942,44.82,43.47,4.17,0.0415,0.1012,91.581,1,0
ST-000731,Fintech,Series A,5,28,4.9,8.664,308.377,3.866,-22.89,56.5,20.88,0.0359,0.1943,666.57,2,0
ST-000732,SaaS,Seed,4,40,17.79,13.382,278.932,5.425,14.38,72.81,8.47,2.18,1.2469,36.992,1,1
ST-000733,SaaS,Series A,6,22,16.74,18.574,62.348,11.839,44.22,83.11,4.29,0.5499,2.8994,658.087,2,0
ST-000734,Fintech,Seed,6,9,3.31,12.452,28.242,7.632,17.01,63.42,11.67,0.1154,0.3033,120.357,1,1
ST-000735,SaaS,Pre-seed,13,30,,9.629999999999999,11.645,0.091,-2.95,96.0,8.7,0.899,1.4558,8.532,1,1
ST-000736,D2C,Series A,6,31,7.13,60.459,820.032,21.948,9.46,46.93,7.74,0.564,0.9229,608.139,4,0
ST-000737,SaaS,Pre-seed,2,46,19.55,2.874,7.315,0.979,54.19,90.88,16.9,0.0318,0.2274,13.225,0,0
ST-000738,Fintech,Seed,3,13,5.89,35.031,1394.979,23.679,40.11,66.12,4.62,1.6345,2.1879,51.568,1,0
ST-000739,Edtech,Seed,9,30,27.92,11.151,264.274,6.826,4.62,66.55,7.79,0.3602,0.4987,71.106,1,0
ST-000740,Edtech,Pre-seed,4,7,2.78,2.873,11.324,1.35,49.23,63.05,3.4,0.079,0.5192,7.196,0,0
ST-000741,SaaS,Seed,4,20,4.75,32.172,967.675,11.334,28.88,81.94,2.15,0.6081,1.7,82.42,1,0
ST-000742,SaaS,Pre-seed,3,19,,5.804,52.297,3.187,-36.39,,32.46,0.0652,,9.366,1,1
ST-000743,Agritech,Pre-seed,2,5,8.53,3.011,55.379,1.124,14.77,52.41,3.16,0.345,0.406,9.927,0,0
ST-000744,SaaS,Pre-seed,5,33,5.78,2.911,14.255,1.047,55.33,75.88,8.46,0.1253,0.146,14.819,0,1
ST-000745,Edtech,Pre-seed,20,28,18.46,7.136,85.825,3.332,13.71,91.95,6.27,0.2025,1.462,26.241,0,0
ST-000746,Edtech,Pre-seed,5,23,5.43,2.307,134.307,0.619,48.93,71.32,7.32,0.33,0.9433,3.194,1,0
ST-000747,Fintech,Seed,6,10,13.53,7.595,202.879,3.065,-14.62,74.37,,0.1282,0.2895,55.71,1,0
ST-000748,Edtech,Seed,4,14,3.4,4.231,84.293,1.712,-11.99,65.14,17.61,0.1594,0.2951,107.305,1,0
ST-000749,Agritech,Seed,3,34,6.6,3.945,12.238,1.477,39.28,35.77,5.01,0.4173,0.8643,50.324,1,0
ST-000750,Agritech,Seed,10,20,1.59,4.123,94.979,2.457,33.39,37.16,5.58,0.1018,0.1398,134.045,0,0
ST-000751,Fintech,Pre-seed,6,15,19.76,18.658,299.222,3.892,16.45,66.08,1.16,0.1961,0.579,14.091,0,0
ST-000752,Fintech,Pre-seed,3,35,,10.757,46.51,6.089,35.25,65.72,6.78,,1.3156,13.743,0,1
ST-000753,Fintech,Seed,13,22,13.47,11.817,50.482,10.431,3.05,72.3,22.55,0.1807,0.3144,25.202,1,1
ST-000754,Edtech,Series A,10,13,2.17,8.398,87.013,4.404,-9.65,69.04,12.78,0.1921,0.5936,448.469,3,0
ST-000755,D2C,Seed,10,34,2.57,5.216,109.369,1.12,23.62,42.82,8.66,0.0346,0.1983,261.999,2,0
ST-000756,SaaS,Pre-seed,5,7,3.47,2.962,9.747,0.679,10.97,96.0,4.85,0.3322,1.6911,42.949,1,0
ST-000757,Fintech,Seed,6,20,5.05,36.167,381.492,16.811,24.25,71.82,2.74,2.8545,4.2636,180.11,1,0
ST-000758,Deeptech,Series A,6,28,15.42,27.051,1217.158,11.582,18.34,53.14,,0.6946,,1845.087,2,0
ST-000759,SaaS,Pre-seed,4,26,5.61,6.608,109.9,1.326,9.96,77.87,12.63,0.4116,0.3112,7.054,0,1
ST-000760,Edtech,Pre-seed,7,6,11.05,3.92,19.29,0.648,56.57,74.93,5.91,0.3238,1.1068,15.75,0,1
ST-000761,D2C,Pre-seed,3,2,22.69,2.141,21.826,1.716,-4.79,45.53,12.71,0.1949,0.7167,6.412,1,0
ST-000762,SaaS,Seed,8,4,6.38,7.955,87.583,4.328,18.71,92.48,2.01,1.6833,3.8432,44.626,1,1
ST-000763,SaaS,Series A,5,48,2.39,6.523,8.036,5.193,12.04,81.05,6.88,0.073,0.3782,193.223,1,0
ST-000764,SaaS,Seed,10,7,3.53,17.473,148.609,12.562,21.95,77.76,9.35,1.4308,2.1974,125.722,1,0
ST-000765,Deeptech,Pre-seed,5,43,11.73,3.488,42.608,0.591,17.98,42.18,5.96,0.174,,34.956,0,0
ST-000766,SaaS,Seed,3,36,4.93,4.895,18.176,0.886,38.17,93.43,2.58,1.511,1.6053,68.491,1,1
ST-000767,SaaS,Series A,9,14,2.14,25.419,963.505,17.183,20.57,70.05,6.79,0.2332,0.4825,1467.122,3,0
ST-000768,SaaS,Seed,11,5,34.96,4.469,57.733,1.648,1.84,90.25,19.58,0.2984,0.4938,124.68,1,0
ST-000769,SaaS,Series A,5,25,16.19,12.089,127.961,4.576,-7.56,75.43,13.95,0.0764,0.2554,712.112,2,0
ST-000770,Healthtech,Pre-seed,2,12,4.07,0.693,3.921,0.142,0.84,72.46,14.47,0.0623,0.1101,16.178,0,1
ST-000771,Fintech,Pre-seed,4,35,26.66,4.128,37.113,1.839,-0.08,82.12,10.19,0.1692,0.8312,7.956,0,0
ST-000772,Healthtech,Seed,23,24,,13.602,261.635,2.164,29.75,54.71,4.51,1.4049,1.0519,213.03,1,1
ST-000773,Healthtech,Seed,4,20,23.5,5.648,176.961,2.824,13.77,53.75,5.63,,0.7582,120.009,1,0
ST-000774,Agritech,Series A,14,21,6.52,19.478,219.703,7.4,22.31,76.4,4.06,1.73,0.6511,402.951,1,1
ST-000775,SaaS,Seed,7,30,,7.304,20.361,3.978,-13.43,87.05,16.04,0.1408,0.2961,211.531,2,1
ST-000776,Agritech,Pre-seed,3,16,11.38,7.767,66.846,3.832,10.37,59.95,5.84,0.2161,1.0555,30.152,1,0
ST-000777,Healthtech,Pre-seed,4,49,4.47,2.727,28.979,0.707,27.15,48.12,,0.2079,0.4387,37.439,0,0
ST-000778,SaaS,Seed,5,7,15.38,6.21,206.859,3.425,37.34,70.8,5.25,0.2527,1.2629,120.462,1,0
ST-000779,Agritech,Pre-seed,3,14,9.96,1.232,15.579,0.508,-14.19,54.33,17.47,0.6017,0.7125,18.129,0,1
ST-000780,Agritech,Seed,2,28,15.09,6.362,99.435,3.154,48.43,47.82,5.61,0.3015,0.7669,122.75,1,0
ST-000781,Fintech,Pre-seed,4,22,5.67,3.844,20.972,2.402,47.26,,12.55,0.3654,,8.544,1,1
ST-000782,Deeptech,Pre-seed,7,49,9.44,11.936,150.146,5.182,38.37,61.07,2.83,0.1359,0.8039,19.107,0,0
ST-000783,Edtech,Seed,6,13,2.94,4.147,27.724,1.315,42.07,,7.38,0.16,0.2085,86.853,1,1
ST-000784,Healthtech,Pre-seed,8,1,5.26,3.412,27.337,2.353,9.06,66.34,9.56,0.7082,0.8482,8.873,1,0
ST-000785,Deeptech,Seed,9,35,6.08,7.044,145.816,3.901,-1.25,48.09,10.91,0.0447,0.2305,88.744,2,0
ST-000786,Fintech,Seed,6,23,11.69,10.172,103.602,4.333,17.28,75.79,10.2,0.1508,0.1507,157.467,1,0
ST-000787,Agritech,Seed,4,35,14.44,28.456,761.361,13.682,21.82,53.11,8.62,0.4976,0.6563,91.233,1,0
ST-000788,Fintech,Seed,5,25,3.37,0.804,20.699,0.466,2.37,73.81,,0.2861,0.9254,123.962,1,0
ST-000789,Agritech,Seed,3,3,17.62,6.568,163.438,3.2,27.87,66.74,2.39,0.3621,0.947,65.013,1,0
ST-000790,Healthtech,Series A,9,30,10.76,39.563,485.943,23.253,43.6,55.66,3.67,0.2206,0.3157,1436.004,4,0
ST-000791,SaaS,Pre-seed,4,10,12.36,2.663,13.338,0.757,35.8,71.23,3.4,2.1462,4.5011,24.421,1,1
ST-000792,Edtech,Pre-seed,11,14,14.36,4.961,13.703,3.328,17.99,80.22,7.61,0.2845,2.0583,12.574,0,0
ST-000793,Fintech,Seed,9,19,3.93,23.285,339.303,10.016,-35.75,86.62,31.36,0.3748,0.4383,111.351,1,1
ST-000794,SaaS,Seed,4,9,17.42,6.057,70.189,2.406,-16.75,96.0,18.12,0.0947,0.2142,53.848,0,0
ST-000795,SaaS,Seed,3,13,4.99,4.619,47.28,2.42,13.53,56.36,4.33,0.4192,0.7831,192.705,1,1
ST-000796,Fintech,Seed,5,31,7.38,19.562,167.329,3.9,28.98,74.62,18.14,0.0955,0.4141,188.64,1,0
ST-000797,SaaS,Seed,10,31,6.56,10.556,106.185,5.074,-14.36,,18.27,0.5595,0.5678,62.516,0,1
ST-000798,SaaS,Pre-seed,3,4,26.71,3.688,9.583,1.663,19.01,91.85,6.53,0.6576,0.956,11.326,0,1
ST-000799,D2C,Seed,9,23,4.05,12.048,101.053,2.35,30.44,45.22,4.37,3.0316,5.5105,130.176,2,0
ST-000800,D2C,Pre-seed,3,29,23.56,8.087,67.948,4.436,15.64,44.3,10.83,0.3311,0.4785,9.318,1,1
ST-000801,D2C,Pre-seed,6,18,19.87,3.899,71.964,1.59,3.95,43.68,10.22,0.118,0.3526,19.793,0,0
ST-000802,Fintech,Seed,2,24,2.76,12.429,348.394,2.782,-15.63,61.4,18.82,0.0615,0.2184,161.637,1,0
ST-000803,Deeptech,Seed,17,7,4.87,16.684,50.588,3.481,31.72,43.93,5.7,0.2314,,168.156,1,0
ST-000804,Healthtech,Pre-seed,2,35,4.95,3.319,11.167,0.6,3.26,58.79,8.14,1.0098,0.7217,35.961,0,1
ST-000805,SaaS,Series A,16,12,12.52,33.293,441.97,22.475,48.57,83.44,2.89,0.5195,0.9428,1166.502,3,0
ST-000806,SaaS,Seed,5,16,17.45,3.517,47.404,0.666,19.22,96.0,,0.3076,0.5903,61.833,1,0
ST-000807,D2C,Seed,6,33,4.96,7.059,127.032,3.615,23.25,53.63,12.32,0.1761,0.1885,60.59,1,0
ST-000808,SaaS,Series A,9,53,2.27,24.596,153.3,13.046,31.49,78.81,4.23,,1.1019,558.862,2,1
ST-000809,Edtech,Seed,7,17,12.54,3.039,24.77,0.8,7.85,63.0,11.22,0.0669,0.4764,259.781,1,0
ST-000810,Deeptech,Seed,8,62,8.69,21.448,157.305,12.161,25.37,25.15,3.99,0.0895,0.3403,104.044,2,0
ST-000811,SaaS,Pre-seed,7,19,2.7,4.424,5.244,1.503,3.44,77.69,5.79,0.9642,0.9877,6.084,0,1
ST-000812,SaaS,Pre-seed,9,17,11.43,10.015,23.051,6.91,0.19,83.48,9.36,0.0678,0.2332,31.891,1,0
ST-000813,Deeptech,Pre-seed,5,8,8.24,9.295,41.494,3.816,-2.14,51.27,8.74,0.328,1.0774,40.123,1,1
ST-000814,Healthtech,Pre-seed,11,13,3.38,4.117,19.112,1.902,6.73,57.21,10.25,0.1112,0.1505,20.777,1,1
ST-000815,SaaS,Seed,7,24,5.54,8.73,48.393,3.528,58.73,54.7,1.73,0.9623,2.9811,49.141,1,0
ST-000816,Deeptech,Pre-seed,8,24,22.6,7.249,34.097,4.397,-1.98,42.7,11.96,0.0756,0.1258,13.376,0,1
ST-000817,Deeptech,Seed,8,27,0.66,49.157,579.853,7.156,28.39,45.9,3.24,2.0705,1.4292,57.392,1,0
ST-000818,Healthtech,Pre-seed,3,12,3.74,4.92,78.348,1.811,12.23,55.05,3.49,2.2279,3.7533,13.111,0,0
ST-000819,Healthtech,Pre-seed,4,38,2.48,4.191,4.693,2.678,-6.86,29.56,17.32,,0.2343,59.112,1,1
ST-000820,Fintech,Series A,14,25,6.68,16.599,104.809,6.154,30.62,65.91,,0.362,0.5487,1127.236,2,0
ST-000821,SaaS,Seed,6,21,9.16,8.465,34.338,4.808,4.93,81.01,8.31,0.2757,0.8693,60.835,1,0
ST-000822,Healthtech,Series A,13,13,7.52,7.505,19.775,5.551,4.63,67.52,8.28,0.1484,0.4683,1531.102,2,0
ST-000823,Fintech,Seed,11,30,8.15,7.572,132.66,6.152,38.24,63.27,3.98,0.155,0.4501,177.874,1,0
ST-000824,D2C,Pre-seed,4,16,9.58,1.954,10.467,0.068,11.5,57.07,,0.9481,2.6291,9.811,0,0
ST-000825,Agritech,Seed,1,17,,3.604,56.741,1.253,20.2,71.63,1.9,13.901,15.8446,170.687,1,0
ST-000826,SaaS,Seed,18,8,31.82,13.183,95.665,2.265,14.92,66.52,6.25,1.5282,2.0807,42.383,1,0
ST-000827,Healthtech,Pre-seed,3,6,8.62,4.717,150.458,0.818,15.03,49.27,5.96,0.0519,0.2521,26.09,0,0
ST-000828,SaaS,Series A,6,29,2.92,8.297,45.142,3.808,-13.71,85.69,22.06,0.186,1.354,1365.45,2,0
ST-000829,Deeptech,Seed,3,46,7.67,10.278,62.792,2.799,33.52,64.45,6.32,0.2125,0.4838,74.696,1,1
ST-000830,Fintech,Seed,5,18,12.59,8.356,76.8,4.605,20.16,54.59,3.85,0.2816,0.7839,94.136,1,0
ST-000831,Healthtech,Seed,4,18,13.81,9.21,206.058,6.119,32.59,81.56,4.56,0.0848,0.7733,98.269,1,0
ST-000832,Healthtech,Seed,4,30,11.41,2.996,47.026,1.676,17.92,52.63,6.97,0.3665,0.6369,54.785,2,0
ST-000833,Edtech,Pre-seed,3,34,9.01,1.547,9.418,0.509,39.18,64.3,9.48,0.0437,0.1115,61.127,0,1
ST-000834,D2C,Series A,14,18,3.91,5.264,75.967,2.619,17.18,55.34,3.96,0.3413,0.5092,1115.848,2,0
ST-000835,D2C,Pre-seed,14,8,10.25,2.119,11.179,1.204,45.82,63.79,9.51,2.0706,1.1962,84.268,0,1
ST-000836,Healthtech,Pre-seed,6,16,7.54,2.751,89.694,1.104,-2.02,52.05,11.52,1.4785,,9.103,1,0
ST-000837,D2C,Pre-seed,8,23,4.78,1.923,37.86,0.59,0.4,,8.98,0.0311,0.091,23.654,0,0
ST-000838,Deeptech,Seed,5,4,8.62,19.859,225.499,7.989,53.03,56.79,3.46,3.2755,2.6916,72.286,0,1
ST-000839,Edtech,Series A,11,19,14.31,46.849,664.872,27.143,31.37,50.86,4.24,0.1159,0.3679,1793.824,2,0
ST-000840,Healthtech,Series A,13,22,2.21,30.776,235.798,15.032,53.18,56.26,4.97,0.6102,0.6036,1271.437,2,1
ST-000841,SaaS,Seed,4,17,3.89,4.918,60.893,1.318,28.37,68.75,9.75,,0.2074,59.302,1,0
ST-000842,Agritech,Series A,8,10,13.07,15.149,299.896,6.952,8.16,59.5,16.8,0.276,0.5574,591.246,2,1
ST-000843,Healthtech,Seed,11,16,3.22,8.453,159.152,6.762,54.71,47.34,4.42,0.9756,1.2271,61.151,1,0
ST-000844,Edtech,Pre-seed,8,15,16.85,2.19,14.97,0.806,-21.19,71.79,18.18,,0.324,75.376,1,1
ST-000845,SaaS,Seed,6,12,6.85,19.179,31.29,9.958,32.3,81.82,3.55,1.4407,3.0694,85.363,1,1
ST-000846,Deeptech,Pre-seed,2,20,11.3,25.367,501.631,4.681,-36.34,61.64,27.41,0.1117,0.2681,21.055,0,0
ST-000847,Edtech,Pre-seed,3,28,,1.178,8.148,0.229,48.63,66.93,5.88,0.0618,0.369,54.71,0,0
ST-000848,D2C,Pre-seed,2,28,7.87,11.425,236.799,5.126,-4.58,38.29,9.73,0.2803,0.3774,33.381,0,0
ST-000849,SaaS,Pre-seed,4,10,17.73,2.521,7.898,0.607,10.57,86.14,9.93,0.1303,0.4073,4.855,0,0
ST-000850,Deeptech,Series A,12,31,8.81,18.163,307.919,7.406,-6.31,59.35,11.76,0.1531,0.216,1326.817,2,1
ST-000851,SaaS,Series A,9,30,9.43,17.349,240.521,1.44,26.44,76.26,5.98,0.6023,1.3946,1809.099,3,0
ST-000852,SaaS,Pre-seed,4,46,2.74,11.755,48.122,6.771,13.12,96.0,4.66,0.9644,4.1395,25.814,0,0
ST-000853,Agritech,Seed,8,27,23.07,8.324,336.542,3.044,44.52,38.93,3.4,0.186,0.8133,123.26,1,0
ST-000854,Deeptech,Pre-seed,5,24,14.34,8.046,39.715,4.168,3.16,63.5,15.14,0.6289,1.0702,13.213,0,0
ST-000855,SaaS,Pre-seed,2,31,3.59,7.131,245.759,0.653,-7.8,88.46,13.36,0.094,0.3903,8.951,0,0
ST-000856,Edtech,Pre-seed,3,7,2.77,7.03,412.345,1.884,7.11,63.77,5.22,0.0948,0.2621,34.466,1,0
ST-000857,D2C,Pre-seed,5,17,6.11,5.852,25.341,1.253,51.4,50.68,6.82,0.0827,0.2058,13.449,0,0
ST-000858,Deeptech,Pre-seed,10,42,6.7,12.438,65.771,3.39,38.9,62.86,8.34,0.064,0.1761,11.626,0,0
ST-000859,Fintech,Pre-seed,3,43,8.3,3.386,29.066,1.262,41.29,,4.46,0.6754,1.5296,173.519,0,1
ST-000860,Healthtech,Pre-seed,5,13,17.05,1.328,12.643,0.294,5.43,56.81,8.72,1.5603,2.0384,13.497,1,0
ST-000861,D2C,Pre-seed,7,42,17.62,15.071,437.574,1.803,-10.71,47.07,19.65,0.2035,0.4277,11.914,0,0
ST-000862,D2C,Series A,9,21,14.11,7.04,202.15,5.14,43.85,41.29,4.43,0.2358,1.375,910.728,4,0
ST-000863,Agritech,Pre-seed,8,20,1.44,2.416,18.158,0.548,-11.93,67.04,15.82,0.6973,1.0712,14.99,0,1
ST-000864,Healthtech,Pre-seed,8,5,21.11,3.646,16.517,1.794,17.13,72.58,7.9,0.0607,1.1448,54.431,0,0
ST-000865,SaaS,Seed,15,42,15.34,5.141,41.387,1.951,1.53,82.79,9.62,1.0693,1.5096,212.948,1,1
ST-000866,Deeptech,Pre-seed,5,14,11.97,3.545,43.801,1.408,18.58,49.77,3.2,0.3118,1.2652,20.883,1,0
ST-000867,Agritech,Seed,27,8,6.93,9.492,51.863,2.349,-20.39,48.47,20.54,0.1036,0.0923,131.938,1,1
ST-000868,Agritech,Pre-seed,3,15,11.32,4.993,14.828,4.283,34.86,45.47,2.87,0.1578,0.4761,25.097,0,0
ST-000869,SaaS,Seed,23,3,2.38,11.546,72.522,3.66,44.28,80.87,,1.2093,0.9446,56.928,1,0
ST-000870,SaaS,Seed,10,29,11.01,11.036,86.761,4.485,37.44,64.29,8.78,0.0371,0.1521,87.162,1,0
ST-000871,D2C,Seed,14,37,14.88,5.748,47.342,3.775,-7.87,41.82,12.01,0.0861,0.202,135.638,1,1
ST-000872,SaaS,Seed,5,11,9.99,5.467,11.67,2.566,24.62,69.88,4.88,0.1927,,458.644,2,0
ST-000873,Deeptech,Seed,11,10,6.87,25.638,204.551,13.624,11.9,50.22,7.12,0.968,1.0191,64.189,1,1
ST-000874,Fintech,Pre-seed,9,24,18.05,3.578,16.193,0.141,16.99,88.06,4.84,0.4675,1.2245,15.505,0,1
ST-000875,D2C,Pre-seed,2,25,29.35,2.743,30.029,1.239,51.85,44.39,11.23,0.222,0.7616,19.803,0,0
ST-000876,Deeptech,Seed,6,14,11.84,22.365,82.626,12.964,6.36,60.08,7.88,0.1199,0.4088,144.775,0,0
ST-000877,Edtech,Pre-seed,1,9,14.69,3.349,43.087,1.201,31.27,64.48,6.28,0.2837,0.3663,13.403,1,1
ST-000878,Fintech,Pre-seed,3,29,8.02,3.62,28.891,1.434,-19.65,74.86,26.37,0.32,0.8103,6.029,1,0
ST-000879,Healthtech,Seed,4,7,6.02,6.206,231.025,2.022,17.01,58.66,6.76,0.9376,1.5473,126.517,0,0
ST-000880,Healthtech,Pre-seed,3,12,,10.397,152.764,1.719,36.55,56.91,4.96,0.3655,0.9577,13.081,0,0
ST-000881,Edtech,Pre-seed,24,9,25.13,5.176,42.107,2.353,13.85,59.42,3.9,0.952,0.7398,15.417,0,1
ST-000882,Healthtech,Seed,18,28,4.99,10.513,99.248,6.733,28.41,,4.58,0.8116,4.8914,122.66,1,0
ST-000883,Deeptech,Pre-seed,2,9,3.68,2.582,28.177,0.667,-0.02,74.52,11.88,,0.4855,27.706,1,1
ST-000884,Edtech,Series A,14,59,5.64,14.813,99.562,8.004,4.21,71.18,6.94,0.4704,1.4838,1669.332,3,0
ST-000885,SaaS,Series A,17,41,4.79,12.143,128.368,4.155,11.17,75.21,11.14,1.4381,1.5547,674.538,3,1
ST-000886,Fintech,Series A,8,18,18.89,9.906,76.566,4.336,2.61,77.22,23.54,0.4426,0.3455,438.593,1,1
ST-000887,Edtech,Seed,7,25,17.54,4.217,24.129,2.653,34.37,79.63,5.04,0.1428,0.5079,85.825,2,0
ST-000888,SaaS,Pre-seed,5,9,5.45,6.368,48.189,1.423,39.96,74.14,1.86,0.7531,2.6409,4.56,0,1
ST-000889,SaaS,Seed,3,22,9.62,18.075,151.681,5.987,29.1,78.77,7.86,0.1301,0.5206,112.892,1,0
ST-000890,D2C,Seed,3,13,3.75,3.624,35.831,2.442,-37.66,48.09,29.17,0.0422,0.1225,126.715,2,1
ST-000891,Fintech,Seed,7,10,7.79,5.102,97.119,1.584,8.82,59.53,8.9,0.1301,0.6442,102.355,1,0
ST-000892,Deeptech,Pre-seed,4,25,3.6,9.856,227.172,2.443,34.68,52.55,4.92,0.2105,0.6054,43.836,1,0
ST-000893,Fintech,Pre-seed,2,9,6.93,3.879,26.578,0.849,13.56,,8.69,0.3289,0.4155,34.774,1,0
ST-000894,SaaS,Pre-seed,2,9,3.68,5.743,11.236,3.894,12.32,80.38,3.3,0.1875,2.0576,20.923,0,0
ST-000895,D2C,Pre-seed,4,18,17.95,2.988,45.582,1.317,36.64,81.66,,0.2363,0.316,27.301,1,0
ST-000896,Deeptech,Pre-seed,7,19,9.85,9.058,549.926,2.442,37.72,48.07,6.03,0.1181,0.4698,5.083,1,0
ST-000897,Fintech,Series A,10,12,10.86,7.107,161.687,1.777,26.57,51.81,6.33,0.2386,0.7587,572.995,2,0
ST-000898,SaaS,Pre-seed,11,22,4.95,5.729,39.655,1.887,-14.26,92.76,,0.085,0.3895,26.644,1,1
ST-000899,SaaS,Seed,4,13,,1.63,13.321,1.059,-8.0,84.02,18.15,0.092,0.1992,133.019,1,0
ST-000900,Healthtech,Series A,11,10,9.32,33.068,550.09,8.247,22.26,59.62,2.6,0.4151,1.1881,1699.78,4,0
ST-000901,Edtech,Pre-seed,3,13,25.05,3.312,24.493,1.78,-26.68,,26.53,0.0464,0.0711,13.773,0,1
ST-000902,Fintech,Seed,9,17,8.57,13.705,71.199,7.735,49.94,54.54,5.58,0.1231,0.4127,368.304,1,0
ST-000903,SaaS,Seed,4,25,20.05,8.765,246.346,1.438,18.36,85.46,4.48,0.3592,0.3587,33.46,1,0
ST-000904,Edtech,Pre-seed,13,47,6.66,0.994,5.956,0.215,2.21,64.93,10.6,0.0731,0.3839,30.826,0,1
ST-000905,Deeptech,Seed,2,21,8.87,30.642,608.761,19.92,4.34,58.38,9.43,0.0614,0.6506,101.404,1,0
ST-000906,D2C,Series A,29,31,17.15,18.909,398.338,7.856,39.35,48.55,5.3,0.0849,0.3995,1055.83,3,0
ST-000907,Edtech,Seed,7,7,13.65,11.209,423.542,2.079,-10.95,93.22,12.82,0.1706,0.102,215.462,1,1
ST-000908,SaaS,Series A,14,42,4.72,7.961,196.023,1.968,-26.38,76.46,23.85,0.2793,0.4545,1469.715,2,1
ST-000909,Fintech,Series A,23,22,11.04,22.725,37.464,16.138,-6.86,58.73,13.51,0.0874,0.3806,748.571,3,1
ST-000910,Fintech,Pre-seed,7,6,,2.028,3.208,1.738,23.2,73.9,6.12,,0.4744,14.752,0,1
ST-000911,D2C,Seed,4,37,12.73,8.639,107.577,3.169,49.14,59.24,4.85,,0.4638,37.927,1,0
ST-000912,Deeptech,Seed,9,19,5.02,5.823,307.451,0.754,41.06,43.13,17.18,0.1452,0.3655,97.78,1,0
ST-000913,Deeptech,Seed,20,33,3.19,421.35,3262.697,204.565,6.34,62.29,7.18,0.5329,0.8984,238.421,1,1
ST-000914,Deeptech,Seed,4,56,20.79,17.707,81.577,4.297,21.45,45.16,2.06,1.6991,2.7608,266.619,2,1
ST-000915,Deeptech,Seed,23,7,29.66,29.859,645.322,16.036,22.81,43.1,4.73,0.2402,0.2229,72.971,1,0
ST-000916,Deeptech,Series A,13,15,12.56,18.33,841.099,8.546,18.65,55.56,3.86,0.233,1.612,126.894,2,0
ST-000917,SaaS,Pre-seed,3,26,,5.141,32.974,0.537,-24.36,74.7,23.09,0.0914,,20.901,0,1
ST-000918,SaaS,Seed,4,20,18.83,14.18,108.129,4.96,8.91,67.82,5.34,0.1921,0.3339,64.177,1,0
ST-000919,Fintech,Pre-seed,3,2,4.32,2.405,92.613,0.693,33.59,58.64,7.22,0.1969,0.5947,23.14,0,0
ST-000920,Healthtech,Seed,2,16,4.58,5.463,23.229,2.278,54.68,57.28,4.96,0.6242,1.2372,110.531,1,0
ST-000921,SaaS,Seed,5,17,21.7,14.883,66.833,5.32,23.85,88.83,6.14,0.6603,1.1121,99.352,1,1
ST-000922,Agritech,Seed,5,19,28.06,5.81,30.858,2.588,38.45,,11.75,0.0659,0.2788,102.04,2,0
ST-000923,Healthtech,Seed,3,12,5.87,5.176,60.516,2.614,34.04,63.8,5.2,0.1329,0.3878,189.767,0,0
ST-000924,Healthtech,Seed,10,42,,5.63,46.691,4.162,7.52,42.72,4.46,0.0588,0.1668,24.386,1,0
ST-000925,SaaS,Pre-seed,3,5,8.7,1.6,8.147,0.745,-11.05,79.58,,0.3205,0.5603,15.74,0,1
ST-000926,Fintech,Pre-seed,3,20,3.98,1.27,16.995,0.798,40.77,76.07,2.25,3.0924,3.0291,36.413,1,0
ST-000927,SaaS,Pre-seed,3,11,2.78,1.137,22.526,0.287,55.9,76.74,3.55,0.2324,1.1247,32.614,0,0
ST-000928,Agritech,Series A,13,16,2.87,13.457,637.27,2.695,5.13,57.88,3.95,0.5476,0.7862,2870.929,3,0
ST-000929,Healthtech,Pre-seed,4,34,10.83,7.507,70.447,5.507,42.02,41.91,8.13,,0.4141,19.157,0,1
ST-000930,D2C,Series A,7,20,8.33,91.142,2404.036,42.625,17.16,35.72,2.11,0.5126,0.9282,559.93,2,0
ST-000931,Fintech,Pre-seed,4,20,17.04,5.055,24.016,0.711,-11.98,74.18,19.11,0.2234,0.4899,16.38,1,1
ST-000932,Fintech,Seed,6,31,21.74,3.969,88.322,0.859,16.48,74.95,3.45,3.089,2.8325,84.832,0,0
ST-000933,Edtech,Seed,3,20,12.21,6.37,139.794,1.49,3.57,87.55,,0.4303,0.7383,116.49,0,1
ST-000934,D2C,Seed,5,40,,12.87,74.977,6.625,24.8,55.76,12.84,0.1211,0.2749,138.933,1,0
ST-000935,Agritech,Seed,9,8,1.56,14.273,255.162,5.797,23.89,64.75,4.17,1.4296,1.4162,234.177,1,0
ST-000936,SaaS,Seed,9,25,6.76,14.467,137.776,9.72,1.95,71.45,,0.0175,0.0828,254.01,1,0
ST-000937,Deeptech,Series A,9,59,6.14,33.137,513.797,21.52,-13.47,57.94,15.96,0.2632,0.2592,552.995,3,1
ST-000938,SaaS,Seed,9,24,4.15,7.914,164.82,4.074,5.88,66.82,5.37,0.0811,0.2837,32.177,1,0
ST-000939,Deeptech,Pre-seed,2,4,11.98,10.163,87.377,6.128,49.55,69.95,8.18,0.3452,0.875,33.707,0,0
ST-000940,SaaS,Pre-seed,2,22,,1.644,31.283,0.846,-7.65,78.81,16.31,0.059,0.7068,10.199,0,0
ST-000941,Fintech,Seed,5,43,10.58,2.35,10.371,0.979,30.72,73.34,4.2,0.0832,0.1988,87.254,0,1
ST-000942,Agritech,Seed,16,16,28.96,30.685,220.078,8.341,28.07,26.72,7.81,0.4583,0.4229,278.279,1,0
ST-000943,SaaS,Seed,7,16,2.97,7.143,74.131,2.949,3.91,54.3,10.95,0.3412,,40.696,1,1
ST-000944,Edtech,Seed,5,29,7.06,9.55,44.789,4.821,-2.2,86.39,11.08,0.4523,0.8446,125.096,1,1
ST-000945,Edtech,Pre-seed,10,22,8.58,0.452,3.79,0.222,29.47,96.0,5.76,5.753,2.6109,7.409,1,1
ST-000946,Fintech,Seed,5,20,6.42,30.339,282.165,8.555,14.91,71.88,4.35,1.5264,1.4579,303.879,0,1
ST-000947,D2C,Seed,25,12,5.82,17.832,161.208,6.804,4.93,65.03,6.8,0.2305,0.7949,97.984,1,0
ST-000948,Agritech,Seed,5,15,13.94,2.202,22.042,0.744,25.4,43.91,1.14,0.1307,1.2266,126.895,1,0
ST-000949,Deeptech,Seed,3,10,5.07,9.114,134.482,4.324,49.65,40.67,4.23,0.1758,0.3782,150.368,1,0
ST-000950,Fintech,Series A,9,7,4.38,23.145,195.566,13.741,40.03,86.16,4.95,4.9782,,2066.78,3,0
ST-000951,Healthtech,Seed,5,37,12.52,3.569,41.994,2.425,18.2,61.52,2.21,0.9694,4.3511,63.3,1,0
ST-000952,Fintech,Series A,6,35,12.29,27.167,239.291,12.964,-48.0,65.66,36.89,0.035,0.1881,946.898,2,0
ST-000953,Fintech,Pre-seed,19,24,2.59,11.056,20.218,5.196,11.99,86.31,4.36,0.4266,0.7304,20.685,0,1
ST-000954,SaaS,Seed,8,28,17.21,9.332,124.046,6.066,-5.58,78.2,14.76,,0.5168,77.681,1,0
ST-000955,Deeptech,Seed,8,17,25.99,3.708,19.921,2.878,11.23,45.04,6.18,0.0738,0.3964,124.0,1,0
ST-000956,Deeptech,Seed,5,16,1.95,5.429,75.862,3.31,8.17,42.74,6.48,0.9013,2.5696,105.481,1,1
ST-000957,Agritech,Pre-seed,3,6,14.03,3.246,37.134,0.735,10.37,51.96,4.33,1.7091,2.5091,10.156,0,0
ST-000958,Healthtech,Seed,12,32,10.19,7.409,325.459,3.979,38.11,72.59,3.27,0.5494,0.8995,131.296,2,0
ST-000959,Edtech,Pre-seed,1,64,9.51,2.878,4.528,0.086,12.22,63.83,1.85,1.4612,1.5075,20.368,0,1
ST-000960,Healthtech,Series A,5,29,17.88,14.038,108.763,5.803,8.3,61.76,13.31,0.2133,0.2945,1771.366,2,1
ST-000961,Healthtech,Pre-seed,3,30,10.06,1.263,19.151,0.297,27.01,54.44,5.96,0.5163,1.7799,7.448,0,0
ST-000962,Edtech,Pre-seed,9,30,9.79,6.063,16.318,2.725,-5.21,61.31,11.07,0.471,0.9382,49.393,0,1
ST-000963,SaaS,Seed,5,45,6.15,11.607,143.75,1.878,8.41,96.0,8.56,0.196,0.1676,181.137,1,0
ST-000964,SaaS,Pre-seed,5,9,18.43,5.619,16.573,1.112,-11.78,80.48,13.93,0.206,0.5915,42.308,0,1
ST-000965,Deeptech,Pre-seed,4,5,2.5,8.147,92.174,1.999,30.08,49.47,6.99,0.2668,1.2561,31.695,0,0
ST-000966,Edtech,Seed,14,22,15.69,5.299,79.998,0.207,20.36,85.07,6.33,0.4203,0.8611,231.101,1,1
ST-000967,Deeptech,Seed,2,18,4.88,7.398,134.677,4.18,58.94,54.9,3.38,0.8412,1.8332,651.768,2,0
ST-000968,SaaS,Pre-seed,6,61,8.35,1.854,19.604,0.788,-17.31,80.05,16.03,0.2549,1.5251,10.555,0,0
ST-000969,Healthtech,Seed,6,10,4.03,26.93,127.01,15.116,35.87,60.14,3.68,0.6964,3.4376,62.357,1,0
ST-000970,SaaS,Seed,11,53,6.67,7.281,71.386,4.332,-21.32,64.06,,0.0992,0.3254,65.304,0,0
ST-000971,Fintech,Seed,4,19,4.55,3.018,48.369,0.831,-5.41,63.3,,0.1017,0.5905,81.247,1,0
ST-000972,SaaS,Pre-seed,4,7,7.14,3.777,13.479,1.974,-28.06,84.18,22.52,0.0553,0.2731,25.813,0,0
ST-000973,SaaS,Pre-seed,4,42,16.4,0.86,19.965,0.18,18.45,77.2,10.49,0.3921,0.8359,10.193,0,0
ST-000974,Deeptech,Series A,5,14,6.04,26.228,410.167,15.968,19.73,68.7,4.72,0.3195,0.9453,2420.157,4,0
ST-000975,Fintech,Seed,3,34,2.18,11.057,38.487,3.523,8.73,56.87,24.37,0.1533,0.3818,76.818,1,1
ST-000976,Healthtech,Pre-seed,3,19,11.9,3.133,32.188,1.042,-28.89,65.99,25.96,,0.0892,8.161,0,0
ST-000977,Edtech,Series A,11,58,5.56,6.333,31.613,3.684,2.82,61.16,8.81,0.1086,0.3307,3188.112,3,1
ST-000978,Edtech,Pre-seed,2,34,4.55,5.089,9.748,2.005,19.71,77.15,2.92,0.5084,1.4729,7.185,0,1
ST-000979,Healthtech,Seed,5,18,8.82,8.352,63.359,2.261,-3.71,79.68,,,1.4761,101.343,1,0
ST-000980,SaaS,Seed,2,48,0.98,1.826,16.968,0.336,14.91,95.28,,0.9348,2.4074,116.901,1,1
ST-000981,Deeptech,Series A,8,31,5.79,52.199,2725.219,24.466,36.7,58.65,3.72,0.8005,,644.46,2,0
ST-000982,Agritech,Series A,19,24,18.74,6.619,68.574,1.078,1.95,51.46,8.91,0.9966,0.5631,305.515,2,1
ST-000983,D2C,Pre-seed,6,19,11.43,1.568,17.856,0.486,-5.83,46.72,14.05,0.0328,0.0571,24.216,0,1
ST-000984,Edtech,Seed,6,35,8.48,17.295,232.26,9.377,13.8,55.0,3.32,0.7742,2.0177,65.833,2,0
ST-000985,SaaS,Pre-seed,4,14,,8.272,56.069,2.719,55.13,91.74,8.12,0.0857,0.3737,26.045,0,0
ST-000986,Deeptech,Seed,4,15,16.4,8.461,132.171,3.955,26.11,34.46,5.79,0.1176,0.2694,173.968,1,0
ST-000987,Fintech,Seed,17,13,5.58,4.048,25.687,1.676,-16.2,63.46,17.04,2.1169,2.7793,90.468,2,1
ST-000988,SaaS,Pre-seed,14,21,,2.004,7.589,0.637,45.47,96.0,5.65,0.6095,1.8156,25.602,0,0
ST-000989,Fintech,Pre-seed,4,10,1.03,3.8,25.046,1.452,8.3,49.86,3.08,1.8178,1.3269,15.088,1,1
ST-000990,Agritech,Pre-seed,19,31,7.99,8.519,23.246,6.299,12.09,57.09,6.2,0.1077,0.5761,26.234,0,0
ST-000991,Healthtech,Pre-seed,3,14,11.87,11.76,175.362,4.474,-10.07,71.17,16.73,0.1352,0.7894,43.139,0,0
ST-000992,D2C,Pre-seed,2,24,5.94,4.564,50.907,0.832,20.11,41.53,1.5,1.2342,0.9087,17.759,1,1
ST-000993,Agritech,Series A,6,45,10.81,20.795,206.06,7.61,-27.04,40.3,20.43,0.0721,0.0958,912.349,3,1
ST-000994,SaaS,Seed,5,46,6.87,6.355,103.513,3.046,-8.16,63.29,13.82,0.2738,0.7923,66.177,1,1
ST-000995,Deeptech,Seed,26,23,11.14,6.109,52.141,0.978,28.27,52.61,3.43,0.156,1.1279,40.787,1,0
ST-000996,Edtech,Series A,8,6,9.25,4.228,4.298,2.769,16.66,58.13,4.81,0.5347,1.1892,536.004,2,1
ST-000997,D2C,Seed,4,5,4.9,9.789,91.102,1.376,-0.33,,11.05,0.0458,0.1357,182.158,2,1
ST-000998,SaaS,Pre-seed,2,30,6.99,7.376,87.958,3.809,12.93,92.68,12.08,0.3208,0.8705,24.573,0,0
ST-000999,Deeptech,Series A,20,14,8.01,15.189,489.174,4.055,28.64,48.23,4.04,0.7057,0.5919,623.35,3,0
ST-001000,Fintech,Seed,12,17,7.88,23.456,65.295,16.418,23.54,72.76,7.08,0.1245,0.2296,135.521,1,0
ST-001001,SaaS,Seed,5,38,21.88,5.6,29.813,3.328,29.4,72.22,3.78,2.0777,2.9191,67.993,1,0
ST-001002,Edtech,Series A,3,18,7.72,13.23,306.46,4.062,-10.95,72.63,,0.0592,0.1588,3257.48,4,0
ST-001003,SaaS,Seed,3,9,18.98,6.302,12.557,4.256,0.64,84.03,9.36,0.1748,0.2579,79.724,0,1
ST-001004,SaaS,Seed,18,17,,17.998,79.247,11.968,56.14,93.16,2.32,0.6034,1.4175,195.827,0,0
ST-001005,D2C,Series A,15,36,10.88,21.19,333.775,18.768,5.67,30.19,6.52,0.1593,0.3542,2074.789,2,1
ST-001006,Edtech,Seed,6,15,14.0,6.235,223.617,1.961,5.85,58.35,9.15,0.1147,0.2692,64.268,1,0
ST-001007,Deeptech,Series A,32,33,2.52,23.183,176.847,11.977,16.58,67.9,2.54,1.68,7.7365,667.29,2,0
ST-001008,Fintech,Pre-seed,13,7,12.08,2.212,6.752,0.995,21.63,,5.2,0.6584,1.9465,27.574,0,1
ST-001009,D2C,Pre-seed,4,10,1.39,0.811,5.305,0.078,-3.95,43.46,13.64,0.13,0.2552,17.984,0,1
ST-001010,Edtech,Seed,6,17,5.42,4.435,193.039,2.41,-36.77,72.77,29.45,0.0288,0.0915,589.455,0,0
ST-001011,D2C,Pre-seed,3,36,8.7,3.522,48.624,1.101,10.25,44.47,,0.486,0.7864,27.085,0,0
ST-001012,Healthtech,Series A,8,19,22.13,24.899,576.532,18.225,13.59,63.97,16.16,0.3221,0.3682,105.263,1,0
ST-001013,Edtech,Pre-seed,2,11,12.12,3.018,27.131,1.283,-20.15,65.43,17.81,0.035,0.1616,68.478,0,0
ST-001014,Deeptech,Seed,2,14,5.28,8.17,57.468,1.658,21.1,54.05,,0.7977,1.1966,21.297,0,1
ST-001015,Fintech,Pre-seed,1,24,,0.624,2.501,0.314,24.05,52.61,4.8,0.7954,0.9479,5.059,0,1
ST-001016,SaaS,Series A,20,37,2.32,20.688,202.472,4.426,34.43,76.62,3.71,0.1411,0.871,2772.219,3,0
ST-001017,D2C,Pre-seed,1,35,3.13,4.715,85.311,1.576,-6.05,53.71,18.45,0.0188,0.0767,28.789,0,0
ST-001018,Agritech,Pre-seed,13,51,1.77,6.376,25.683,1.454,24.71,48.25,10.23,0.4174,0.8518,38.691,1,1
ST-001019,SaaS,Pre-seed,2,21,10.78,3.934,55.601,1.624,28.59,87.18,18.2,0.1476,0.6066,37.051,0,0
ST-001020,Edtech,Seed,18,13,5.83,14.849,73.818,3.86,46.53,63.16,4.58,0.5438,0.9248,75.061,1,0
ST-001021,Deeptech,Series A,8,22,8.94,14.759,97.945,11.691,31.89,63.09,2.55,0.8614,2.71,954.138,2,0
ST-001022,D2C,Series A,4,14,,14.434,208.626,3.488,36.18,40.98,4.35,,1.3535,828.748,2,0
ST-001023,Deeptech,Pre-seed,9,19,17.27,7.109,120.814,2.454,20.2,44.93,2.84,0.4773,0.8669,24.045,0,0
ST-001024,Healthtech,Seed,15,13,,14.26,108.967,6.805,6.01,72.3,10.92,,0.3868,61.618,1,0
ST-001025,D2C,Pre-seed,2,34,2.48,5.466,86.078,2.547,43.66,,7.7,1.1291,1.2544,30.954,0,1
ST-001026,Fintech,Seed,5,24,3.78,14.069,125.219,5.241,-11.15,60.14,18.9,0.092,0.1461,38.872,1,0
ST-001027,Deeptech,Seed,4,46,,13.899,176.653,8.62,47.54,57.87,16.73,1.7097,1.0366,156.037,2,0
ST-001028,Fintech,Pre-seed,4,28,5.76,4.533,46.959,1.495,33.63,47.93,5.02,4.5721,8.506,5.995,0,0
ST-001029,D2C,Seed,7,31,3.21,14.846,185.755,9.542,8.44,41.45,5.14,0.2708,,157.713,1,1
ST-001030,Edtech,Series A,8,11,9.67,3.731,36.706,3.075,-19.38,,19.92,0.0697,0.0628,426.04,2,0
ST-001031,Healthtech,Pre-seed,1,24,6.05,2.943,21.689,1.788,15.52,59.77,2.84,,1.4667,17.742,0,0
ST-001032,D2C,Pre-seed,3,51,3.1,12.742,342.015,3.843,3.66,45.12,7.34,0.8842,0.4875,32.875,0,1
ST-001033,Edtech,Pre-seed,6,13,22.61,2.092,37.672,0.321,-16.23,61.54,18.57,0.149,0.2337,22.873,0,1
ST-001034,Deeptech,Pre-seed,3,31,1.73,5.652,39.433,5.19,5.0,55.84,10.0,0.5094,1.0987,17.457,1,0
ST-001035,Edtech,Pre-seed,3,5,7.45,9.22,43.688,4.697,35.96,,,0.6226,1.4118,27.038,1,0
ST-001036,D2C,Seed,4,10,14.22,7.085,402.024,2.041,15.29,73.56,2.33,1.2372,3.3096,131.519,1,0
ST-001037,Fintech,Pre-seed,3,16,18.03,2.857,70.214,1.597,11.93,73.28,,1.2452,0.9749,32.271,0,0
ST-001038,Edtech,Seed,15,15,12.28,15.41,47.334,13.269,-17.43,63.17,17.13,0.1486,0.3808,121.424,2,1
ST-001039,Edtech,Series A,5,15,14.79,10.113,183.215,5.826,10.17,56.81,6.31,0.094,0.3365,433.843,2,0
ST-001040,SaaS,Series A,16,18,13.28,12.072,380.394,4.782,47.05,73.62,9.68,0.6602,1.1354,1651.515,2,0
ST-001041,SaaS,Seed,6,27,,1.776,29.217,0.538,16.29,79.13,7.97,0.1795,0.353,206.654,1,0
ST-001042,D2C,Pre-seed,4,32,,3.695,26.989,2.558,9.41,60.19,8.27,0.81,0.7301,18.477,0,1
ST-001043,D2C,Pre-seed,2,24,6.31,6.623,48.432,1.14,32.7,36.42,9.37,0.1052,0.4236,13.244,0,0
ST-001044,D2C,Pre-seed,3,25,3.58,2.97,46.732,0.785,43.57,51.67,5.72,0.3207,0.3232,10.666,0,1
ST-001045,SaaS,Series A,10,24,9.21,5.626,20.745,4.125,42.99,75.97,,0.211,0.978,1843.411,3,0
ST-001046,Fintech,Series A,7,13,4.39,13.52,93.775,7.732,21.23,,20.78,0.0227,0.2175,577.554,3,0
ST-001047,SaaS,Pre-seed,5,16,7.6,2.477,10.621,1.561,-17.48,77.57,20.6,0.3878,0.6446,13.996,0,1
ST-001048,Agritech,Pre-seed,5,19,7.03,2.956,46.424,1.127,37.83,43.35,6.57,0.487,0.6777,44.566,0,0
ST-001049,Agritech,Seed,24,37,10.31,4.683,137.891,3.297,7.26,44.08,7.8,0.4513,0.919,445.963,2,0
ST-001050,Fintech,Pre-seed,5,45,7.58,17.264,110.928,5.148,5.94,86.79,4.77,0.7149,3.1377,20.014,0,0
ST-001051,D2C,Series A,3,30,8.08,18.476,176.267,9.322,-6.45,47.15,11.87,0.4082,0.5183,613.199,3,1
ST-001052,SaaS,Pre-seed,8,30,2.78,1.102,22.773,0.473,28.39,93.67,12.91,0.9319,0.53,50.988,0,0
ST-001053,Fintech,Pre-seed,3,3,,5.483,33.482,2.037,37.1,71.49,1.63,0.0619,,27.412,0,0
ST-001054,SaaS,Seed,22,17,0.23,7.18,5.485,4.328,1.48,88.32,9.71,0.4858,1.1317,52.148,0,1
ST-001055,Fintech,Pre-seed,10,17,11.92,12.306,427.994,6.81,30.5,63.52,5.83,2.3398,4.6286,29.037,0,0
ST-001056,D2C,Pre-seed,3,24,6.73,3.62,86.818,1.039,40.08,46.4,4.07,0.2077,0.4938,43.733,0,0
ST-001057,Deeptech,Series A,16,57,6.07,19.206,372.153,16.182,21.69,45.98,16.13,0.1545,0.2078,656.787,2,0
ST-001058,SaaS,Pre-seed,3,21,9.4,14.752,146.103,8.655,17.01,70.56,2.05,4.7681,9.6419,17.799,0,1
ST-001059,Healthtech,Seed,6,6,8.49,4.107,42.018,1.794,12.3,60.02,3.27,0.7498,2.0366,213.099,2,0
ST-001060,D2C,Pre-seed,6,25,9.27,7.193,14.418,5.218,3.22,43.88,10.23,0.1451,0.456,17.878,0,0
ST-001061,Deeptech,Pre-seed,8,13,10.35,6.26,35.52,5.224,32.98,56.01,6.28,0.21,0.4911,43.246,0,0
ST-001062,Healthtech,Pre-seed,7,24,7.46,3.227,29.189,0.616,40.93,71.09,5.29,2.6076,1.2428,21.6,0,1
ST-001063,Fintech,Pre-seed,4,26,3.53,3.266,14.163,2.296,19.76,88.0,5.84,,1.3097,25.13,1,1
ST-001064,Healthtech,Pre-seed,18,4,3.06,12.309,233.811,0.913,7.66,51.7,5.53,0.4029,0.9506,28.211,0,0
ST-001065,Fintech,Pre-seed,3,16,4.98,7.28,224.655,2.483,27.33,71.76,4.1,0.2254,0.5616,22.803,0,0
ST-001066,Deeptech,Series A,4,24,20.77,33.82,394.434,17.6,-4.96,51.1,10.86,,2.1058,761.62,4,1
ST-001067,Edtech,Seed,3,25,8.24,12.339,100.927,8.873,41.91,48.35,6.29,0.0715,0.5838,194.399,1,0
ST-001068,D2C,Series A,25,16,11.24,19.01,867.606,4.202,37.97,73.54,1.86,0.8277,,790.439,3,0
ST-001069,SaaS,Seed,6,11,,3.442,18.052,1.441,25.94,80.77,2.26,0.5221,1.5918,264.797,1,0
ST-001070,Edtech,Seed,7,51,7.09,2.097,16.046,1.571,6.51,62.39,10.94,0.1117,0.1885,146.767,1,1
ST-001071,Deeptech,Seed,4,23,4.49,34.702,362.823,15.724,11.48,67.37,3.79,0.3561,1.1033,79.107,1,1
ST-001072,Healthtech,Pre-seed,3,9,11.56,5.377,33.461,0.498,-19.54,89.02,35.37,0.1707,0.1488,26.826,0,1
ST-001073,Edtech,Pre-seed,2,12,6.67,3.594,26.327,1.238,0.91,69.93,9.14,0.1955,1.1893,23.061,0,0
ST-001074,Deeptech,Seed,8,52,12.3,41.995,187.953,29.827,30.93,85.5,3.83,0.2298,0.6512,32.3,1,0
ST-001075,Agritech,Seed,6,41,,3.159,65.241,1.437,-0.74,51.41,16.84,0.0509,0.0821,49.255,2,0
ST-001076,Fintech,Seed,8,14,12.7,1.621,12.141,0.745,65.63,78.81,8.81,0.0861,0.151,117.57,0,0
ST-001077,Healthtech,Pre-seed,5,8,3.96,1.256,8.799,0.742,6.57,,7.07,0.5288,0.7458,23.813,0,1
ST-001078,Edtech,Series A,8,13,4.52,8.499,111.099,6.812,-5.48,57.86,13.13,0.302,0.5461,704.858,2,1
ST-001079,D2C,Pre-seed,2,34,,4.407,33.557,1.002,24.08,51.05,8.95,0.0153,0.0343,30.509,1,0
ST-001080,Fintech,Series A,4,19,15.94,52.044,295.182,20.028,22.02,82.24,5.62,0.9456,1.4955,1590.662,3,0
ST-001081,Fintech,Series A,66,10,8.71,35.066,2030.82,11.026,42.67,62.21,4.12,0.1819,0.6681,2006.375,4,0
ST-001082,Deeptech,Series A,25,18,15.25,3.469,33.679,2.039,8.62,67.98,6.11,0.1859,1.7962,749.273,2,0
ST-001083,Deeptech,Seed,14,25,5.32,86.035,1207.431,28.066,-3.16,61.92,,0.4255,0.8381,79.289,2,0
ST-001084,Agritech,Pre-seed,3,16,6.05,2.641,26.372,0.127,4.75,48.76,,0.2516,0.1345,9.27,0,1
ST-001085,Deeptech,Seed,6,42,18.33,27.723,118.799,2.571,40.77,65.79,4.16,0.4244,0.7721,55.97,1,1
ST-001086,D2C,Seed,4,25,1.53,11.495,79.716,8.696,49.96,39.13,4.88,0.6056,1.2886,171.989,1,0
ST-001087,D2C,Seed,3,27,11.4,7.788,36.083,3.291,2.98,59.19,9.51,0.2698,1.0053,33.322,1,1
ST-001088,D2C,Pre-seed,3,29,7.37,3.415,59.414,0.737,13.85,45.37,3.25,0.6519,0.9369,17.221,0,0
ST-001089,Edtech,Pre-seed,9,28,9.53,1.524,19.628,0.533,46.04,74.92,12.62,0.6072,0.8829,5.663,1,0
ST-001090,Edtech,Pre-seed,6,12,8.57,1.343,16.976,0.703,32.44,69.28,4.04,1.2743,1.8221,12.612,0,0
ST-001091,Fintech,Seed,3,10,9.4,8.85,46.662,2.947,3.14,68.97,10.95,0.99,0.978,121.83,2,1
ST-001092,D2C,Seed,5,24,7.26,2.856,8.203,1.762,-9.43,12.0,23.27,0.1177,0.0842,184.19,1,1
ST-001093,Fintech,Series A,16,26,9.3,62.59,110.42,39.096,-0.21,61.75,9.99,0.1756,0.4229,4643.558,3,1
ST-001094,Fintech,Seed,4,25,11.31,10.696,151.075,5.599,32.78,57.05,6.33,1.4118,1.2548,160.372,1,0
ST-001095,Healthtech,Seed,7,26,6.29,40.008,316.893,15.536,-16.41,,16.1,0.1584,0.2962,113.792,1,1
ST-001096,Edtech,Pre-seed,5,43,7.41,2.481,9.723,0.605,20.7,64.45,3.21,0.8271,2.8802,15.502,0,0
ST-001097,SaaS,Seed,8,18,9.07,4.83,83.507,1.789,7.25,63.61,7.74,0.2832,0.3557,67.861,0,0
ST-001098,Agritech,Pre-seed,5,22,15.33,5.431,99.12,2.471,1.06,58.22,9.25,0.137,0.6567,5.607,1,0
ST-001099,Agritech,Pre-seed,3,8,2.21,2.944,20.908,2.403,6.21,50.18,10.59,0.3433,0.4863,20.795,0,1
ST-001100,SaaS,Pre-seed,3,10,3.76,7.773,35.887,4.035,34.81,81.35,3.75,3.8775,3.2848,3.984,1,0
ST-001101,SaaS,Pre-seed,2,17,23.01,10.865,77.528,4.06,27.62,87.06,4.34,0.7962,1.3837,14.623,0,0
ST-001102,Fintech,Pre-seed,1,9,10.5,11.49,219.146,6.364,38.17,,3.52,0.2641,0.7516,28.051,1,0
ST-001103,Agritech,Seed,6,30,,18.156,370.973,9.584,-2.15,74.15,16.42,0.0835,0.3202,259.306,0,0
ST-001104,Agritech,Pre-seed,6,23,30.42,6.393,60.018,1.132,-18.82,62.02,19.3,0.0283,0.0825,24.14,1,0
ST-001105,SaaS,Pre-seed,2,11,,2.598,29.494,0.593,20.29,82.77,3.48,0.1822,1.3086,15.731,0,0
ST-001106,Agritech,Pre-seed,5,15,5.75,8.063,561.516,0.475,16.15,55.63,3.05,0.1648,0.4271,26.871,1,0
ST-001107,SaaS,Seed,10,39,0.95,12.21,437.092,7.711,4.63,79.62,6.22,0.6273,1.016,115.62,1,0
ST-001108,Edtech,Seed,2,23,7.13,4.168,50.962,1.344,-26.65,61.65,26.09,0.181,0.3993,288.064,1,1
ST-001109,Deeptech,Pre-seed,3,58,8.34,4.199,122.777,1.485,34.52,67.71,,2.158,2.1187,3.431,0,0
ST-001110,SaaS,Pre-seed,11,15,13.86,3.611,45.967,0.946,-45.55,96.0,45.0,0.0116,0.0456,23.149,0,1
ST-001111,SaaS,Series A,14,23,14.34,31.509,1060.063,14.65,28.36,80.18,3.68,2.1178,1.9686,1877.602,2,0
ST-001112,Edtech,Seed,2,21,11.61,7.074,39.91,3.22,28.9,73.0,2.05,14.6518,17.0951,133.377,2,1
ST-001113,Healthtech,Seed,9,7,15.71,8.831,170.29,4.44,27.59,53.01,4.46,0.282,0.5904,396.735,1,1
ST-001114,Deeptech,Seed,4,19,9.34,10.213,247.355,4.096,13.52,65.12,18.72,0.2995,0.3695,161.737,2,0
ST-001115,Deeptech,Series A,15,22,2.29,17.011,213.094,8.814,-34.36,47.82,28.43,0.1063,0.3097,704.904,2,1
ST-001116,SaaS,Series A,7,36,6.76,6.123,51.611,2.224,-20.32,84.26,20.32,0.0373,0.103,3018.148,3,1
ST-001117,SaaS,Pre-seed,4,35,6.8,6.838,96.17,0.544,-1.15,86.9,,0.2334,0.8561,17.955,0,1
ST-001118,Agritech,Seed,4,17,8.78,3.268,11.365,1.591,53.71,66.53,4.16,0.7297,2.4324,116.439,1,0
ST-001119,Fintech,Pre-seed,4,3,16.07,5.467,44.506,1.526,36.45,45.38,10.06,0.1,0.265,18.325,0,0
ST-001120,Deeptech,Seed,4,23,7.86,8.532,66.105,2.219,11.06,75.67,3.54,0.2496,0.5426,48.955,1,0
ST-001121,D2C,Pre-seed,3,9,8.0,7.033,143.692,1.973,3.5,61.38,9.18,0.3527,1.2762,27.864,0,0
ST-001122,SaaS,Pre-seed,2,20,32.86,3.015,47.45,0.581,19.16,87.85,5.46,0.1418,0.3252,28.979,0,0
ST-001123,Agritech,Series A,14,28,4.0,6.31,129.765,3.471,31.15,48.64,5.04,0.0238,0.1355,497.347,3,0
ST-001124,SaaS,Series A,11,16,9.91,28.856,526.364,17.57,19.69,93.77,4.19,0.1421,0.5833,4057.515,4,0
ST-001125,Edtech,Pre-seed,1,19,5.39,1.873,4.716,1.121,-12.83,87.79,14.08,0.1786,0.3433,10.099,1,1
ST-001126,Healthtech,Series A,19,10,10.58,18.986,708.523,11.927,43.52,60.09,5.68,0.0497,0.247,775.672,3,0
ST-001127,Edtech,Pre-seed,3,21,17.3,8.494,163.158,2.641,26.49,83.05,4.27,0.0979,0.5973,60.355,0,0
ST-001128,D2C,Seed,7,33,12.87,4.586,17.208,2.034,4.25,58.92,13.95,0.0206,0.1876,69.86,0,0
ST-001129,D2C,Series A,16,32,9.79,13.794,330.408,5.161,20.79,61.79,4.54,0.5682,2.7293,2965.268,3,0
ST-001130,Deeptech,Pre-seed,5,12,8.09,4.383,67.491,1.452,41.88,66.67,4.86,1.2598,1.446,5.825,1,0
ST-001131,Deeptech,Seed,13,32,15.72,12.59,184.787,6.105,22.98,58.28,5.48,0.7661,0.945,20.993,1,0
ST-001132,Healthtech,Seed,5,30,13.38,8.44,42.636,5.009,24.15,50.08,,1.6735,1.9435,223.675,1,0
ST-001133,SaaS,Pre-seed,7,26,8.16,7.483,72.897,2.205,48.59,76.77,1.76,2.6299,11.6242,8.807,1,0
ST-001134,D2C,Seed,7,43,,4.962,78.825,3.242,1.79,55.62,10.89,0.0158,0.1896,89.714,1,0
ST-001135,Deeptech,Pre-seed,5,22,4.84,14.964,177.64,2.579,-3.69,55.9,9.4,0.0723,0.2107,35.59,0,1
ST-001136,Fintech,Seed,8,11,29.2,31.673,122.284,18.43,5.64,47.11,7.09,0.1305,0.3086,150.474,1,0
ST-001137,Edtech,Pre-seed,8,9,16.11,4.083,31.944,1.262,34.69,60.57,7.25,0.2376,0.7576,15.721,0,0
ST-001138,Edtech,Pre-seed,6,22,3.11,1.922,24.082,0.895,37.12,54.87,16.61,0.2118,0.7051,9.129,0,1
ST-001139,SaaS,Seed,5,6,,7.174,78.074,1.345,18.89,84.91,2.81,0.194,1.0158,54.851,1,0
ST-001140,D2C,Pre-seed,3,15,,3.702,131.963,2.293,-0.79,57.58,9.23,0.2805,0.4407,29.934,0,0
ST-001141,Fintech,Seed,6,17,2.5,35.738,449.392,26.967,52.88,70.5,1.88,0.8207,2.5408,171.639,0,0
ST-001142,Agritech,Seed,4,29,13.6,6.311,129.34,3.772,-8.89,35.77,13.31,0.1529,0.5984,243.31,2,0
ST-001143,Agritech,Seed,3,9,7.9,18.398,232.642,10.231,5.88,47.89,21.83,0.1189,0.3223,160.618,1,1
ST-001144,Agritech,Pre-seed,1,25,13.99,3.845,32.97,0.553,2.21,40.61,6.69,0.2487,0.2071,24.248,0,1
ST-001145,Edtech,Series A,4,22,12.85,12.873,439.459,9.25,36.29,65.58,0.82,16.3937,11.0856,447.431,2,0
ST-001146,Fintech,Seed,21,25,7.03,7.729,75.503,1.338,11.78,76.52,8.44,0.582,0.5458,96.818,1,1
ST-001147,D2C,Pre-seed,3,7,5.32,3.356,40.845,0.726,51.55,49.23,8.23,0.1167,0.5515,8.303,0,0
ST-001148,Agritech,Seed,20,30,1.32,12.9,136.518,6.152,32.32,52.52,5.14,0.0459,0.2937,330.757,2,0
ST-001149,Edtech,Seed,8,36,30.01,3.843,10.993,2.011,-4.05,84.54,13.09,0.0939,0.1057,105.964,0,1
ST-001150,Deeptech,Seed,6,93,12.3,22.857,323.123,15.935,8.85,48.35,9.4,0.0788,0.3076,34.008,1,0
ST-001151,SaaS,Seed,2,24,3.44,20.852,460.896,6.969,4.29,94.5,,0.4704,0.2881,98.939,1,0
ST-001152,Deeptech,Seed,6,35,7.89,7.479,64.744,1.416,44.56,54.92,2.76,0.8373,1.2873,168.675,2,1
ST-001153,SaaS,Series A,33,14,15.62,33.776,287.025,13.416,31.77,96.0,2.42,0.6138,1.795,1354.693,2,0
ST-001154,SaaS,Seed,16,41,8.65,15.717,77.95,6.958,-17.81,85.27,,0.0976,0.3875,49.636,1,0
ST-001155,Healthtech,Series A,12,11,2.77,31.758,1987.908,7.89,25.03,43.38,3.2,0.8258,1.2237,2391.882,3,0
ST-001156,SaaS,Seed,3,50,13.32,4.674,52.229,2.831,14.18,78.03,7.61,0.6194,,70.464,0,0
ST-001157,SaaS,Series A,6,27,2.78,12.988,467.524,4.868,-12.78,68.19,21.12,0.1892,0.4159,347.198,2,0
ST-001158,SaaS,Series A,6,11,14.55,12.975,59.227,8.601,-3.36,96.0,11.47,1.7458,1.6861,1240.736,3,1
ST-001159,Edtech,Pre-seed,9,14,10.79,15.294,156.51,12.577,12.46,59.31,5.89,0.1787,0.8135,7.146,0,0
ST-001160,Agritech,Pre-seed,11,30,8.07,3.523,9.188,1.698,-29.48,65.9,24.65,0.0302,,26.621,0,1
ST-001161,SaaS,Seed,7,19,7.83,6.476,27.399,3.873,20.15,92.62,3.08,3.4932,4.7841,20.76,0,1
ST-001162,D2C,Seed,5,19,,3.395,216.07,1.116,17.28,35.31,3.0,0.4934,1.0884,231.203,1,0
ST-001163,Agritech,Seed,16,33,12.28,3.377,59.546,1.477,10.16,35.38,6.08,0.1674,0.7869,117.276,1,0
ST-001164,SaaS,Seed,3,20,3.3,4.515,31.912,1.934,16.26,92.97,7.76,1.2274,1.673,59.049,1,1
ST-001165,SaaS,Series A,10,45,5.61,18.36,25.819,15.469,9.26,78.34,7.66,0.5742,0.6256,301.843,3,1
ST-001166,Agritech,Pre-seed,5,12,,1.273,14.429,0.591,-6.6,52.21,13.38,0.2107,,14.399,0,1
ST-001167,Agritech,Seed,4,7,,4.209,37.986,1.369,2.05,53.87,16.0,0.1048,1.1489,247.246,1,0
ST-001168,Healthtech,Pre-seed,3,17,7.35,1.212,29.434,0.139,0.68,30.92,17.81,0.0119,,11.268,0,0
ST-001169,Agritech,Seed,4,22,9.11,18.653,60.862,12.122,28.73,51.24,2.08,1.0712,1.3045,84.656,1,1
ST-001170,SaaS,Pre-seed,9,12,3.77,4.165,76.951,1.276,-5.38,94.63,10.85,0.507,,34.822,0,0
ST-001171,Edtech,Seed,20,25,4.76,8.131,65.689,4.142,3.9,47.66,,,0.5108,493.049,2,0
ST-001172,D2C,Seed,7,7,1.4,3.54,13.72,2.654,16.06,56.99,8.44,0.1383,0.3302,46.966,1,1
ST-001173,Fintech,Seed,5,25,2.25,23.017,301.251,8.923,-16.51,65.61,17.93,0.3173,0.5037,92.43,1,1
ST-001174,D2C,Seed,4,10,6.18,22.897,1157.471,12.513,5.93,35.49,8.09,0.9932,0.9224,103.712,2,0
ST-001175,Edtech,Pre-seed,4,6,14.95,3.562,51.452,1.848,17.48,70.81,7.09,0.596,0.8552,13.875,0,0
ST-001176,D2C,Pre-seed,3,18,8.09,2.869,44.63,0.359,20.24,47.81,4.97,0.1363,0.2246,12.005,0,0
ST-001177,Edtech,Pre-seed,4,6,,5.052,39.248,0.561,24.1,,3.44,0.4966,1.9561,14.975,0,0
ST-001178,Fintech,Series A,13,7,5.64,32.432,1401.307,9.322,-2.24,,9.48,0.2598,0.6677,2754.62,2,0
ST-001179,SaaS,Series A,8,31,16.81,26.487,313.838,13.264,-9.2,96.0,14.54,0.0695,0.2295,1265.038,2,0
ST-001180,SaaS,Pre-seed,3,8,33.48,6.221,13.303,1.774,6.93,81.59,,1.6793,1.8577,24.759,0,1
ST-001181,D2C,Pre-seed,3,24,10.6,8.108,181.246,0.776,20.84,52.76,1.88,1.6309,3.1864,72.248,0,0
ST-001182,SaaS,Seed,5,18,1.32,4.488,48.308,2.368,9.16,78.13,5.13,,0.5478,245.203,2,0
ST-001183,SaaS,Seed,5,22,1.28,14.247,130.849,6.681,-8.19,71.43,11.32,0.7224,0.7256,88.465,1,1
ST-001184,SaaS,Pre-seed,6,31,,2.782,53.455,1.319,63.28,92.39,8.53,0.1778,1.227,50.127,0,0
ST-001185,SaaS,Pre-seed,1,22,4.55,0.633,2.801,0.305,0.17,81.49,7.58,0.2048,0.5071,7.313,0,0
ST-001186,Agritech,Pre-seed,10,25,14.31,2.543,20.312,0.368,-11.08,48.38,,0.0307,0.1075,6.565,0,0
ST-001187,Edtech,Pre-seed,4,24,6.02,2.278,20.858,0.55,2.2,77.95,12.81,0.5516,0.3679,13.253,1,1
ST-001188,Deeptech,Pre-seed,6,11,16.79,7.112,93.406,2.525,35.13,74.48,,0.2744,1.0094,66.53,0,0
ST-001189,SaaS,Pre-seed,6,22,5.22,7.052,38.958,2.897,28.96,76.15,1.74,3.0614,4.0023,20.488,0,1
ST-001190,D2C,Seed,4,12,32.74,8.914,42.664,4.209,52.97,66.07,6.79,0.245,0.5916,185.13,2,0
ST-001191,Edtech,Seed,4,26,19.65,27.616,315.554,5.39,-5.74,58.4,13.85,0.4355,0.4601,119.121,1,1
ST-001192,Edtech,Pre-seed,2,14,5.71,2.326,13.677,1.092,10.65,69.34,16.04,0.0876,0.3871,25.463,0,1
ST-001193,Deeptech,Seed,5,20,4.12,2.738,123.876,0.695,36.77,67.48,,,3.6564,357.571,1,0
ST-001194,Deeptech,Seed,10,47,19.81,13.991,38.005,7.183,-6.54,20.15,11.71,0.0646,0.2021,309.693,2,0
ST-001195,Deeptech,Seed,4,28,3.35,7.737,185.468,3.273,39.85,47.25,3.25,0.8025,2.337,139.195,0,0
ST-001196,SaaS,Series A,15,18,5.39,6.477,18.007,1.705,14.73,77.28,8.82,0.124,0.3405,726.081,1,0
ST-001197,SaaS,Pre-seed,1,5,3.31,3.114,31.888,0.551,0.23,84.93,7.23,0.9583,1.9615,3.188,0,1
ST-001198,D2C,Series A,8,26,9.6,8.455,45.049,4.885,-22.04,48.0,20.37,0.2341,0.7705,340.302,3,1
ST-001199,Fintech,Seed,13,8,17.53,6.092,20.214,3.833,26.47,40.82,5.74,0.6085,1.3487,141.397,1,0
ST-001200,D2C,Seed,6,50,5.87,23.22,814.258,8.737,46.5,43.66,9.81,0.0561,0.1087,76.7,1,0
ST-001201,Healthtech,Pre-seed,2,16,15.27,5.062,94.312,1.933,24.14,45.73,2.98,1.0763,,17.129,1,0
ST-001202,Healthtech,Pre-seed,3,29,10.06,3.824,45.103,0.824,25.33,56.14,5.8,0.1492,1.3029,48.183,0,0
ST-001203,Agritech,Pre-seed,1,7,3.22,11.211,125.088,4.929,22.54,48.12,3.4,1.0162,2.2956,22.923,0,0
ST-001204,D2C,Series A,5,32,5.53,12.014,63.142,10.574,33.37,50.25,,,0.8572,789.762,2,1
ST-001205,SaaS,Seed,12,37,2.26,3.047,18.513,1.654,41.26,76.95,4.59,0.2188,,105.547,1,0
ST-001206,SaaS,Pre-seed,3,24,3.09,1.484,5.628,0.888,-43.57,82.23,30.84,0.1749,0.6093,15.875,1,1
ST-001207,Healthtech,Seed,5,32,23.51,8.371,71.879,1.975,8.78,56.91,8.1,0.2011,0.3675,74.924,1,0
ST-001208,Edtech,Pre-seed,1,22,8.95,1.041,8.152,0.408,4.01,70.53,19.19,0.1627,0.147,13.22,0,1
ST-001209,Fintech,Pre-seed,1,13,8.0,2.239,73.068,0.399,20.96,53.52,6.31,0.0719,0.1951,24.749,0,0
ST-001210,Edtech,Seed,13,12,8.79,4.941,103.099,0.904,7.18,66.11,7.2,0.0923,0.1865,185.174,2,0
ST-001211,D2C,Seed,9,13,4.03,175.27999999999997,302.755,4.618,24.85,35.29,6.72,0.2576,0.394,49.679,1,0
ST-001212,Agritech,Seed,3,51,6.07,17.231,77.796,12.519,22.51,47.44,3.18,0.807,2.2225,161.717,1,0
ST-001213,Healthtech,Seed,4,24,10.53,14.257,239.484,4.529,-24.74,65.13,25.35,0.0585,0.2414,31.08,1,0
ST-001214,Fintech,Seed,6,39,1.76,9.947,17.181,3.327,-30.21,57.96,23.59,0.0943,0.1658,117.475,1,1
ST-001215,Fintech,Series A,5,18,1.01,12.672,88.077,5.769,29.88,66.42,5.88,0.5965,2.3275,1440.094,2,1
ST-001216,Healthtech,Pre-seed,1,27,5.14,6.122,23.342,2.275,-0.45,58.91,10.25,0.5322,1.3134,9.911,0,1
ST-001217,Fintech,Seed,6,12,4.51,35.986,268.824,13.195,51.59,90.43,4.17,0.68,0.814,237.39,1,1
ST-001218,Healthtech,Seed,9,18,18.26,9.817,84.003,4.17,33.4,66.68,12.25,0.7207,0.471,109.722,1,0
ST-001219,D2C,Pre-seed,6,13,4.02,2.904,22.395,0.834,-20.54,53.29,18.51,0.0889,0.2373,5.51,0,0
ST-001220,SaaS,Pre-seed,7,43,10.7,3.443,29.422,1.533,0.26,72.16,12.07,0.1605,0.3558,14.006,1,0
ST-001221,SaaS,Pre-seed,1,10,4.5,3.184,42.116,0.46,22.03,54.19,3.79,1.0496,1.518,13.438,0,1
ST-001222,SaaS,Pre-seed,4,25,10.27,5.727,193.35,0.531,7.63,75.08,10.28,1.0548,1.6506,17.794,0,0
ST-001223,Deeptech,Seed,5,26,9.06,6.609,41.113,3.585,11.86,39.87,2.33,,0.2883,70.857,1,1
ST-001224,D2C,Pre-seed,4,7,21.23,5.426,32.314,1.152,-6.27,50.16,12.77,0.1281,0.3504,11.349,1,0
ST-001225,SaaS,Seed,5,40,3.72,11.124,126.526,2.245,22.75,84.73,,2.1492,2.4924,138.265,1,1
ST-001226,Deeptech,Pre-seed,3,37,3.73,7.66,115.896,0.825,17.41,59.98,,0.1611,0.3101,13.853,0,0
ST-001227,Edtech,Pre-seed,1,20,35.0,1.553,14.646,0.666,32.87,65.89,10.27,0.5035,0.8498,23.929,0,0
ST-001228,Edtech,Pre-seed,8,18,17.12,3.048,129.689,1.062,15.99,56.92,3.22,1.254,,4.392,1,0
ST-001229,Deeptech,Pre-seed,5,5,5.46,4.092,90.404,0.872,3.8,49.65,6.43,0.0988,0.3378,11.484,0,0
ST-001230,SaaS,Series A,4,11,3.9,13.421,378.668,6.759,16.88,86.24,3.75,1.5098,3.106,521.229,2,0
ST-001231,SaaS,Pre-seed,5,14,,2.387,13.793,1.696,24.62,96.0,7.77,0.0335,0.3631,7.192,0,0
ST-001232,Healthtech,Pre-seed,3,9,16.63,11.331,131.745,2.544,17.04,65.37,5.77,0.3857,0.5065,13.311,0,1
ST-001233,SaaS,Pre-seed,3,29,4.78,4.413,6.965,0.56,42.79,85.72,3.91,0.1198,0.8813,20.921,1,0
ST-001234,D2C,Pre-seed,2,6,4.12,1.263,11.793,0.542,-5.8,68.61,18.02,0.4208,1.0029,6.61,0,1
ST-001235,SaaS,Seed,9,8,4.04,2.837,29.94,0.294,34.58,81.52,6.02,0.6709,1.1336,67.438,1,1
ST-001236,SaaS,Seed,4,28,11.83,17.592,149.051,6.897,-10.11,71.39,,0.1166,0.1413,108.633,0,0
ST-001237,SaaS,Pre-seed,2,21,6.69,3.388,61.616,1.33,30.71,85.87,1.48,5.4299,5.2507,28.707,0,0
ST-001238,Edtech,Seed,13,23,16.99,4.911,17.204,1.934,-27.65,84.95,35.35,0.0517,0.0783,242.851,2,1
ST-001239,SaaS,Seed,6,31,26.7,16.652,289.922,9.027,9.22,91.63,5.52,1.0796,1.5358,72.812,2,0
ST-001240,SaaS,Series A,9,17,9.07,12.691,232.418,5.103,34.03,84.14,1.25,1.0736,1.8785,334.185,2,0
ST-001241,Agritech,Seed,10,16,9.75,2.875,42.043,1.562,6.8,30.78,8.41,0.0619,0.0884,170.503,1,0
ST-001242,Fintech,Pre-seed,3,21,6.42,2.312,45.478,0.781,14.81,50.96,1.88,0.8381,3.4444,62.822,1,0
ST-001243,Fintech,Seed,5,24,8.8,15.673,21.876,13.453,21.03,71.66,10.45,0.2844,0.323,339.787,1,0
ST-001244,SaaS,Series A,12,15,1.39,61.021,517.212,48.814,-35.08,78.12,,0.3212,0.4547,4693.863,4,1
ST-001245,Fintech,Seed,2,37,10.39,18.258,45.844,12.362,21.42,66.94,4.35,0.116,0.2255,325.592,2,1
ST-001246,Fintech,Series A,12,12,14.62,14.514,250.087,4.023,-6.39,78.71,11.44,0.5891,0.7911,455.882,3,0
ST-001247,Healthtech,Series A,6,21,,14.427,60.139,10.623,33.37,49.16,6.6,0.0917,0.3879,653.013,2,0
ST-001248,SaaS,Pre-seed,7,8,23.84,3.994,14.829,2.361,14.39,75.12,10.07,0.7671,0.9636,11.454,0,1
ST-001249,Deeptech,Seed,9,63,5.22,2.675,21.65,0.774,20.61,71.2,4.7,0.4485,0.832,274.985,1,0
ST-001250,Deeptech,Seed,8,22,19.87,11.648,122.97,2.428,-10.15,44.21,14.64,0.2014,0.356,63.806,0,1
ST-001251,SaaS,Seed,2,11,12.55,11.252,75.649,7.126,31.52,94.77,3.23,1.0075,1.791,408.767,1,0
ST-001252,SaaS,Seed,6,16,2.95,26.483,322.456,15.912,14.04,85.88,4.08,0.1858,1.6973,163.447,1,0
ST-001253,SaaS,Series A,5,29,16.37,31.042,1348.07,15.281,-18.59,,19.24,0.1617,0.8293,1682.353,3,0
ST-001254,Healthtech,Seed,6,33,8.05,35.583,218.473,15.393,3.78,64.61,7.69,0.2095,0.6577,53.297,1,1
ST-001255,SaaS,Seed,1,12,11.1,24.78,349.001,3.336,28.53,86.06,2.84,0.5241,1.4278,137.142,0,1
ST-001256,Agritech,Pre-seed,1,38,6.54,9.687,83.636,4.065,18.74,59.23,,0.0225,,44.969,0,0
ST-001257,D2C,Seed,13,21,7.3,7.906,45.715,2.381,29.31,25.59,4.34,0.3163,,105.383,1,1
ST-001258,Agritech,Series A,13,32,1.79,16.692,37.781,9.164,5.25,65.93,6.91,0.8861,1.6432,1239.261,3,1
ST-001259,Healthtech,Seed,5,15,11.68,2.664,15.171,0.671,39.8,65.7,,0.6733,1.4443,33.052,1,0
ST-001260,Deeptech,Pre-seed,2,34,7.91,6.567,23.957,5.013,45.47,70.67,5.74,1.6237,3.3523,12.273,0,1
ST-001261,SaaS,Series A,5,30,9.8,21.277,170.816,8.331,-23.97,86.92,22.08,0.1344,0.3673,287.41,2,1
ST-001262,Edtech,Series A,11,18,11.31,10.157,44.189,2.12,25.23,91.02,,0.7453,1.7456,2195.292,3,1
ST-001263,Fintech,Seed,5,17,,3.287,25.778,1.669,46.14,,4.97,4.4826,2.4903,163.577,2,1
ST-001264,Deeptech,Pre-seed,10,29,12.01,18.688,159.744,4.877,25.91,75.79,5.44,0.1454,0.3859,21.292,0,0
ST-001265,Healthtech,Seed,6,27,1.75,11.878,48.959,9.276,13.49,53.52,6.02,0.1203,0.367,37.843,1,0
ST-001266,Agritech,Pre-seed,4,14,6.67,12.249,202.699,5.269,-11.97,58.0,17.33,0.0879,,105.728,0,0
ST-001267,SaaS,Pre-seed,2,28,2.89,6.582,7.331,4.597,9.34,93.68,6.84,0.3298,0.4812,7.788,0,1
ST-001268,Deeptech,Seed,5,24,0.64,30.678,424.107,11.707,3.66,58.2,6.69,,0.9738,30.905,1,0
ST-001269,Edtech,Series A,11,8,10.96,28.777,311.888,13.184,31.36,45.57,21.83,0.0241,0.1138,1781.182,2,0
ST-001270,Edtech,Pre-seed,3,16,26.38,2.081,21.97,0.588,36.78,68.47,6.5,0.9585,1.7272,6.784,1,0
ST-001271,Deeptech,Series A,7,38,0.77,15.208,193.297,12.642,9.37,52.82,9.03,0.3751,0.6301,502.411,2,1
ST-001272,Fintech,Series A,12,56,11.74,14.037,161.406,7.961,-7.08,77.93,16.28,,1.4586,5041.945,2,0
ST-001273,Edtech,Pre-seed,10,8,6.13,1.693,4.002,0.329,-28.83,57.22,24.26,0.0153,0.0479,28.369,0,1
ST-001274,Healthtech,Pre-seed,4,28,7.33,16.497,121.915,7.62,28.23,57.0,2.8,0.5299,2.1667,21.078,1,1
ST-001275,SaaS,Seed,13,21,11.48,7.617,101.715,3.595,24.94,74.59,4.4,0.4771,1.4017,68.475,1,0
ST-001276,Fintech,Seed,9,10,10.4,13.887,235.668,4.255,-29.49,64.56,22.78,0.081,0.2326,105.398,0,1
ST-001277,SaaS,Pre-seed,8,8,6.54,1.479,4.731,0.916,26.79,82.94,,1.2406,2.2091,17.506,0,1
ST-001278,SaaS,Seed,4,11,5.23,13.322,57.579,4.505,32.68,88.29,,,0.5028,37.544,1,1
ST-001279,Agritech,Seed,5,8,10.48,5.062,75.651,2.923,-43.43,57.43,34.61,,0.0289,120.606,1,1
ST-001280,Healthtech,Seed,5,9,1.05,21.982,351.243,10.704,-6.8,48.94,14.32,0.0199,,71.658,0,1
ST-001281,Fintech,Seed,9,22,11.4,6.09,31.881,1.585,66.61,58.47,5.19,0.2882,0.4564,243.137,0,0
ST-001282,Edtech,Pre-seed,6,4,6.15,8.856,28.632,4.111,17.48,60.55,7.11,0.0443,0.1441,19.88,0,1
ST-001283,Edtech,Pre-seed,4,10,18.66,6.683,31.913,4.903,64.17,63.15,4.64,0.3987,1.3563,10.289,0,0
ST-001284,D2C,Pre-seed,7,13,7.8,2.896,14.731,1.72,21.06,38.47,3.48,0.1129,0.3948,9.801,1,0
ST-001285,Deeptech,Series A,7,15,18.05,60.892,704.044,42.906,36.57,49.75,10.96,,0.3208,396.093,2,1
ST-001286,Deeptech,Series A,17,11,3.59,50.169,1780.596,15.954,7.05,72.27,5.3,0.9654,1.2573,1160.662,4,0
ST-001287,Edtech,Seed,12,21,3.34,9.251,29.429,5.243,0.98,70.39,15.17,0.1329,0.3057,91.741,1,1
ST-001288,Fintech,Pre-seed,6,9,4.39,2.546,17.144,1.697,-17.02,55.84,18.97,0.2121,0.3554,45.543,1,1
ST-001289,Edtech,Seed,7,13,20.81,11.568,66.735,3.927,26.42,71.4,5.75,0.4229,0.6462,359.461,1,0
ST-001290,Healthtech,Pre-seed,6,16,7.57,4.854,85.285,1.483,-1.24,58.47,10.4,0.2065,0.3953,12.822,0,1
ST-001291,Edtech,Pre-seed,2,25,5.07,3.517,37.686,2.11,-3.52,87.32,9.99,0.1312,0.4413,9.413,0,0
ST-001292,D2C,Pre-seed,4,11,10.35,4.271,21.62,1.382,-16.1,41.06,16.72,0.2748,0.3612,19.007,0,1
ST-001293,Healthtech,Series A,12,18,4.59,16.62,451.949,7.735,14.41,57.56,5.9,0.0393,0.2669,1260.686,3,0
ST-001294,Fintech,Pre-seed,2,7,10.26,2.792,42.078,1.432,32.74,64.74,,0.6563,2.1042,13.489,0,0
ST-001295,Fintech,Seed,8,34,7.54,3.35,26.944,2.003,10.28,55.85,3.84,1.966,3.3348,44.347,1,0
ST-001296,Fintech,Series A,5,25,4.92,5.532,116.028,1.929,6.95,73.1,9.94,0.2107,0.7681,1748.745,3,0
ST-001297,SaaS,Seed,5,32,,9.166,27.537,4.052,47.44,82.51,6.26,0.4831,0.6226,47.719,1,0
ST-001298,SaaS,Pre-seed,4,30,,0.674,24.885,0.227,-17.06,85.74,16.27,0.1953,0.4963,17.631,0,0
ST-001299,D2C,Series A,6,17,13.73,25.07,327.999,10.498,51.86,48.31,9.8,0.0733,0.223,272.356,2,0
ST-001300,Fintech,Seed,7,56,2.77,14.361,337.543,7.343,-12.97,70.02,22.3,0.1473,0.5164,62.761,1,0
ST-001301,SaaS,Seed,6,31,,5.942,24.324,3.24,12.9,96.0,4.26,1.1098,2.3229,168.797,1,1
ST-001302,Healthtech,Seed,4,22,9.2,18.568,59.787,5.179,23.17,69.05,1.83,2.7478,3.1287,462.477,1,1
ST-001303,D2C,Series A,14,18,4.19,12.324,250.394,4.386,34.51,28.25,2.19,1.1811,2.6921,2027.622,3,0
ST-001304,Fintech,Seed,4,13,6.89,13.484,91.402,2.216,-18.14,71.43,18.03,0.0605,0.307,161.99,1,0
ST-001305,Agritech,Seed,26,21,4.85,1.66,6.831,1.3,18.93,64.83,9.88,0.1104,0.1637,89.71,0,1
ST-001306,Deeptech,Seed,6,24,5.96,2.28,28.744,1.651,2.54,32.51,9.95,0.1733,0.2515,43.584,1,1
ST-001307,Healthtech,Pre-seed,2,3,3.37,3.907,68.808,1.676,37.84,50.21,2.44,0.6265,1.2302,3.856,0,0
ST-001308,D2C,Seed,3,16,,10.52,99.185,9.211,2.29,54.61,16.24,0.073,,207.97,2,0
ST-001309,SaaS,Pre-seed,8,19,1.11,7.646,123.269,3.26,-23.73,92.68,21.98,0.3977,0.4474,29.389,1,1
ST-001310,Deeptech,Pre-seed,3,22,4.83,5.263,50.561,0.34,24.65,59.9,7.92,0.605,0.9318,7.567,1,1
ST-001311,Edtech,Pre-seed,2,15,7.76,4.054,87.534,2.038,16.32,71.81,4.13,0.4834,0.572,26.38,0,0
ST-001312,Deeptech,Pre-seed,7,22,7.71,10.531,170.728,3.894,54.25,73.07,1.63,0.5992,3.3395,10.509,0,0
ST-001313,Healthtech,Pre-seed,3,10,,4.222,18.149,1.046,37.18,57.35,1.79,1.6273,2.0338,58.747,0,0
ST-001314,SaaS,Seed,9,25,2.75,11.278,135.103,7.337,-2.97,71.64,10.24,0.2428,0.6013,194.446,1,0
ST-001315,SaaS,Pre-seed,7,19,1.85,1.711,17.266,0.332,37.41,79.23,5.94,,1.3354,35.064,0,0
ST-001316,D2C,Pre-seed,5,30,5.37,1.229,5.956,0.559,19.02,49.93,6.39,0.1855,,3.812,0,0
ST-001317,Healthtech,Series A,44,49,7.77,11.564,231.872,3.123,28.96,,14.65,0.0318,0.1353,2274.726,4,0
ST-001318,SaaS,Series A,3,40,6.27,24.725,284.241,12.85,-1.93,90.49,11.61,0.261,0.535,257.376,2,0
ST-001319,D2C,Seed,4,18,14.52,4.65,56.613,3.282,7.53,66.32,6.85,0.4494,1.6849,131.325,1,0
ST-001320,Agritech,Pre-seed,3,7,3.07,5.67,19.05,3.351,30.65,54.03,2.83,0.1842,0.6143,5.634,0,0
ST-001321,Edtech,Pre-seed,16,10,4.98,1.621,2.675,0.654,32.32,53.23,8.47,0.4722,1.2641,12.886,0,0
ST-001322,Edtech,Pre-seed,12,38,11.29,2.232,18.153,0.321,-27.26,58.51,30.4,0.01,0.0405,30.714,0,1
ST-001323,SaaS,Pre-seed,9,18,7.86,4.592,16.088,3.434,29.15,83.51,,0.2082,,16.75,0,0
ST-001324,Agritech,Series A,6,28,17.01,8.053,138.886,2.766,-3.74,67.99,12.21,0.0507,0.2593,903.159,2,0
ST-001325,Fintech,Seed,4,32,7.88,6.97,8.22,2.63,20.42,75.2,6.11,1.0894,0.8894,456.761,2,1
ST-001326,Deeptech,Pre-seed,2,17,2.72,0.914,14.922,0.266,-17.74,48.21,17.39,0.3717,0.3484,18.461,0,1
ST-001327,Fintech,Series A,6,43,15.67,34.966,816.799,11.767,32.55,60.84,1.78,2.3206,5.0174,1137.829,3,0
ST-001328,Healthtech,Seed,16,9,14.55,8.141,172.248,2.935,29.69,59.78,5.41,3.3965,2.0864,57.681,2,0
ST-001329,Fintech,Pre-seed,3,23,10.25,2.637,45.31,0.877,-0.33,68.82,12.88,0.0597,0.1243,14.815,0,0
ST-001330,SaaS,Seed,6,51,29.43,27.646,68.558,19.958,23.94,79.0,2.9,1.2157,1.0392,69.372,1,1
ST-001331,Agritech,Pre-seed,6,35,8.14,2.011,9.711,0.841,16.23,42.38,4.94,0.1615,0.4104,12.156,0,1
ST-001332,Edtech,Series A,4,46,8.58,8.593,78.296,4.595,26.7,58.72,16.51,0.0506,,1493.143,2,0
ST-001333,Healthtech,Pre-seed,4,6,14.31,2.316,16.959,1.075,-12.06,62.19,21.01,0.1426,0.2962,31.266,0,1
ST-001334,Deeptech,Seed,3,23,9.5,25.355,114.544,12.754,-9.96,60.3,,0.2522,0.4604,104.369,0,1
ST-001335,Deeptech,Pre-seed,3,16,8.52,16.787,155.662,10.841,1.63,47.3,,0.0701,0.1012,14.039,0,1
ST-001336,Agritech,Series A,7,15,1.81,34.022,662.063,8.057,12.92,55.54,,0.1032,0.2511,2058.92,3,0
ST-001337,SaaS,Seed,4,23,2.44,19.174,266.337,4.448,49.77,96.0,1.93,3.0831,3.2078,167.489,0,1
ST-001338,Healthtech,Seed,7,10,2.44,5.768,85.912,0.309,19.12,65.27,4.7,0.7908,1.0043,158.569,0,0
ST-001339,Deeptech,Pre-seed,4,22,6.05,199.34,300.126,2.128,36.85,61.0,,1.293,3.8894,15.355,0,0
ST-001340,Fintech,Series A,9,14,17.53,16.598,137.732,11.534,-4.4,52.91,15.58,,0.0993,448.413,2,0
ST-001341,SaaS,Seed,8,25,23.26,2.433,39.948,0.608,3.48,90.11,5.5,0.4722,0.7964,146.792,2,1
ST-001342,Agritech,Pre-seed,2,10,19.04,2.611,39.318,0.5,2.81,,25.8,0.0794,0.3374,15.341,1,0
ST-001343,Edtech,Series A,15,20,19.57,15.75,93.571,6.352,9.84,78.78,4.9,0.3593,,931.702,3,0
ST-001344,Healthtech,Pre-seed,3,13,3.82,2.91,76.17,1.701,31.0,82.82,12.72,0.4816,0.8089,28.21,1,0
ST-001345,Deeptech,Pre-seed,3,15,7.86,6.646,212.791,2.521,9.95,50.55,8.59,0.0851,0.3014,12.78,0,0
ST-001346,Healthtech,Seed,4,20,3.41,13.048,244.969,5.317,9.14,55.89,7.39,0.3536,0.4506,163.678,2,0
ST-001347,Edtech,Pre-seed,3,13,9.97,4.562,93.072,1.918,29.2,72.86,5.73,4.8797,1.4026,11.125,1,1
ST-001348,Fintech,Seed,20,11,6.1,15.987,187.666,10.436,4.86,54.03,8.64,0.0664,0.3693,71.561,1,0
ST-001349,Edtech,Pre-seed,4,31,1.87,2.982,18.408,1.478,0.74,68.09,9.18,0.2924,0.3098,34.985,0,1
ST-001350,SaaS,Pre-seed,2,17,10.86,2.285,56.974,0.437,9.95,78.82,7.36,0.193,1.3018,21.791,1,0
ST-001351,Agritech,Pre-seed,7,20,4.5,1.231,13.445,0.697,55.32,51.12,4.44,0.2682,0.4266,11.112,0,0
ST-001352,Agritech,Pre-seed,3,13,7.29,3.331,61.653,1.55,35.49,29.78,6.86,0.8158,0.5483,29.987,1,0
ST-001353,Fintech,Series A,12,70,5.27,12.979,307.031,10.06,53.85,73.57,,0.518,0.6463,992.781,2,0
ST-001354,Fintech,Seed,4,22,11.85,9.16,24.425,3.704,-11.85,95.03,15.41,0.0777,0.2265,94.142,0,1
ST-001355,Deeptech,Seed,14,37,8.74,2.579,43.664,0.897,23.69,53.44,3.73,0.307,1.933,59.02,1,0
ST-001356,SaaS,Pre-seed,3,14,,1.293,5.243,0.667,9.18,66.17,,0.1171,0.4798,16.848,0,0
ST-001357,Healthtech,Seed,15,27,18.62,12.801,110.178,5.841,8.94,71.8,7.85,,0.5712,33.129,0,0
ST-001358,Edtech,Pre-seed,2,15,,1.046,5.831,0.339,-15.35,57.45,16.88,0.0563,0.0567,19.821,0,1
ST-001359,D2C,Pre-seed,3,29,10.42,3.532,86.543,1.542,44.3,48.34,2.79,0.1347,0.5262,12.411,1,0
ST-001360,SaaS,Seed,15,15,,4.063,37.269,3.09,-18.57,74.19,20.46,0.3136,0.6162,111.683,1,1
ST-001361,D2C,Seed,7,10,33.22,4.075,56.626,1.183,34.18,32.28,6.14,,0.437,340.016,2,0
ST-001362,Fintech,Seed,25,24,16.06,10.607,36.965,3.018,7.22,71.42,7.64,0.5118,1.5793,41.512,1,0
ST-001363,Healthtech,Series A,9,40,,17.338,130.505,9.992,-5.13,55.41,12.96,0.0976,0.288,2603.996,3,0
ST-001364,SaaS,Series A,12,22,,20.975,174.361,9.19,-6.06,64.41,16.59,0.3192,0.2972,2180.352,3,0
ST-001365,Edtech,Pre-seed,13,12,16.49,1.535,17.734,0.595,18.05,70.22,2.84,1.7674,6.1201,34.204,0,0
ST-001366,Healthtech,Pre-seed,2,7,3.15,2.449,8.087,1.633,9.31,94.59,4.37,1.3946,2.1484,40.302,0,1
ST-001367,SaaS,Pre-seed,1,31,2.71,8.66,71.225,1.459,17.09,93.19,3.59,1.7856,6.3601,31.444,0,0
ST-001368,SaaS,Seed,4,12,6.72,6.286,8.309,3.045,-26.2,81.58,23.01,0.0903,0.1833,115.987,1,1
ST-001369,SaaS,Series A,17,19,9.78,18.42,393.192,7.325,-29.36,96.0,23.31,0.1498,0.2482,4469.599,2,0
ST-001370,Fintech,Series A,4,19,17.62,13.359,58.222,9.461,-24.24,48.66,20.9,,0.0956,432.067,1,0
ST-001371,SaaS,Pre-seed,6,16,8.1,5.354,21.947,2.632,33.85,88.33,8.46,0.4485,1.1406,17.918,0,0
ST-001372,Deeptech,Series A,14,31,6.66,3.656,51.991,2.028,44.41,78.16,4.77,0.6007,0.6112,1928.345,2,0
ST-001373,Edtech,Seed,22,54,13.42,14.897,325.309,6.475,9.96,55.8,8.94,0.2571,1.5815,158.667,1,0
ST-001374,Agritech,Series A,19,28,21.64,9.382,114.749,4.679,29.63,55.32,5.01,0.1196,0.2402,494.769,3,0
ST-001375,Deeptech,Seed,8,9,,4.66,73.345,1.699,22.78,51.07,,0.2785,1.1195,67.288,2,0
ST-001376,SaaS,Pre-seed,9,16,10.92,1.795,29.647,0.846,41.55,78.27,9.5,0.183,0.3897,19.095,1,0
ST-001377,D2C,Pre-seed,5,20,,3.35,4.198,1.438,42.31,52.51,3.96,0.9012,1.1703,13.2,0,0
ST-001378,Deeptech,Series A,8,43,15.59,20.262,595.942,5.779,-11.96,38.59,17.59,0.0451,0.0911,1501.682,3,0
ST-001379,D2C,Seed,3,36,14.06,8.589,19.344,3.816,19.54,36.93,7.66,0.1257,0.4141,220.561,0,1
ST-001380,Edtech,Pre-seed,3,15,15.84,1.438,10.95,0.451,34.99,67.42,4.48,0.1341,1.48,62.917,0,0
ST-001381,Edtech,Pre-seed,4,18,9.99,6.356,95.813,1.64,35.07,47.7,4.32,0.2723,1.2095,26.613,0,0
ST-001382,SaaS,Pre-seed,4,19,24.46,2.645,9.744,1.237,33.1,77.95,3.17,4.0994,6.6176,42.184,0,0
ST-001383,Healthtech,Series A,3,25,2.77,11.233,120.112,5.97,13.31,46.26,5.31,0.7149,0.613,436.262,2,1
ST-001384,Deeptech,Pre-seed,3,16,12.2,5.08,4.214,2.436,31.21,41.89,3.2,0.3318,0.7771,52.06,0,0
ST-001385,Deeptech,Pre-seed,4,40,4.77,9.636,35.604,2.482,-12.83,68.14,16.17,0.1122,0.2675,45.393,0,0
ST-001386,SaaS,Seed,9,13,9.32,7.211,39.186,2.562,-13.3,83.09,16.2,,0.1281,275.623,1,0
ST-001387,D2C,Seed,17,33,2.95,5.25,33.32,0.524,47.18,45.6,3.59,0.3487,1.8922,64.293,1,0
ST-001388,Fintech,Pre-seed,4,25,5.96,4.125,40.103,0.726,39.86,63.15,5.82,0.1114,0.3854,14.54,0,0
ST-001389,Deeptech,Pre-seed,2,15,6.57,14.383,617.534,2.085,50.24,61.46,9.67,0.2386,1.0174,5.847,0,0
ST-001390,SaaS,Pre-seed,1,10,11.24,8.247,163.465,1.842,13.77,76.74,,0.1851,0.3738,9.285,0,0
ST-001391,Deeptech,Pre-seed,6,17,5.58,7.781,146.034,3.74,-3.53,49.71,9.07,0.0291,0.1171,25.623,1,0
ST-001392,Agritech,Pre-seed,2,24,6.98,3.95,60.294,0.832,13.07,63.51,5.11,0.0543,0.1535,43.271,0,1
ST-001393,SaaS,Pre-seed,7,2,13.81,20.405,67.526,4.953,57.7,75.22,18.06,0.0693,0.5859,33.076,0,0
ST-001394,SaaS,Seed,15,10,17.88,10.316,236.683,3.954,-2.11,96.0,12.03,0.5695,1.5189,293.684,1,0
ST-001395,Agritech,Series A,4,5,6.36,14.83,293.328,3.426,10.36,45.9,4.91,0.4454,0.9074,2210.942,4,0
ST-001396,SaaS,Series A,14,28,19.69,12.237,72.905,10.301,39.57,90.25,10.47,0.0779,0.2954,1108.334,4,0
ST-001397,Healthtech,Pre-seed,9,19,13.2,5.985,131.516,0.459,18.69,65.82,4.92,0.0665,0.4123,21.812,0,0
ST-001398,Deeptech,Pre-seed,7,8,19.52,0.667,8.848,0.288,8.86,64.18,11.35,0.0758,0.2961,44.98,0,0
ST-001399,Healthtech,Series A,3,15,8.9,35.598,356.679,29.264,29.87,66.19,4.53,0.6915,2.1098,616.01,2,0
ST-001400,Edtech,Seed,4,23,6.88,2.603,11.414,1.475,5.48,74.85,9.48,0.212,0.4733,40.746,1,1
ST-001401,Edtech,Seed,3,7,7.97,3.877,18.153,1.304,25.52,83.0,3.45,0.4569,0.5942,77.726,1,1
ST-001402,SaaS,Pre-seed,5,24,,1.408,6.549,0.326,-33.7,72.31,30.84,0.018,0.0892,12.117,0,0
ST-001403,Deeptech,Pre-seed,5,14,8.77,3.519,4.149,0.351,-19.78,74.38,20.1,0.0632,0.3144,13.691,1,1
ST-001404,Fintech,Seed,1,20,8.95,7.807,60.768,2.378,10.59,64.72,6.06,3.2889,1.9236,24.493,1,1
ST-001405,SaaS,Seed,5,21,13.13,14.018,256.966,3.75,43.52,62.07,8.58,0.6429,0.8513,89.69,0,0
ST-001406,Fintech,Pre-seed,6,7,5.63,13.174,228.402,7.219,13.56,75.52,6.52,0.1242,0.4557,6.091,0,0
ST-001407,Deeptech,Series A,11,24,9.57,88.752,627.749,32.353,12.91,67.12,4.52,0.6434,1.0698,846.692,3,0
ST-001408,SaaS,Seed,7,27,2.92,7.953,70.447,3.04,20.75,87.53,2.23,1.8559,6.1331,89.34,1,0
ST-001409,Agritech,Seed,5,13,8.3,5.806,45.557,2.31,6.85,48.27,,0.3968,0.4793,186.913,1,1
ST-001410,D2C,Pre-seed,2,9,6.49,7.1,87.783,3.029,-16.79,37.67,17.88,0.0353,0.0472,6.678,0,1
ST-001411,Agritech,Seed,6,52,6.67,3.675,14.162,1.792,29.96,46.18,,0.3734,0.4068,96.747,1,1
ST-001412,Deeptech,Seed,6,11,,5.714,40.988,2.395,21.08,59.83,4.42,0.0425,0.0909,50.633,1,1
ST-001413,Agritech,Pre-seed,6,12,5.4,2.724,15.512,0.786,24.2,48.98,10.33,0.1912,0.4392,30.18,1,0
ST-001414,Deeptech,Seed,10,41,11.24,11.177,173.591,8.351,-7.9,46.51,16.37,0.5307,0.5556,191.601,1,1
ST-001415,SaaS,Seed,7,7,4.12,1.668,5.158,0.405,47.56,79.15,4.08,3.6394,4.28,148.154,1,1
ST-001416,Agritech,Series A,20,22,,28.073,597.384,2.867,4.98,42.85,10.84,0.1604,0.279,700.713,3,0
ST-001417,Healthtech,Pre-seed,3,22,12.33,5.502,83.907,3.992,47.04,55.61,11.51,0.1011,0.1857,18.08,0,0
ST-001418,Healthtech,Series A,4,23,28.23,30.175,71.684,23.712,-30.3,71.01,23.76,,0.1886,621.678,2,1
ST-001419,Deeptech,Seed,8,6,5.16,3.697,28.542,1.11,6.55,44.93,6.99,0.1565,0.5302,23.857,1,0
ST-001420,Deeptech,Pre-seed,4,7,3.13,3.704,22.906,0.255,48.98,61.62,3.37,1.9467,3.3981,35.342,0,1
ST-001421,D2C,Pre-seed,5,4,24.15,2.419,84.806,1.162,14.01,42.05,6.18,0.2603,0.6611,14.298,0,0
ST-001422,Edtech,Pre-seed,2,14,1.49,2.933,81.192,1.048,-34.56,69.97,39.1,0.0128,0.0384,17.903,0,1
ST-001423,Edtech,Pre-seed,12,20,11.86,3.313,71.218,1.067,-3.16,56.82,,0.3467,,27.171,0,0
ST-001424,Fintech,Seed,10,13,4.75,18.657,329.673,4.118,21.39,,4.16,0.0881,0.2848,109.757,1,0
ST-001425,Fintech,Seed,5,16,27.79,10.71,257.068,3.68,45.65,58.53,7.25,0.2719,0.6917,184.314,0,0
ST-001426,Edtech,Pre-seed,2,13,,1.99,26.87,0.972,10.96,70.19,10.72,0.695,,30.466,1,1
ST-001427,SaaS,Series A,20,42,5.44,68.385,2258.895,49.895,37.0,61.88,1.95,0.5333,0.7087,1615.79,3,0
ST-001428,SaaS,Pre-seed,2,19,0.38,3.186,14.449,2.608,25.29,80.92,2.8,0.4741,1.9603,13.05,0,0
ST-001429,Agritech,Seed,25,21,14.45,35.39,6.697,1.363,6.85,37.42,11.05,0.3037,0.2397,811.117,2,1
ST-001430,Edtech,Series A,7,39,13.85,3.205,26.87,1.569,30.53,59.73,2.13,1.0007,2.0945,444.408,2,1
ST-001431,Deeptech,Series A,29,10,19.07,23.414,453.313,11.777,34.17,54.21,,1.0775,1.4221,4977.152,4,0
ST-001432,Healthtech,Seed,6,22,9.96,14.58,130.236,4.991,9.46,70.76,8.83,0.2077,,131.032,1,1
ST-001433,SaaS,Seed,17,14,6.87,3.252,104.517,0.846,0.39,63.31,11.6,0.7324,0.6694,81.473,1,0
ST-001434,SaaS,Pre-seed,2,35,17.0,6.05,37.552,0.819,-16.96,61.28,18.63,0.1397,0.2009,21.267,0,1
ST-001435,SaaS,Pre-seed,4,29,5.98,4.097,67.879,1.603,25.77,94.2,11.1,0.6261,0.6947,25.417,0,0
ST-001436,Deeptech,Seed,10,14,2.71,3.194,12.811,1.026,3.4,54.07,12.24,0.1354,0.1166,266.487,1,1
ST-001437,SaaS,Pre-seed,6,13,11.61,6.053,80.057,2.095,27.97,62.69,17.97,0.1789,0.5751,11.895,0,1
ST-001438,Healthtech,Pre-seed,8,8,15.78,3.825,19.072,1.829,23.15,58.23,,,1.8749,16.957,0,1
ST-001439,Deeptech,Pre-seed,3,27,,2.658,9.473,1.121,24.4,52.6,3.68,0.83,1.6511,10.085,0,1
ST-001440,Deeptech,Series A,11,32,9.46,43.695,572.34,18.014,10.55,51.49,5.51,0.5579,1.6041,663.102,2,0
ST-001441,SaaS,Series A,22,21,14.49,27.806,84.378,18.134,-12.79,84.33,,0.0829,0.2267,1471.646,2,0
ST-001442,SaaS,Series A,7,21,5.61,6.194,121.309,3.755,23.93,63.16,7.69,0.2468,0.5103,3867.017,3,0
ST-001443,SaaS,Seed,9,15,23.95,9.127,71.152,3.558,33.1,82.27,3.95,0.2856,0.4153,103.563,1,0
ST-001444,SaaS,Pre-seed,3,34,5.16,4.465,42.048,1.903,65.83,76.63,2.83,1.3082,2.3035,18.367,0,0
ST-001445,SaaS,Pre-seed,4,15,5.16,3.673,26.96,1.863,4.53,81.07,6.25,1.0417,2.6778,44.68,1,1
ST-001446,Healthtech,Seed,7,15,6.04,6.117,89.562,3.2,-6.49,72.55,22.62,0.0511,0.2303,97.249,0,0
ST-001447,Deeptech,Seed,4,30,3.93,10.292,52.689,6.293,-9.02,68.82,15.02,0.3699,0.1856,67.689,1,1
ST-001448,Healthtech,Pre-seed,3,2,5.16,9.098,209.526,2.955,15.95,80.16,5.61,0.7018,,4.889,0,0
ST-001449,Healthtech,Seed,7,17,9.24,11.904,753.195,3.46,32.36,41.71,2.81,0.366,0.3845,73.833,1,0
ST-001450,SaaS,Seed,6,32,4.37,1.844,6.108,1.04,34.21,85.64,5.09,0.4936,0.8025,81.907,1,1
ST-001451,Agritech,Pre-seed,10,38,12.41,0.758,29.777,0.162,49.95,60.18,3.04,0.456,0.9016,4.29,1,0
ST-001452,Healthtech,Pre-seed,7,10,2.43,1.216,7.25,0.637,25.09,56.21,,0.7128,1.5077,34.191,0,1
ST-001453,Agritech,Pre-seed,5,22,4.42,1.335,9.519,0.485,-8.19,51.35,13.81,0.2186,0.3299,8.766,0,1
ST-001454,Deeptech,Seed,4,13,24.24,6.649,176.798,0.884,20.54,72.28,3.3,0.2211,1.0606,366.547,2,0
ST-001455,Fintech,Series A,6,60,5.04,13.793,79.761,4.487,-30.08,65.36,30.22,0.0338,0.1111,2037.212,3,1
ST-001456,SaaS,Seed,21,21,8.24,7.048,90.763,3.448,8.23,95.9,12.31,0.3925,0.6628,146.739,1,0
ST-001457,SaaS,Seed,3,27,8.73,7.211,156.801,0.616,6.58,81.04,,0.1201,0.7608,122.762,1,0
ST-001458,Edtech,Series A,11,6,3.68,12.027,132.981,5.5,23.66,71.64,1.77,2.3768,3.3985,1486.883,4,0
ST-001459,Deeptech,Pre-seed,5,12,4.69,13.622,141.309,2.608,26.24,67.79,2.71,0.8347,1.1441,17.387,1,1
ST-001460,Fintech,Seed,5,30,10.68,2.983,20.209,1.733,-0.03,55.61,8.55,,1.0817,342.913,2,0
ST-001461,Agritech,Seed,3,8,5.06,8.646,139.652,6.07,0.6,56.33,20.36,0.435,0.6764,40.886,1,0
ST-001462,Healthtech,Seed,4,21,4.85,11.238,89.515,5.698,16.85,57.32,9.24,0.452,1.3257,50.606,1,0
ST-001463,SaaS,Pre-seed,3,39,4.67,1.554,26.508,0.735,27.01,95.0,11.0,0.8578,1.6008,7.408,0,0
ST-001464,Fintech,Series A,6,35,18.89,28.062,877.829,11.509,29.45,64.28,3.24,,8.6501,1890.484,4,0
ST-001465,D2C,Series A,23,30,16.52,19.434,72.131,14.81,3.8,44.13,5.99,0.2607,0.3295,181.011,2,1
ST-001466,D2C,Pre-seed,4,12,9.34,3.926,17.432,0.424,15.97,38.5,,0.0273,0.2,33.83,0,0
ST-001467,Edtech,Pre-seed,3,7,,0.595,4.004,0.361,-4.88,66.24,9.44,0.1149,0.188,29.454,1,1
ST-001468,SaaS,Pre-seed,4,15,9.0,7.721,29.211,3.462,-4.6,87.84,13.21,0.073,0.4188,25.18,0,1
ST-001469,D2C,Seed,9,28,11.2,9.134,55.512,5.927,-25.1,48.64,24.9,0.0623,0.0586,114.125,0,1
ST-001470,SaaS,Seed,5,11,11.25,9.881,52.789,3.45,2.21,96.0,7.31,0.3608,2.6252,48.427,2,0
ST-001471,Deeptech,Pre-seed,7,26,5.11,0.52,27.04,0.109,43.86,53.0,12.0,0.1876,0.3908,22.221,0,0
ST-001472,SaaS,Series A,5,26,6.34,9.653,192.47,7.082,43.76,72.37,4.24,0.5189,1.0064,886.779,2,0
ST-001473,SaaS,Pre-seed,8,9,5.88,1.374,7.955,0.24,28.92,,6.04,1.025,0.4478,12.091,0,1
ST-001474,Edtech,Seed,6,7,9.89,16.501,28.71,11.302,36.62,70.75,6.81,0.3178,0.3034,170.995,1,1
ST-001475,Healthtech,Pre-seed,4,6,,2.089,14.163,0.795,34.01,48.96,5.58,0.3721,0.4485,22.171,0,1
ST-001476,Edtech,Seed,4,19,8.28,18.864,72.46,7.251,19.14,81.4,3.61,5.184,5.6364,241.7,1,0
ST-001477,Edtech,Seed,3,36,8.82,12.913,252.753,5.21,-35.66,64.18,26.0,0.1289,0.4338,91.679,1,0
ST-001478,Deeptech,Pre-seed,1,10,4.37,7.012,83.166,1.179,64.58,76.66,6.24,0.9633,1.6209,13.981,0,0
ST-001479,Edtech,Seed,4,38,2.1,14.726,65.514,9.758,11.15,81.67,7.6,0.0722,0.1616,144.181,0,1
ST-001480,Edtech,Series A,15,8,6.21,6.31,49.419,4.408,9.54,74.27,10.0,0.2045,0.5201,2207.88,3,0
ST-001481,Edtech,Seed,3,20,12.78,3.748,16.518,1.606,46.18,66.76,4.59,3.248,0.9117,130.1,1,1
ST-001482,SaaS,Series A,4,23,4.45,274.98,218.521,17.53,17.35,70.87,5.24,0.3304,0.6075,994.265,2,0
ST-001483,Healthtech,Seed,4,25,1.71,4.507,214.555,0.986,68.38,56.06,,0.1721,1.4651,83.588,0,0
ST-001484,SaaS,Seed,5,22,11.53,2.845,20.873,0.709,-1.95,70.16,15.74,0.0384,0.1718,257.955,2,0
ST-001485,D2C,Pre-seed,3,12,10.74,3.214,31.904,2.639,38.76,35.69,3.06,0.1943,0.5886,17.048,0,0
ST-001486,SaaS,Seed,6,15,5.26,3.915,21.942,1.473,10.35,,7.83,0.1766,0.4302,102.879,1,1
ST-001487,Deeptech,Pre-seed,7,28,4.8,22.904,104.045,12.931,19.11,61.59,9.0,0.057,0.3206,50.853,1,0
ST-001488,Edtech,Pre-seed,8,17,6.58,5.932,124.256,1.85,-1.5,49.88,15.39,0.0065,0.0212,44.269,1,0
ST-001489,Deeptech,Pre-seed,13,3,5.56,3.949,17.165,0.908,3.78,52.63,6.22,0.3337,0.6722,12.113,0,1
ST-001490,Edtech,Pre-seed,1,13,21.25,1.651,13.114,0.838,44.1,58.09,2.04,1.2048,3.3973,15.061,0,0
ST-001491,SaaS,Series A,6,20,6.44,18.063,119.948,4.561,24.88,96.0,2.93,0.3583,,876.586,3,1
ST-001492,Agritech,Series A,16,20,10.23,30.62,1199.759,24.18,22.89,28.94,2.71,0.3631,1.8386,5585.523,3,0
ST-001493,D2C,Seed,5,30,7.16,9.566,43.17,6.787,-18.78,69.1,,0.0956,0.0858,398.884,2,1
ST-001494,Agritech,Pre-seed,7,11,10.47,1.789,6.122,0.89,-16.69,58.38,19.97,0.0366,0.0889,54.725,0,1
ST-001495,Edtech,Series A,11,27,5.39,4.427,54.83,2.193,-5.38,38.83,10.74,0.1406,0.5907,1107.821,2,0
ST-001496,D2C,Seed,17,45,5.25,5.91,71.961,1.35,7.18,40.95,5.12,0.2655,0.4063,214.105,1,1
ST-001497,Agritech,Pre-seed,7,31,8.24,4.455,118.567,1.004,14.84,56.91,12.39,0.2079,0.4098,21.379,1,0
ST-001498,D2C,Seed,12,13,4.73,5.529,38.176,4.137,22.14,40.51,10.59,0.0149,0.0972,937.127,2,0
ST-001499,Fintech,Seed,5,21,6.21,20.608,249.057,13.571,36.97,65.0,2.32,0.7179,1.8704,190.995,2,0
ST-001500,D2C,Pre-seed,4,2,12.42,5.92,24.551,2.458,47.87,73.03,7.84,0.401,0.551,35.912,0,1
ST-001501,D2C,Seed,5,27,,9.204,276.52,3.246,19.58,43.35,4.17,0.6655,0.5897,77.162,1,0
ST-001502,Deeptech,Seed,2,9,25.6,16.504,357.083,10.188,-2.26,46.1,11.29,0.1128,0.2346,264.99,1,0
ST-001503,Fintech,Pre-seed,10,16,11.8,1.915,31.064,0.467,32.32,78.08,2.28,1.9315,2.9495,17.86,0,0
ST-001504,Edtech,Seed,10,18,9.89,4.542,92.151,2.67,19.37,51.57,3.98,0.2087,1.0601,421.42,1,0
ST-001505,Agritech,Seed,5,35,4.0,3.214,46.561,1.188,25.3,59.73,2.74,1.7287,2.3952,273.169,1,0
ST-001506,Edtech,Seed,14,23,15.67,8.576,109.03,2.741,40.83,73.43,10.42,0.0304,0.1218,103.56,1,0
ST-001507,D2C,Series A,7,22,20.67,7.105,32.492,3.715,5.86,,5.8,1.2099,2.6728,869.653,1,1
ST-001508,Edtech,Series A,3,33,6.0,13.212,70.621,8.884,44.58,71.56,9.79,0.28,0.466,1317.717,2,1
ST-001509,SaaS,Seed,12,38,24.29,6.564,136.494,2.407,-14.42,79.43,16.67,0.1309,0.2431,148.793,1,0
ST-001510,D2C,Seed,3,3,16.71,11.951,277.21,4.658,30.8,47.68,1.64,0.5548,2.8115,81.364,1,0
ST-001511,SaaS,Seed,6,14,,3.122,69.089,0.883,1.83,96.0,8.29,0.2028,0.7595,189.273,1,0
ST-001512,SaaS,Seed,7,46,7.3,10.229,54.943,6.255,20.22,82.69,2.39,1.0912,2.8285,43.62,1,0
ST-001513,Healthtech,Pre-seed,5,52,3.05,2.143,65.453,1.29,23.91,60.65,6.43,0.3545,0.5362,23.96,0,0
ST-001514,D2C,Seed,11,12,,3.875,44.174,1.168,8.13,47.28,4.31,0.3461,1.2558,39.184,1,0
ST-001515,Deeptech,Seed,9,32,2.78,10.336,190.731,2.472,2.03,63.23,8.5,0.0698,0.1696,221.016,2,0
ST-001516,Fintech,Seed,9,12,21.92,23.571,1096.239,13.069,-2.34,63.86,12.69,0.263,0.4504,182.822,1,0
ST-001517,SaaS,Series A,6,13,23.45,7.722,62.726,3.313,20.03,70.63,2.4,1.2249,1.5165,1829.666,3,0
ST-001518,Deeptech,Seed,7,19,4.06,3.184,71.125,1.013,28.82,50.62,10.75,0.0591,0.092,40.044,1,0
ST-001519,SaaS,Pre-seed,2,29,2.76,1.953,7.103,0.243,55.23,72.27,5.4,,2.2732,17.576,0,1
ST-001520,SaaS,Pre-seed,10,14,,2.923,21.499,0.89,11.63,80.31,5.22,0.6607,0.8724,17.446,0,1
ST-001521,Fintech,Pre-seed,2,29,7.67,20.002,296.319,9.263,-15.24,61.25,15.08,0.0494,0.645,43.234,0,0
ST-001522,Healthtech,Pre-seed,3,31,5.5,6.122,36.42,2.595,26.92,61.03,3.54,3.2264,2.2111,4.36,0,1
ST-001523,Deeptech,Seed,3,15,5.8,6.659,78.753,2.894,-21.03,56.33,19.93,0.0305,0.1226,202.76,0,0
ST-001524,D2C,Pre-seed,2,12,7.87,3.659,46.394,1.311,50.64,50.9,2.34,1.2362,3.8581,26.957,0,0
ST-001525,D2C,Pre-seed,4,14,20.8,12.552,163.746,3.846,32.92,37.41,7.88,0.3697,0.2995,65.419,0,1
ST-001526,SaaS,Pre-seed,3,17,7.19,3.244,5.412,0.958,-4.18,96.0,12.62,0.0895,0.347,11.895,0,0
ST-001527,Fintech,Seed,13,19,12.52,8.463,353.894,4.342,-17.79,81.7,17.18,0.0195,0.1712,109.257,1,0
ST-001528,Edtech,Seed,7,21,3.15,4.856,28.611,0.529,-2.6,72.93,10.9,0.1225,0.2775,229.033,1,1
ST-001529,SaaS,Pre-seed,3,12,8.63,6.367,32.783,1.823,28.15,90.1,4.85,0.4393,1.8342,15.704,0,1
ST-001530,Fintech,Pre-seed,4,7,6.21,3.567,11.079,0.981,0.85,55.51,20.41,0.057,0.1183,39.145,1,1
ST-001531,Fintech,Pre-seed,8,46,12.26,9.759,46.489,2.888,32.61,61.58,5.97,0.3546,1.0624,33.455,1,1
ST-001532,SaaS,Pre-seed,7,11,2.94,8.291,55.45,4.926,36.7,76.8,2.96,1.9717,1.3329,47.93,1,0
ST-001533,Healthtech,Pre-seed,2,5,17.89,7.2,155.186,3.502,5.0,47.37,6.58,0.4751,1.0918,11.695,0,0
ST-001534,D2C,Pre-seed,3,25,6.03,3.447,20.271,1.983,35.56,43.84,3.73,0.2864,0.6625,12.253,0,0
ST-001535,SaaS,Pre-seed,5,8,4.57,1.409,8.361,0.848,42.37,96.0,6.6,0.5514,,5.113,0,0
ST-001536,Edtech,Series A,13,32,23.29,10.601,170.05,4.066,25.88,68.17,5.93,0.1311,0.7785,1348.464,4,0
ST-001537,Agritech,Seed,3,13,9.64,4.201,17.724,1.898,26.95,68.84,6.21,0.4286,0.9529,201.698,2,0
ST-001538,D2C,Series A,16,62,,8.482,23.475,3.973,2.19,64.1,,0.2597,0.5393,2669.221,2,1
ST-001539,Agritech,Pre-seed,2,36,2.92,2.987,12.46,2.13,59.64,41.62,1.91,0.4461,0.8049,21.672,1,1
ST-001540,Edtech,Pre-seed,9,15,4.02,4.793,134.79,1.471,-3.62,67.4,13.94,0.857,1.4833,25.903,0,0
ST-001541,Agritech,Series A,14,31,3.03,8.316,50.353,5.631,4.7,47.63,6.51,0.4264,0.8909,1968.106,2,0
ST-001542,Fintech,Pre-seed,2,20,8.24,1.935,7.66,1.077,36.71,78.25,6.44,0.9495,1.8094,4.188,0,0
ST-001543,Fintech,Seed,4,13,16.56,5.002,66.369,2.04,7.6,73.17,4.41,0.9722,2.9715,155.672,1,0
ST-001544,SaaS,Series A,7,33,10.16,47.801,262.292,39.73,7.7,96.0,6.73,0.2776,0.9136,2138.801,2,0
ST-001545,Edtech,Seed,7,21,8.6,9.653,41.083,3.884,-13.09,69.27,19.27,0.0839,0.4969,54.934,0,0
ST-001546,Edtech,Pre-seed,3,19,7.89,1.703,30.383,0.412,7.15,76.09,17.24,0.5223,0.899,5.867,0,0
ST-001547,Fintech,Seed,3,28,14.07,25.234,370.978,12.501,66.2,60.92,,3.1668,3.7973,271.443,2,0
ST-001548,D2C,Pre-seed,2,16,6.91,3.408,23.068,1.421,9.45,,12.2,0.1535,0.3918,9.214,0,0
ST-001549,Fintech,Pre-seed,5,9,2.4,26.85,57.05,8.988,43.86,75.38,8.61,0.2151,0.5579,13.774,0,1
ST-001550,Fintech,Pre-seed,5,22,15.41,6.289,99.547,2.746,6.52,69.63,6.48,0.5167,2.1875,28.874,0,0
ST-001551,SaaS,Series A,11,35,3.48,21.267,213.241,12.884,-8.38,88.09,14.56,0.1885,0.1763,404.587,2,0
ST-001552,Edtech,Seed,7,30,2.12,11.882,140.088,4.076,-0.87,82.57,9.64,0.1828,0.4002,51.329,1,0
ST-001553,Fintech,Pre-seed,3,26,9.85,15.18,53.962,2.964,32.23,71.7,3.12,0.0642,0.3127,11.126,0,0
ST-001554,Fintech,Pre-seed,4,21,1.42,3.796,117.952,2.786,-28.83,77.12,21.65,0.0544,0.2227,17.096,0,0
ST-001555,SaaS,Seed,30,7,7.99,20.24,90.606,6.651,51.3,93.24,2.68,0.3878,1.9185,143.938,0,0
ST-001556,D2C,Series A,21,64,9.02,9.485,78.892,4.42,24.02,46.38,1.09,1.228,2.2411,1369.887,2,1
ST-001557,Deeptech,Pre-seed,3,26,10.94,4.609,105.658,1.048,9.15,51.4,6.54,0.9151,0.5018,13.168,0,0
ST-001558,Edtech,Pre-seed,3,13,10.21,3.416,25.768,1.637,0.34,88.76,17.11,0.0639,0.1727,16.638,1,0
ST-001559,D2C,Series A,2,37,2.77,28.832,463.911,8.508,3.04,52.25,9.84,0.203,0.6323,389.25,2,0
ST-001560,Agritech,Series A,20,12,14.09,10.266,40.657,7.082,38.16,55.16,4.96,0.473,,3631.806,2,0
ST-001561,Deeptech,Series A,16,32,7.81,72.008,361.381,25.423,-19.13,47.18,18.33,0.0524,0.1517,1080.364,4,1
ST-001562,Healthtech,Pre-seed,3,14,6.14,12.03,167.752,2.862,15.84,65.72,14.58,0.0506,0.1254,7.097,1,0
ST-001563,Deeptech,Pre-seed,2,8,2.94,6.152,33.408,3.913,40.71,61.55,8.86,0.278,0.2448,7.397,0,1
ST-001564,Deeptech,Seed,3,10,16.0,5.713,298.477,2.094,-27.05,47.7,21.06,,0.0849,129.664,0,0
ST-001565,Agritech,Pre-seed,5,22,15.02,7.297,21.084,5.038,3.81,60.13,,0.367,0.3159,9.206,0,1
ST-001566,Edtech,Series A,10,32,,2.755,20.659,1.626,-17.78,64.19,26.12,0.3906,1.4223,1373.529,2,0
ST-001567,SaaS,Pre-seed,6,9,10.98,6.578,59.094,4.277,-10.07,57.69,13.24,0.3038,0.3903,5.179,0,1
ST-001568,SaaS,Seed,7,17,12.8,4.083,22.579,2.469,20.05,76.24,7.7,0.5136,,76.42,0,1
ST-001569,Edtech,Series A,18,28,6.64,30.774,121.565,22.154,27.63,77.65,4.39,1.0212,2.4995,455.94,2,1
ST-001570,Edtech,Series A,13,18,15.13,4.592,51.869,2.899,5.39,57.12,4.73,0.1112,0.2715,1504.516,3,0
ST-001571,Edtech,Seed,10,53,15.64,4.037,56.839,3.453,-15.99,93.6,16.31,0.2165,1.008,57.225,0,0
ST-001572,Healthtech,Series A,3,30,1.83,232.83999999999997,196.947,5.495,-4.18,68.26,,0.1007,0.4011,891.902,2,0
ST-001573,Healthtech,Pre-seed,2,16,12.49,7.138,10.648,4.719,25.34,87.6,7.08,1.4778,2.05,23.723,0,1
ST-001574,Agritech,Pre-seed,3,31,,2.261,35.411,1.055,16.25,39.88,24.28,0.0242,0.0576,64.813,0,1
ST-001575,SaaS,Pre-seed,8,23,4.21,3.037,23.275,0.829,-7.79,68.69,14.94,0.1242,0.4222,7.159,1,1
ST-001576,SaaS,Series A,32,28,1.45,28.104,127.331,14.064,3.75,79.37,5.67,0.5357,1.7532,930.009,3,1
ST-001577,Agritech,Series A,9,30,8.55,26.883,619.113,11.051,30.38,38.05,2.77,0.2957,0.9651,826.662,2,0
ST-001578,Agritech,Pre-seed,3,26,6.51,2.755,35.161,1.743,21.22,46.98,3.77,0.1665,0.3982,10.637,0,0
ST-001579,Deeptech,Pre-seed,1,11,5.39,3.862,20.863,1.377,-4.95,75.47,12.24,0.0316,0.1271,21.581,0,0
ST-001580,Deeptech,Pre-seed,7,4,,2.231,6.003,0.888,22.36,54.61,4.02,0.4501,1.7186,61.368,1,0
ST-001581,Deeptech,Pre-seed,3,32,35.0,7.177,170.859,1.388,5.2,40.49,9.12,0.1762,0.5103,12.192,1,0
ST-001582,Fintech,Series A,63,25,11.05,34.302,253.738,12.213,0.43,71.32,17.11,0.0934,0.1871,1235.485,3,1
ST-001583,Edtech,Pre-seed,2,12,6.49,3.785,44.305,1.145,19.77,81.55,6.09,0.2721,1.83,14.32,1,0
ST-001584,Fintech,Seed,23,12,15.43,5.125,61.621,1.057,-7.56,47.42,10.97,0.1136,0.2141,93.152,1,1
ST-001585,Healthtech,Seed,10,11,,32.092,624.468,7.701,6.25,48.14,8.74,0.1534,0.1986,101.415,1,1
ST-001586,Deeptech,Pre-seed,2,19,5.64,1.315,17.061,0.334,38.99,58.61,1.7,1.8726,3.5341,9.044,0,0
ST-001587,Fintech,Pre-seed,4,16,8.95,9.8,286.698,3.112,68.86,54.83,3.3,0.1337,0.3436,38.552,0,0
ST-001588,Healthtech,Series A,16,40,9.02,19.853,442.961,7.061,-21.98,61.16,29.56,0.0956,0.1802,2298.613,2,0
ST-001589,Fintech,Seed,5,28,14.37,13.979,38.189,2.505,-2.94,83.85,8.65,0.1548,0.207,80.726,1,1
ST-001590,SaaS,Seed,10,30,20.35,4.193,30.815,1.892,39.24,77.85,14.94,0.0767,0.1641,207.85,1,1
ST-001591,SaaS,Pre-seed,6,30,14.15,3.457,38.606,0.877,-9.37,87.04,16.75,0.0612,0.292,6.499,0,0
ST-001592,SaaS,Series A,15,27,20.47,17.483,100.913,10.759,11.32,87.82,6.12,1.8992,1.8035,527.476,1,0
ST-001593,Deeptech,Series A,10,49,,20.624,628.285,12.457,51.74,49.27,2.18,0.1471,0.3717,1999.147,2,0
ST-001594,Edtech,Series A,5,17,9.84,3.423,59.911,1.792,-1.29,55.39,11.37,0.5648,0.625,1402.594,4,1
ST-001595,Agritech,Seed,6,34,7.27,23.327,54.08,12.012,10.22,62.94,4.42,2.2807,2.5583,67.604,1,1
ST-001596,D2C,Series A,11,7,12.18,23.735,227.819,12.713,-13.04,48.54,14.89,0.3734,0.2915,1410.017,3,1
ST-001597,SaaS,Pre-seed,1,4,,3.955,45.387,0.608,31.41,84.3,,0.5442,1.2527,10.742,1,0
ST-001598,SaaS,Seed,7,10,14.33,7.935,49.378,2.27,-22.07,81.61,34.97,0.2334,0.1712,43.284,1,1
ST-001599,Agritech,Pre-seed,4,16,13.18,11.928,181.852,7.257,2.48,50.59,12.06,0.0433,0.1083,19.727,0,0
ST-001600,Fintech,Seed,3,5,3.56,5.844,96.035,2.466,-11.75,70.13,15.58,0.1547,0.3238,158.151,2,0
ST-001601,Deeptech,Series A,8,22,19.2,10.926,190.627,6.128,7.25,45.71,8.18,0.1709,0.5253,823.848,2,0
ST-001602,SaaS,Series A,8,19,15.97,26.103,445.025,13.432,52.97,86.28,3.7,46.0057,26.3715,572.777,2,0
ST-001603,D2C,Seed,21,55,11.72,10.826,444.462,1.372,23.61,,7.15,1.3169,0.9999,120.518,1,0
ST-001604,Agritech,Seed,7,8,7.2,3.285,66.1,1.291,20.51,77.59,2.33,1.2519,2.2037,170.478,0,1
ST-001605,SaaS,Series A,19,26,19.65,30.996,799.536,7.293,20.21,88.74,7.81,0.1794,0.4051,1461.89,3,0
ST-001606,Fintech,Series A,9,32,2.18,23.629,267.852,11.255,13.52,71.1,1.96,0.8039,3.4918,2386.764,2,0
ST-001607,Deeptech,Seed,2,6,7.79,6.0,46.265,2.622,42.46,46.28,4.02,0.4008,0.8239,49.374,1,0
ST-001608,Fintech,Pre-seed,6,37,12.59,7.412,355.469,2.33,33.25,80.15,9.04,0.6465,0.8678,6.24,0,0
ST-001609,Edtech,Pre-seed,3,26,16.95,4.338,57.061,1.877,-10.32,61.78,,0.0183,0.0879,29.991,1,0
ST-001610,Edtech,Series A,8,42,15.69,11.69,44.741,8.463,34.47,73.65,1.29,0.8189,1.2452,389.966,1,0
ST-001611,Fintech,Seed,3,24,3.33,13.155,183.92,0.491,20.44,60.65,2.39,2.921,2.5266,70.435,2,1
ST-001612,Agritech,Seed,7,13,10.88,10.67,118.118,1.5,25.05,30.94,4.81,0.1177,0.335,87.812,1,1
ST-001613,Agritech,Seed,12,8,9.11,13.129,218.372,8.115,-26.69,68.96,25.83,0.085,0.197,28.505,1,1
ST-001614,Fintech,Pre-seed,7,27,1.87,5.626,44.014,1.752,17.02,,3.36,0.1861,0.7428,5.36,0,0
ST-001615,Agritech,Pre-seed,10,12,,2.921,9.785,0.873,14.08,47.69,,1.4656,1.6992,12.591,0,1
ST-001616,SaaS,Series A,29,6,1.46,16.813,214.223,9.389,-0.55,96.0,10.92,0.1073,0.254,1101.138,4,0
ST-001617,SaaS,Pre-seed,1,13,1.86,9.092,61.304,2.373,39.54,81.8,4.61,1.6732,2.4713,7.95,0,1
ST-001618,Healthtech,Seed,3,20,3.33,13.955,18.71,8.537,-18.85,76.3,19.56,0.1029,,56.663,1,1
ST-001619,Deeptech,Seed,2,40,7.38,9.052,218.11,4.934,79.07,40.03,4.95,0.3488,0.507,61.503,1,0
ST-001620,SaaS,Series A,15,21,7.68,14.733,48.12,8.975,-9.47,78.39,22.98,0.1243,0.2883,1215.713,4,1
ST-001621,SaaS,Pre-seed,3,16,10.65,12.798,55.316,4.563,26.87,78.79,4.37,0.2359,1.147,29.099,0,0
ST-001622,Healthtech,Seed,5,20,4.99,15.208,234.519,1.371,20.0,52.14,10.3,,0.3003,101.163,1,0
ST-001623,Agritech,Pre-seed,3,29,17.52,3.959,45.678,1.914,41.53,42.27,4.82,0.3446,0.6392,8.486,0,0
ST-001624,SaaS,Pre-seed,5,10,,8.768,65.815,1.239,52.1,83.63,3.29,0.2276,1.3109,16.044,0,0
ST-001625,Edtech,Pre-seed,2,21,10.35,2.296,32.259,0.66,7.86,65.08,6.23,0.4651,0.9787,5.793,0,0
ST-001626,D2C,Pre-seed,2,12,22.39,5.133,109.916,1.603,20.69,45.84,1.83,1.8193,4.8684,17.757,0,0
ST-001627,Fintech,Series A,10,45,9.73,73.741,465.082,30.356,5.03,62.38,5.98,1.2723,5.0666,4661.587,4,0
ST-001628,SaaS,Series A,21,50,2.47,22.659,116.877,17.496,-6.3,93.22,12.03,0.5952,1.2169,1338.273,3,0
ST-001629,SaaS,Pre-seed,4,18,12.34,12.392,142.648,3.63,17.72,68.31,5.37,0.7397,1.5699,15.002,0,1
ST-001630,Edtech,Series A,6,28,8.73,11.727,352.958,5.544,13.43,67.59,12.91,0.0399,0.0842,1135.399,3,0
ST-001631,Edtech,Seed,2,18,6.04,4.615,55.399,2.455,15.73,62.04,4.05,0.3636,1.0244,255.686,2,0
ST-001632,Agritech,Seed,11,6,6.68,15.674,41.002,9.3,7.56,46.16,,0.0389,0.4304,175.439,1,0
ST-001633,D2C,Series A,6,24,11.16,3.984,246.838,2.314,21.15,24.04,8.13,0.0146,0.0713,408.598,2,0
ST-001634,D2C,Seed,3,19,10.08,8.833,112.033,4.297,31.92,47.56,5.56,0.3086,1.3731,128.538,1,0
ST-001635,Deeptech,Pre-seed,1,13,25.32,12.56,195.117,0.377,-8.32,51.25,19.55,0.0448,0.0576,11.287,0,1
ST-001636,Edtech,Pre-seed,2,14,9.23,5.089,57.201,0.395,29.95,70.04,8.78,0.1864,0.3252,7.723,1,0
ST-001637,Edtech,Seed,3,26,9.73,1.431,15.469,0.628,48.29,,6.93,0.0851,0.2847,56.814,1,0
ST-001638,Deeptech,Series A,9,28,,8.324,181.246,1.33,-12.79,59.9,18.04,0.3282,0.2243,899.955,2,0
ST-001639,Fintech,Seed,3,18,8.57,9.187,106.239,7.293,18.75,73.12,8.8,1.0535,1.4457,45.796,1,0
ST-001640,D2C,Pre-seed,4,36,3.51,5.701,55.892,2.062,26.54,39.38,,0.0282,0.1415,12.792,0,0
ST-001641,D2C,Pre-seed,3,4,5.47,5.865,10.8,0.933,33.45,49.91,8.66,0.0639,0.2915,13.411,1,0
ST-001642,SaaS,Series A,40,16,10.96,14.091,95.071,7.829,32.83,80.76,8.55,0.4639,1.2808,621.234,1,0
ST-001643,Edtech,Pre-seed,1,27,2.46,5.743,60.607,0.305,42.29,57.91,4.8,0.6297,2.2941,58.59,0,0
ST-001644,SaaS,Seed,7,6,6.9,10.121,73.774,2.409,18.35,71.98,3.13,0.1821,1.7479,110.671,1,0
ST-001645,SaaS,Seed,7,5,18.32,6.736,21.739,3.854,-5.44,87.22,13.45,0.0995,0.1942,76.257,1,1
ST-001646,Edtech,Pre-seed,2,10,,4.999,41.885,0.432,9.48,59.6,5.16,0.0735,0.6827,17.691,0,0
ST-001647,Fintech,Pre-seed,4,16,21.58,32.67,72.719,0.628,47.31,57.63,2.92,0.3443,1.0789,71.921,0,0
ST-001648,Agritech,Pre-seed,6,12,6.73,5.613,56.81,3.233,-1.47,66.5,19.1,0.082,0.1667,26.074,1,1
ST-001649,Deeptech,Pre-seed,4,19,15.72,3.249,6.121,2.51,27.9,74.82,4.97,0.0728,0.4249,8.735,0,0
ST-001650,Agritech,Seed,15,5,8.86,9.656,29.657,4.534,33.25,41.78,2.72,1.4075,1.9586,141.333,1,1
ST-001651,Fintech,Series A,3,15,3.57,26.665,79.684,10.368,26.85,79.63,,0.178,0.4249,2337.174,3,0
ST-001652,Fintech,Pre-seed,2,24,24.84,4.199,51.565,1.741,36.52,49.97,5.34,0.0911,0.1819,23.382,0,0
ST-001653,Fintech,Seed,16,25,3.28,15.757,53.465,7.254,14.83,57.53,8.9,0.1151,0.7412,116.407,2,0
ST-001654,SaaS,Pre-seed,7,11,5.81,11.714,96.019,5.357,14.87,68.63,4.04,2.4417,4.3939,6.325,0,0
ST-001655,Deeptech,Pre-seed,5,18,,2.869,47.328,1.221,55.13,52.48,7.06,,0.684,22.381,0,0
ST-001656,Edtech,Seed,13,19,9.69,12.925,156.465,7.804,56.92,66.98,7.24,0.147,0.3246,33.902,1,0
ST-001657,SaaS,Seed,2,20,4.66,16.156,113.842,9.027,45.87,68.17,5.31,6.7896,4.5922,75.027,1,0
ST-001658,Agritech,Seed,10,23,8.61,5.856,249.236,1.873,27.03,47.19,3.47,0.1921,0.9974,57.965,1,0
ST-001659,Edtech,Pre-seed,7,41,12.15,6.042,42.679,1.143,4.9,56.57,9.71,0.3425,0.7719,13.968,0,1
ST-001660,SaaS,Seed,4,47,6.6,6.152,67.273,2.461,18.37,84.55,7.08,0.3809,0.6701,115.227,1,0
ST-001661,SaaS,Seed,32,7,19.52,18.255,106.197,10.355,12.78,83.28,2.49,0.3928,1.5457,42.838,2,0
ST-001662,D2C,Series A,11,21,4.94,2.068,24.724,0.591,37.12,63.26,20.37,0.2011,0.3994,1858.467,2,1
ST-001663,Agritech,Seed,2,9,1.47,19.239,461.456,8.802,23.7,32.74,12.86,0.032,,161.208,1,0
ST-001664,SaaS,Series A,13,29,14.67,6.354,123.622,2.084,26.26,,5.44,0.7292,0.9425,749.932,3,0
ST-001665,Deeptech,Pre-seed,2,14,7.59,6.379,15.2,2.06,16.3,70.48,8.2,0.392,0.5896,14.146,0,1
ST-001666,Agritech,Seed,13,34,15.69,3.783,20.893,1.405,-36.89,46.04,28.41,0.1134,,328.708,0,1
ST-001667,Agritech,Seed,9,20,6.37,19.967,491.444,5.459,43.06,47.91,3.47,,0.3656,92.105,2,0
ST-001668,SaaS,Pre-seed,3,37,10.97,3.271,9.008,1.521,15.65,85.58,8.68,,1.6212,32.633,0,1
ST-001669,SaaS,Seed,16,48,6.14,5.001,27.179,1.032,35.83,93.04,3.11,0.6817,3.9666,316.637,0,0
ST-001670,Agritech,Seed,11,42,7.08,15.228,236.808,10.326,8.4,29.38,,0.4688,0.4286,69.03,0,1
ST-001671,Fintech,Series A,6,6,2.61,32.37,964.467,9.188,48.07,62.88,3.41,0.578,2.317,767.012,2,0
ST-001672,Healthtech,Pre-seed,4,19,3.46,3.64,51.807,2.261,5.77,67.75,6.07,,0.3628,18.505,0,1
ST-001673,D2C,Series A,14,20,10.22,7.28,25.953,3.926,12.51,48.72,5.44,0.05,0.2374,401.39,1,0
ST-001674,SaaS,Pre-seed,3,14,14.67,1.714,11.519,0.721,17.34,82.24,9.15,0.0739,0.1755,5.12,0,0
ST-001675,Agritech,Seed,5,31,10.88,17.025,180.113,2.039,-16.17,34.05,19.34,0.046,0.0987,116.108,1,0
ST-001676,Deeptech,Seed,6,17,4.04,15.485,97.076,9.591,24.12,52.49,5.19,0.3031,0.9483,95.494,0,0
ST-001677,D2C,Pre-seed,2,17,11.59,4.589,13.528,2.169,34.38,43.68,1.77,0.3773,0.8904,7.051,0,0
ST-001678,Edtech,Series A,3,25,4.12,17.753,646.049,8.16,22.81,57.18,4.45,0.5513,1.4664,2639.711,3,0
ST-001679,Deeptech,Series A,12,7,10.11,5.394,49.199,3.173,62.67,70.19,2.21,0.9675,2.0976,1024.906,2,0
ST-001680,Healthtech,Series A,3,19,4.96,13.446,77.958,6.144,-4.71,58.87,13.19,0.0813,0.3325,1118.223,2,1
ST-001681,D2C,Series A,5,41,,11.992,224.734,5.164,-22.22,38.56,21.41,0.1406,0.211,2280.597,4,0
ST-001682,Agritech,Seed,2,5,5.35,13.78,137.095,4.395,-9.52,73.54,15.16,0.0631,0.3635,122.939,1,0
ST-001683,D2C,Seed,2,27,11.91,2.694,67.451,0.625,17.27,52.91,4.91,0.1134,0.3332,103.739,2,0
ST-001684,Fintech,Series A,13,14,5.99,40.802,410.073,7.719,39.18,69.76,6.69,0.522,2.4594,1667.328,3,0
ST-001685,SaaS,Pre-seed,3,13,12.16,14.041,83.187,6.008,20.67,80.55,6.94,0.8706,1.2902,17.854,1,1
ST-001686,SaaS,Series A,9,34,1.01,4.105,49.927,1.647,3.64,74.58,10.09,0.0285,0.2407,772.373,2,0
ST-001687,Edtech,Seed,3,10,15.17,6.581,91.565,5.165,46.94,57.77,8.77,0.1213,0.4178,65.441,1,0
ST-001688,Edtech,Seed,4,17,4.01,9.316,41.759,6.08,13.07,,1.23,0.4535,3.7049,60.338,1,0
ST-001689,Healthtech,Pre-seed,5,5,,8.679,33.963,1.238,-11.85,59.31,14.24,0.069,0.1279,16.232,0,1
ST-001690,Edtech,Pre-seed,4,21,6.31,0.714,11.456,0.221,37.97,50.32,6.46,0.8821,1.033,27.607,0,0
ST-001691,Agritech,Pre-seed,6,10,,4.525,61.068,1.102,30.55,61.9,5.02,0.1887,0.4009,10.082,0,0
ST-001692,Deeptech,Seed,11,8,1.81,9.784,107.392,5.673,20.49,50.59,3.03,1.1141,4.3655,219.099,1,0
ST-001693,Fintech,Pre-seed,3,16,16.53,4.247,27.119,2.914,51.05,77.42,6.44,0.3396,,7.361,0,0
ST-001694,D2C,Pre-seed,1,4,4.55,17.967,198.6,7.179,14.81,38.81,7.66,0.1423,0.228,21.669,0,1
ST-001695,D2C,Pre-seed,2,13,16.44,3.468,75.194,2.707,22.88,52.25,3.22,0.1161,,10.069,0,0
ST-001696,Healthtech,Seed,6,12,8.23,12.258,153.27,7.465,-4.99,47.54,11.6,0.1147,0.339,175.301,1,1
ST-001697,SaaS,Pre-seed,2,19,6.78,3.537,30.21,1.05,2.22,74.97,,0.0691,0.2991,15.691,1,0
ST-001698,Agritech,Series A,5,27,18.45,15.492,89.677,8.069,4.05,46.26,,0.3156,0.3549,792.661,2,0
ST-001699,Deeptech,Pre-seed,4,10,5.58,8.901,73.656,1.862,31.55,60.74,4.87,0.6464,0.9145,15.397,0,0
ST-001700,D2C,Seed,28,42,21.55,14.761,306.529,4.313,1.3,34.16,7.84,0.4299,0.4284,79.001,1,0
ST-001701,Deeptech,Pre-seed,3,30,7.0,3.417,47.86,1.786,14.97,73.95,3.69,1.3465,3.0797,15.862,0,0
ST-001702,Deeptech,Seed,6,11,8.7,12.783,45.681,5.606,10.82,57.74,5.42,0.3368,1.4837,251.057,1,1
ST-001703,Fintech,Seed,3,61,9.38,11.421,206.475,6.709,14.39,67.27,8.52,0.2259,1.2005,255.96,0,0
ST-001704,D2C,Seed,13,29,3.33,2.368,25.514,1.551,-0.55,31.99,10.03,0.2099,0.3141,107.003,2,1
ST-001705,Edtech,Seed,11,24,10.56,3.272,173.508,1.226,11.15,70.35,3.37,0.5692,1.7506,157.733,2,0
ST-001706,Deeptech,Seed,10,25,4.55,21.752,674.455,6.165,-8.7,70.04,21.74,0.0482,0.1471,51.289,1,0
ST-001707,SaaS,Pre-seed,9,7,3.85,2.767,26.183,0.564,16.17,71.73,7.47,,0.1661,19.749,0,1
ST-001708,Edtech,Seed,5,38,3.8,42.641,175.334,22.24,14.91,60.34,2.35,0.7551,,203.628,1,1
ST-001709,Deeptech,Pre-seed,3,4,6.3,11.961,63.109,1.612,18.52,55.1,7.56,0.3161,0.2207,28.301,0,1
ST-001710,Fintech,Seed,18,25,18.93,13.811,116.321,3.014,27.25,64.44,3.69,0.6591,1.4188,109.877,1,0
ST-001711,Agritech,Seed,9,35,4.98,20.168,1048.827,6.679,53.49,41.48,9.06,0.0426,0.0642,13.476,0,0
ST-001712,Fintech,Seed,2,11,10.37,17.4,137.528,7.73,-19.33,72.35,18.97,0.0342,0.1157,308.766,0,0
ST-001713,Deeptech,Seed,8,30,17.94,13.078,161.713,5.438,7.71,70.88,3.82,0.2151,0.7874,100.447,1,0
ST-001714,Deeptech,Pre-seed,3,17,7.03,2.16,23.186,0.193,-2.17,57.19,10.4,0.7562,4.2633,16.453,0,0
ST-001715,Fintech,Pre-seed,7,27,9.27,8.408,78.634,2.0,23.55,58.04,3.0,0.3441,0.8302,12.712,0,0
ST-001716,Agritech,Pre-seed,5,30,19.85,9.701,72.074,4.517,31.87,39.68,3.4,0.2209,0.6296,15.592,0,1
ST-001717,Fintech,Seed,2,44,11.74,6.509,134.638,3.798,-9.98,94.63,11.87,0.4671,0.6206,55.263,0,0
ST-001718,Healthtech,Series A,12,44,10.81,4.561,99.935,2.661,20.68,58.14,4.67,1.0731,1.6648,459.121,2,0
ST-001719,D2C,Seed,7,6,8.23,3.593,15.471,0.749,33.67,53.51,,0.9267,1.5177,24.205,0,0
ST-001720,Agritech,Seed,8,11,21.16,24.122,82.369,11.395,24.42,33.67,4.65,0.0601,0.1271,658.938,2,1
ST-001721,SaaS,Pre-seed,6,22,6.33,4.087,63.564,1.921,9.91,73.67,2.24,0.09,0.7753,28.229,1,0
ST-001722,SaaS,Series A,25,39,5.72,40.489,1237.233,9.492,28.2,93.84,2.65,0.8193,2.0594,1840.517,2,0
ST-001723,D2C,Pre-seed,5,7,6.57,4.106,19.471,2.451,11.64,38.29,7.04,0.2255,1.2504,1.545,1,0
ST-001724,Healthtech,Pre-seed,4,25,12.39,3.238,28.447,0.168,36.02,53.89,7.5,0.0749,0.2539,20.327,0,0
ST-001725,Edtech,Series A,21,45,9.94,57.921,1197.625,39.401,21.4,70.93,3.15,0.763,2.9752,1449.187,1,0
ST-001726,SaaS,Pre-seed,15,29,4.16,2.952,53.252,0.532,13.05,74.73,6.86,0.2142,0.5578,65.989,0,0
ST-001727,Fintech,Pre-seed,7,24,13.36,4.353,44.201,1.184,-9.42,73.96,12.01,0.1859,0.3971,27.038,1,1
ST-001728,Agritech,Pre-seed,4,16,11.61,4.944,91.211,0.777,17.36,44.7,8.81,0.0626,0.1609,13.902,0,0
ST-001729,SaaS,Seed,8,19,5.01,5.996,52.238,2.141,-7.0,80.86,19.02,0.304,0.4199,51.454,1,1
ST-001730,Edtech,Pre-seed,5,50,,5.944,47.388,1.135,-5.83,74.13,12.98,0.4144,0.6512,21.682,0,1
ST-001731,Deeptech,Seed,6,1,15.34,15.789,338.389,11.163,8.19,52.92,5.7,0.0869,0.1991,46.062,0,0
ST-001732,SaaS,Seed,24,15,6.83,10.481,75.944,2.838,13.9,,1.28,0.8681,2.1416,33.217,1,0
ST-001733,D2C,Pre-seed,2,8,1.86,2.598,21.772,0.322,-8.08,43.18,,0.3275,0.2036,19.372,0,1
ST-001734,Fintech,Pre-seed,8,6,7.72,1.573,64.256,0.412,13.53,57.05,7.33,0.718,0.8529,31.18,0,0
ST-001735,Agritech,Series A,9,32,6.54,7.152,49.912,3.105,9.01,46.54,7.6,0.7771,2.6496,2469.681,3,0
ST-001736,D2C,Pre-seed,2,22,1.4,2.371,101.765,0.413,4.4,48.06,9.1,0.0647,0.2417,28.912,0,0
ST-001737,Deeptech,Seed,6,20,5.81,14.139,181.765,6.099,10.11,58.05,3.08,0.2417,0.1927,787.902,0,1
ST-001738,SaaS,Seed,4,26,3.49,4.109,37.843,1.725,29.04,91.94,5.39,0.3199,0.8258,70.892,0,1
ST-001739,Healthtech,Pre-seed,6,27,18.24,1.612,29.671,0.121,8.86,54.37,4.54,0.0542,1.1571,18.511,1,0
ST-001740,Agritech,Seed,7,18,18.37,2.977,50.258,2.375,27.71,51.77,11.39,0.1003,0.484,24.322,1,0
ST-001741,Fintech,Seed,3,27,11.09,13.186,208.505,10.077,13.83,83.04,7.09,0.6985,0.7509,14.295,1,0
ST-001742,SaaS,Seed,16,17,7.39,12.121,61.499,8.437,36.89,85.56,5.83,0.1926,0.4932,257.354,0,0
ST-001743,SaaS,Series A,20,31,6.29,9.828,148.679,3.991,31.05,92.38,5.12,0.6735,1.772,1042.151,4,0
ST-001744,Deeptech,Series A,27,45,14.62,16.448,173.204,3.668,9.54,57.37,,0.5607,1.1324,3505.516,2,1
ST-001745,D2C,Seed,7,33,7.02,12.072,77.256,7.303,1.2,56.84,8.3,0.1388,0.6116,141.451,1,0
ST-001746,D2C,Seed,6,48,7.99,8.74,115.768,3.684,25.69,45.97,15.16,0.0272,0.1316,32.536,1,0
ST-001747,D2C,Seed,10,15,9.7,18.224,411.096,8.374,4.48,32.49,6.58,0.4261,0.691,113.452,0,0
ST-001748,Healthtech,Seed,4,13,21.01,7.915,32.151,4.993,-17.41,70.1,19.17,0.0906,0.3151,199.834,1,0
ST-001749,Edtech,Pre-seed,4,21,2.11,1.866,5.641,0.466,32.45,71.05,5.3,0.642,0.9289,15.279,0,1
ST-001750,Edtech,Series A,9,18,5.13,27.232,109.871,19.234,1.14,67.42,10.22,0.4998,1.0663,1496.857,3,1
ST-001751,D2C,Series A,4,32,2.83,11.878,111.784,6.314,-29.47,37.57,25.45,0.013,0.085,852.109,2,0
ST-001752,SaaS,Pre-seed,4,19,10.88,2.186,28.063,1.438,15.4,96.0,14.78,0.7429,0.937,24.236,0,0
ST-001753,Deeptech,Series A,8,14,2.17,41.724,247.765,20.593,33.66,66.73,5.43,0.1521,0.6003,244.864,1,0
ST-001754,Agritech,Series A,9,30,4.52,36.969,703.933,20.006,1.62,45.02,11.65,0.1248,0.1243,4049.03,4,0
ST-001755,Fintech,Seed,8,12,9.12,11.382,184.903,7.495,8.19,83.64,6.02,0.6588,1.0267,22.11,1,0
ST-001756,Healthtech,Series A,22,47,13.29,8.242,35.557,5.698,24.47,78.05,4.46,0.1917,0.286,4474.888,3,0
ST-001757,SaaS,Pre-seed,2,14,7.66,11.647,332.59,3.295,7.44,79.77,8.74,0.6745,0.8819,11.678,1,0
ST-001758,Deeptech,Pre-seed,3,10,4.58,7.842,102.657,5.584,14.82,48.58,,0.7504,0.6912,23.269,0,0
ST-001759,Deeptech,Pre-seed,2,19,6.48,7.004,37.613,1.161,35.8,63.18,10.56,2.6922,2.6785,39.622,0,1
ST-001760,Deeptech,Seed,4,24,6.26,8.563,73.196,3.392,29.73,55.85,0.8,15.8545,11.1585,32.695,0,1
ST-001761,Fintech,Pre-seed,3,11,14.46,11.747,63.458,2.626,21.75,96.0,1.89,10.7804,14.4795,11.438,0,1
ST-001762,SaaS,Series A,9,17,4.95,6.372,55.095,3.432,-21.01,70.65,32.51,,0.2033,1465.428,3,1
ST-001763,SaaS,Pre-seed,6,4,13.89,1.621,12.677,0.929,29.27,96.0,3.67,2.4737,5.513,15.221,0,0
ST-001764,SaaS,Pre-seed,5,28,7.55,15.09,50.423,10.977,8.7,77.52,5.58,0.2182,,58.171,0,0
ST-001765,SaaS,Seed,3,41,16.11,3.971,48.527,1.922,25.78,79.43,3.57,1.5108,4.768,289.002,1,0
ST-001766,SaaS,Pre-seed,9,30,8.68,7.698,73.134,3.706,-14.85,,15.23,0.0256,0.0724,16.512,0,1
ST-001767,Deeptech,Seed,11,12,5.4,30.899,174.419,6.847,35.19,59.3,3.19,0.4213,0.6106,219.36,1,1
ST-001768,SaaS,Pre-seed,2,21,15.93,4.488,41.031,2.873,-0.65,72.39,9.72,0.137,0.424,21.175,0,0
ST-001769,SaaS,Series A,22,27,27.26,7.506,217.081,2.516,23.05,79.45,3.74,0.906,3.0619,861.945,2,0
ST-001770,Agritech,Seed,8,8,,10.698,107.495,5.252,35.1,38.11,2.83,1.1311,1.7232,117.809,2,0
ST-001771,Healthtech,Pre-seed,4,11,14.56,12.609,279.334,0.643,25.21,41.03,8.51,0.0395,0.1803,11.726,0,0
ST-001772,Agritech,Pre-seed,5,21,8.82,4.541,17.915,2.866,25.11,49.49,4.74,0.1503,0.2743,6.859,0,1
ST-001773,D2C,Pre-seed,4,3,4.82,2.366,97.583,0.102,18.85,62.33,5.45,0.4208,0.7782,10.275,0,0
ST-001774,Deeptech,Series A,14,12,16.55,27.347,547.995,12.096,-11.62,60.69,16.6,0.067,0.1934,186.725,1,0
ST-001775,D2C,Seed,7,30,3.2,2.863,53.232,1.745,43.33,46.07,3.69,0.7045,0.6932,80.783,1,1
ST-001776,Healthtech,Seed,5,12,2.84,4.399,21.201,2.203,38.51,91.69,3.32,1.0524,1.688,162.298,1,0
ST-001777,D2C,Pre-seed,1,6,16.68,3.362,59.916,2.937,8.97,22.4,3.57,0.191,0.3957,33.626,1,0
ST-001778,Edtech,Series A,14,39,,13.02,182.25,7.569,-48.0,70.03,36.41,0.1954,0.2951,4158.917,2,1
ST-001779,Fintech,Pre-seed,3,9,3.54,2.192,47.45,0.191,38.14,58.25,,0.5913,1.8487,68.202,0,0
ST-001780,Edtech,Seed,10,30,21.62,7.783,153.878,6.009,-22.74,67.4,26.86,,0.1359,70.799,1,0
ST-001781,SaaS,Seed,8,48,12.82,10.757,67.126,5.724,26.67,73.28,6.22,0.4291,0.6629,68.172,1,0
ST-001782,Agritech,Pre-seed,3,7,7.67,3.04,102.719,0.283,1.7,44.51,17.45,0.0844,0.3447,23.223,0,0
ST-001783,Fintech,Seed,12,18,10.23,2.109,36.089,1.098,25.59,70.91,4.0,0.7258,1.6249,104.832,2,0
ST-001784,SaaS,Pre-seed,4,19,9.45,4.159,11.842,2.319,-4.15,79.86,10.6,0.312,1.1243,51.721,1,0
ST-001785,Fintech,Pre-seed,4,29,,19.236,813.831,2.935,17.12,,14.71,0.1358,0.4425,10.565,0,0
ST-001786,Agritech,Series A,9,17,7.46,18.105,135.977,16.638,-21.83,37.12,26.0,0.0147,0.1047,688.649,3,0
ST-001787,Fintech,Seed,18,3,13.4,10.088,136.228,3.124,15.82,76.29,1.7,2.3462,3.9168,152.809,1,0
ST-001788,D2C,Series A,6,12,9.02,11.366,190.235,5.035,13.91,45.28,6.52,0.1291,0.1281,630.374,1,1
ST-001789,Agritech,Seed,5,16,1.51,10.3,62.65,4.078,30.58,38.34,7.53,0.3065,0.2399,78.888,1,1
ST-001790,SaaS,Pre-seed,2,26,5.63,4.482,95.096,1.172,6.95,63.2,6.81,1.3542,,87.538,1,0
ST-001791,D2C,Seed,10,18,11.87,12.911,124.942,2.546,21.44,,2.37,0.7717,3.4784,277.214,2,0
ST-001792,Fintech,Seed,4,29,,4.53,24.222,0.319,7.17,64.45,6.81,0.1709,0.5885,50.174,1,1
ST-001793,SaaS,Pre-seed,3,13,9.03,4.21,23.535,0.916,26.52,83.73,,0.2454,0.4936,27.383,0,1
ST-001794,D2C,Pre-seed,3,18,6.68,2.906,5.334,1.6,25.21,75.77,3.33,0.3012,2.7798,21.788,0,0
ST-001795,Deeptech,Seed,6,32,21.88,14.966,42.43,10.552,33.97,66.76,7.59,0.1606,0.1575,142.365,1,1
ST-001796,Fintech,Seed,3,36,13.69,2.458,71.838,0.396,-9.13,67.49,12.11,0.1381,0.5959,242.571,2,0
ST-001797,Healthtech,Pre-seed,1,48,2.9,3.489,13.364,0.186,15.08,44.4,5.54,0.3921,0.6238,13.816,1,1
ST-001798,Fintech,Series A,13,28,12.26,28.238,566.061,3.815,19.96,85.79,15.41,0.0478,0.3411,901.646,3,0
ST-001799,Healthtech,Pre-seed,1,4,6.59,7.683,52.393,2.064,55.21,63.72,7.07,0.8388,1.4771,18.23,0,1
ST-001800,Healthtech,Pre-seed,7,22,,4.528,78.787,2.129,58.64,89.81,11.57,0.2466,1.1369,11.736,0,0
ST-001801,Healthtech,Pre-seed,10,3,6.64,0.977,11.241,0.177,-11.55,53.97,15.92,0.2237,0.4499,10.091,1,1
ST-001802,Healthtech,Series A,9,32,,26.953,129.084,16.25,1.09,48.73,10.88,0.0899,1.0638,1211.84,3,0
ST-001803,SaaS,Pre-seed,9,18,21.2,12.068,146.362,5.116,-35.47,,26.68,0.0674,0.1791,24.404,0,0
ST-001804,D2C,Seed,6,35,4.93,4.241,38.307,1.644,61.62,50.67,3.97,0.2801,0.6448,133.915,1,0
ST-001805,D2C,Pre-seed,10,12,16.11,2.981,39.962,1.868,23.67,61.64,6.71,0.2532,0.7236,25.143,1,0
ST-001806,D2C,Seed,5,22,5.52,13.867,211.108,8.829,27.69,34.49,2.9,0.9397,3.3888,91.473,1,0
ST-001807,SaaS,Seed,1,26,4.71,13.463,67.984,4.728,8.86,68.35,9.61,0.0242,0.1579,456.887,1,0
ST-001808,Edtech,Pre-seed,4,2,9.03,7.478,58.525,4.45,16.92,55.67,6.64,0.071,0.4253,11.245,0,0
ST-001809,Edtech,Series A,29,30,8.19,25.86,240.197,11.607,37.72,36.42,2.47,1.1062,0.6996,3006.533,3,0
ST-001810,SaaS,Pre-seed,5,2,4.12,1.28,9.994,0.44,-4.97,76.25,16.92,,0.4878,4.79,0,1
ST-001811,SaaS,Pre-seed,3,10,2.25,2.731,21.705,1.407,-6.71,61.39,25.95,0.0498,0.0761,49.458,1,0
ST-001812,Edtech,Seed,8,24,,10.208,28.923,5.28,10.45,67.83,9.12,0.1554,0.5862,73.958,1,1
ST-001813,D2C,Seed,11,4,4.13,7.292,120.327,2.106,15.71,46.94,1.62,4.8811,7.6953,47.213,0,1
ST-001814,SaaS,Pre-seed,4,24,6.97,5.02,33.386,2.328,28.66,72.14,19.83,0.0129,0.1093,17.633,0,0
ST-001815,Agritech,Seed,32,27,17.11,6.189,27.191,2.297,15.91,57.61,1.38,1.2433,1.6491,101.662,1,0
ST-001816,Healthtech,Pre-seed,3,30,7.32,3.382,12.625,1.488,-0.74,64.75,7.96,0.7622,0.6697,12.904,0,1
ST-001817,D2C,Seed,12,6,2.15,6.518,16.025,3.843,7.5,62.62,3.96,0.902,2.335,72.085,1,0
ST-001818,Edtech,Seed,10,53,15.9,2.899,176.235,0.402,19.22,87.32,4.26,0.4706,1.769,168.55,1,0
ST-001819,Edtech,Series A,7,11,,7.398,68.31,4.887,27.87,68.46,1.62,,6.4473,1448.875,3,0
ST-001820,Healthtech,Seed,5,22,14.29,8.45,114.9,4.066,36.49,67.76,1.36,1.4361,7.5281,102.288,2,0
ST-001821,Deeptech,Seed,12,16,,11.058,403.914,3.662,9.73,64.42,4.42,0.3093,0.4722,542.209,0,0
ST-001822,Edtech,Seed,7,19,8.05,9.785,660.12,0.699,0.64,88.19,8.72,0.373,0.6833,506.17,2,0
ST-001823,Healthtech,Pre-seed,5,43,28.31,3.77,27.402,0.165,-1.86,47.5,10.83,0.0301,0.0746,7.744,0,0
ST-001824,Healthtech,Pre-seed,1,7,11.28,15.47,77.559,11.372,41.5,56.74,6.54,0.6069,0.9612,7.694,0,1
ST-001825,D2C,Series A,15,50,15.73,36.029,250.122,13.159,4.84,32.82,15.06,0.0962,0.7905,1963.414,2,0
ST-001826,SaaS,Pre-seed,5,26,35.0,2.687,20.278,1.226,0.96,75.08,10.17,0.3635,0.3579,67.535,0,1
ST-001827,Healthtech,Seed,6,20,27.78,10.224,22.08,7.211,19.01,58.74,6.42,0.6217,0.543,68.312,1,1
ST-001828,Edtech,Pre-seed,5,16,3.35,8.129,172.812,5.766,50.9,57.35,4.18,0.4278,0.6116,11.753,0,0
ST-001829,Deeptech,Series A,8,31,3.99,13.831,183.449,10.634,-5.41,62.59,18.09,0.7204,0.7818,3515.311,2,1
ST-001830,Edtech,Pre-seed,3,12,2.83,1.981,12.12,1.213,29.42,72.53,11.95,0.8986,0.7325,11.351,1,1
ST-001831,Edtech,Series A,9,21,7.97,31.744,139.042,9.909,4.45,66.91,7.14,0.2079,,863.707,2,1
ST-001832,Deeptech,Seed,5,22,31.71,18.841,758.957,4.084,17.83,61.55,2.27,0.6894,0.7358,108.426,1,0
ST-001833,Edtech,Pre-seed,15,37,0.39,7.354,54.786,1.596,34.03,86.52,3.52,0.7134,1.4982,25.358,0,0
ST-001834,SaaS,Seed,11,18,5.49,9.273,457.344,1.719,41.04,85.96,3.78,0.4671,0.7776,61.338,0,0
ST-001835,SaaS,Seed,3,6,,6.15,67.021,0.829,4.38,67.34,8.01,,0.5834,134.351,0,0
ST-001836,SaaS,Pre-seed,14,19,3.7,1.468,10.864,0.923,32.76,73.27,4.97,,1.2306,16.415,1,0
ST-001837,SaaS,Pre-seed,3,16,,4.257,18.425,0.682,21.99,72.43,4.36,0.2162,0.6588,11.571,0,1
ST-001838,Edtech,Seed,6,13,7.11,15.788,514.222,3.104,23.96,82.57,2.38,0.8854,1.9517,66.055,1,0
ST-001839,D2C,Seed,11,25,2.6,18.998,56.519,12.376,41.45,42.45,4.29,1.0438,1.5382,43.539,1,1
ST-001840,D2C,Pre-seed,1,11,14.01,8.756,185.246,2.629,2.08,36.67,10.59,0.0757,0.1627,6.651,0,0
ST-001841,SaaS,Series A,9,22,6.84,24.948,618.242,18.47,30.27,69.42,,0.4736,1.4124,1532.766,3,0
ST-001842,Healthtech,Pre-seed,3,18,3.46,22.744,57.391,11.574,20.29,56.67,3.54,2.0666,1.7646,11.075,0,1
ST-001843,SaaS,Pre-seed,4,19,8.16,1.262,21.115,0.632,41.86,75.23,4.87,0.5846,1.4997,22.078,1,0
ST-001844,Deeptech,Seed,8,26,13.7,13.525,528.651,4.426,24.11,49.59,4.58,0.4961,1.1551,79.191,1,0
ST-001845,SaaS,Pre-seed,4,23,7.66,1.965,24.792,0.658,13.83,91.62,3.65,0.0931,0.3625,10.464,0,0
ST-001846,Healthtech,Pre-seed,4,18,3.74,14.155,205.926,6.918,35.3,59.78,3.71,0.7969,2.4241,16.63,0,0
ST-001847,Fintech,Seed,12,7,9.23,6.701,88.758,3.535,3.58,67.11,5.72,0.3134,2.0975,183.88,1,0
ST-001848,D2C,Pre-seed,5,20,26.58,8.372,105.646,1.173,8.59,56.22,8.02,0.1668,0.7888,40.763,0,0
ST-001849,Edtech,Pre-seed,4,29,5.31,2.456,8.635,1.287,1.23,76.05,12.43,0.0827,0.1644,130.85,0,1
ST-001850,D2C,Seed,7,6,4.21,10.5,124.583,4.721,2.34,41.27,8.51,0.0893,0.5104,207.357,2,0
ST-001851,SaaS,Seed,19,7,5.94,6.834,10.192,6.282,-41.94,95.26,32.47,0.0391,0.1025,115.703,1,1
ST-001852,Deeptech,Series A,11,15,,21.722,1035.352,12.716,3.28,57.74,5.98,0.2666,1.2273,2765.327,3,0
ST-001853,Edtech,Seed,5,33,4.6,8.268,97.458,2.5,13.96,60.51,11.59,0.2798,0.616,64.352,0,1
ST-001854,D2C,Seed,2,12,3.15,15.042,194.625,3.304,31.47,58.02,3.15,0.3577,1.0552,122.672,1,0
ST-001855,Agritech,Pre-seed,2,28,15.69,3.28,31.972,2.056,-2.34,56.31,11.11,0.6276,,12.944,1,1
ST-001856,Deeptech,Seed,5,23,12.91,21.759,300.238,12.845,4.99,61.23,11.78,0.1858,0.4893,172.454,1,0
ST-001857,SaaS,Pre-seed,4,11,6.49,8.144,26.277,5.697,13.3,78.01,2.12,2.099,7.1156,17.272,0,0
ST-001858,Fintech,Pre-seed,3,71,5.16,3.857,88.008,0.93,33.08,67.98,3.73,0.577,1.9661,9.64,0,0
ST-001859,Fintech,Series A,13,11,10.61,74.25,679.959,54.429,17.78,59.96,3.23,0.9011,0.6808,1369.138,3,0
ST-001860,Fintech,Seed,4,20,9.12,17.058,370.95,5.022,23.36,65.67,,0.1102,0.1987,75.877,0,0
ST-001861,Healthtech,Seed,4,11,8.89,6.499,34.42,3.291,34.02,58.37,2.85,3.1192,4.2758,343.923,2,0
ST-001862,Deeptech,Pre-seed,6,20,18.81,9.303,96.984,1.661,27.56,60.68,7.64,0.1011,0.2258,14.598,0,1
ST-001863,Deeptech,Pre-seed,9,9,11.45,12.628,355.385,5.416,4.34,74.92,9.39,0.4493,0.2551,66.331,0,0
ST-001864,Healthtech,Seed,3,15,35.0,13.557,701.342,6.202,51.42,61.06,1.99,1.1497,1.6413,254.626,2,0
ST-001865,D2C,Seed,7,13,5.54,8.972,105.373,8.586,-24.44,56.64,25.52,0.0499,0.1205,165.184,1,1
ST-001866,Agritech,Seed,2,17,27.28,0.566,2.755,0.249,34.36,53.47,14.56,0.0508,0.0862,123.833,2,0
ST-001867,Deeptech,Pre-seed,2,29,,2.98,7.87,0.616,26.24,70.62,2.91,0.2777,1.9108,15.82,1,0
ST-001868,SaaS,Pre-seed,3,6,3.61,6.288,78.368,2.825,43.13,,3.66,0.434,0.7841,10.819,0,0
ST-001869,Healthtech,Seed,13,12,4.78,4.356,222.824,2.15,10.6,57.37,2.99,0.8793,1.9262,53.658,0,0
ST-001870,Agritech,Seed,4,16,12.42,9.841,90.563,5.384,5.08,33.22,8.1,0.5861,0.4433,56.466,1,0
ST-001871,Fintech,Pre-seed,2,14,2.93,9.846,73.344,6.107,-6.14,54.29,18.0,0.4283,0.5121,18.044,0,1
ST-001872,Edtech,Pre-seed,4,35,7.64,3.13,42.993,0.6,-5.33,77.84,11.65,0.1776,0.704,10.127,1,0
ST-001873,Deeptech,Pre-seed,4,10,33.58,1.678,116.437,0.099,13.49,61.5,2.89,1.6596,2.5808,29.573,1,0
ST-001874,Deeptech,Pre-seed,2,28,0.59,3.518,43.946,1.291,-0.68,47.25,16.42,0.034,0.0724,23.262,0,1
ST-001875,Deeptech,Seed,21,43,7.6,18.752,155.118,13.343,0.56,,8.66,0.2213,0.3562,31.281,1,1
ST-001876,Agritech,Pre-seed,3,15,4.78,8.773,72.223,2.816,-5.27,48.5,11.55,0.0785,0.2812,1.442,0,0
ST-001877,Fintech,Seed,7,10,27.94,2.228,29.393,0.717,37.21,64.05,4.31,2.0049,2.1076,271.628,1,0
ST-001878,Fintech,Seed,5,37,7.21,10.573,313.544,3.222,0.33,,,0.4052,0.6329,386.075,2,0
ST-001879,Healthtech,Series A,13,36,4.21,5.905,27.052,4.35,22.44,76.92,3.03,0.5142,1.5558,723.476,2,0
ST-001880,Healthtech,Series A,22,12,2.96,18.128,478.628,9.475,11.35,54.58,14.88,0.2292,0.4242,2741.974,3,0
ST-001881,Edtech,Pre-seed,11,41,3.31,3.032,51.696,1.505,24.29,81.09,7.49,0.3024,0.1965,28.369,1,1
ST-001882,D2C,Pre-seed,2,10,25.35,22.16,122.199,8.95,11.49,54.19,7.3,0.1205,0.2611,11.285,0,0
ST-001883,Edtech,Pre-seed,8,15,0.98,2.303,44.511,0.585,33.27,82.02,,1.298,0.9858,6.979,0,0
ST-001884,D2C,Seed,9,28,11.35,16.509,1032.65,3.841,28.38,56.42,7.13,0.2774,0.6088,43.119,1,0
ST-001885,Fintech,Pre-seed,7,38,19.97,10.768,41.188,3.641,42.4,71.87,3.91,0.4953,1.9545,30.229,0,0
ST-001886,Fintech,Pre-seed,4,20,7.54,4.526,44.856,0.9,3.12,75.66,9.03,0.4968,0.765,6.541,0,1
ST-001887,SaaS,Pre-seed,3,14,3.36,4.202,45.02,1.674,-0.78,83.03,,0.1552,0.6808,15.825,1,0
ST-001888,SaaS,Pre-seed,7,12,11.32,3.859,43.205,1.91,8.83,74.24,5.29,0.1952,0.6841,8.793,0,0
ST-001889,Agritech,Seed,11,17,4.0,3.979,19.947,2.1,17.88,59.28,10.69,0.2875,1.1165,103.987,1,1
ST-001890,Edtech,Seed,16,61,5.08,3.576,14.979,1.474,26.57,66.21,1.87,1.603,1.2164,56.2,1,1
ST-001891,SaaS,Seed,7,25,4.41,5.501,27.683,2.378,2.34,95.89,8.79,0.3631,0.6856,49.897,1,0
ST-001892,D2C,Series A,9,26,4.58,6.548,91.515,2.779,18.2,61.5,9.5,0.1455,0.4975,1173.513,3,0
ST-001893,Healthtech,Pre-seed,1,27,,3.229,22.886,1.014,13.16,69.42,8.9,0.593,0.9375,25.105,0,1
ST-001894,SaaS,Pre-seed,1,14,6.92,3.351,40.136,1.929,11.41,92.91,4.02,1.2287,0.8698,17.977,0,1
ST-001895,Fintech,Pre-seed,3,37,11.81,5.851,126.032,2.853,16.82,73.42,5.99,0.1998,0.864,12.929,0,0
ST-001896,SaaS,Seed,3,27,11.79,10.17,30.947,7.095,47.02,87.52,5.96,0.5861,2.3807,203.614,1,0
ST-001897,D2C,Seed,10,17,7.98,6.736,114.539,2.318,32.1,41.04,17.64,0.0321,0.1738,154.381,1,0
ST-001898,Fintech,Pre-seed,2,12,20.72,2.993,22.283,1.998,39.03,70.79,3.14,2.9211,1.9077,41.414,1,0
ST-001899,SaaS,Series A,7,8,,19.229,709.788,10.783,21.61,86.9,5.64,0.4444,0.8701,1557.836,2,0
ST-001900,SaaS,Pre-seed,3,29,,6.818,29.681,4.249,53.98,86.05,3.93,0.9765,1.6455,13.625,0,0
ST-001901,Healthtech,Pre-seed,8,6,1.55,3.263,44.886,1.162,35.69,66.0,12.1,0.342,0.4002,20.77,0,1
ST-001902,SaaS,Seed,4,41,8.37,3.642,144.992,1.931,-14.43,84.32,17.3,0.1988,0.4953,158.897,1,0
ST-001903,Agritech,Series A,13,15,14.46,9.443,14.391,7.412,29.28,,3.49,,0.6469,1374.97,2,0
ST-001904,SaaS,Seed,7,13,2.58,6.484,198.98,2.837,22.61,83.49,7.67,0.3964,0.7373,80.544,1,0
ST-001905,Healthtech,Series A,18,58,5.23,38.736,194.685,29.106,27.07,71.18,3.15,0.2891,1.8808,3550.393,4,0
ST-001906,Edtech,Pre-seed,7,28,4.48,5.594,14.54,3.173,-14.5,67.35,18.29,0.8169,0.4991,17.586,0,1
ST-001907,Edtech,Seed,6,21,0.55,6.487,100.569,1.883,-15.24,70.76,20.45,0.1436,0.4257,117.929,1,1
ST-001908,SaaS,Series A,4,55,3.33,55.617,1007.691,8.861,12.0,72.73,1.83,8.7647,8.3718,732.467,3,0
ST-001909,Agritech,Seed,5,19,12.41,6.63,114.801,4.353,-21.37,45.74,19.14,0.0756,0.1823,617.494,0,0
ST-001910,Deeptech,Pre-seed,4,12,7.74,16.546,323.715,5.292,31.77,52.81,15.15,0.0334,0.0997,8.76,1,0
ST-001911,SaaS,Series A,12,26,9.96,34.1,352.801,18.272,17.1,66.81,5.68,0.1575,0.8347,836.683,2,0
ST-001912,SaaS,Pre-seed,2,30,14.5,8.833,348.394,2.485,57.9,83.56,2.58,0.3931,0.7316,7.043,0,0
ST-001913,Deeptech,Pre-seed,8,7,23.97,7.534,271.361,1.123,24.87,48.39,5.43,0.0802,,53.885,0,0
ST-001914,Healthtech,Series A,10,15,3.31,18.474,295.072,12.913,28.57,51.39,1.69,2.747,1.4265,437.56,2,1
ST-001915,SaaS,Series A,6,13,11.48,14.207,235.222,4.238,26.16,96.0,,0.3274,1.5553,360.089,2,0
ST-001916,SaaS,Series A,8,12,5.08,26.105,619.042,12.743,15.65,94.95,6.28,0.1548,0.5125,166.294,1,0
ST-001917,D2C,Series A,33,21,3.57,8.419,98.735,4.214,16.47,70.89,4.75,1.1965,2.9951,747.887,2,0
ST-001918,D2C,Pre-seed,6,7,6.42,3.352,12.758,1.717,15.82,,3.24,0.5169,1.297,29.776,0,0
ST-001919,Healthtech,Series A,19,8,11.84,56.404,609.63,31.212,-36.12,60.12,37.19,0.206,0.3034,1019.898,1,1
ST-001920,Deeptech,Seed,3,12,8.26,17.941,158.531,7.183,39.07,62.86,4.12,2.4677,4.1399,332.211,2,1
ST-001921,Edtech,Seed,4,12,,12.925,118.256,8.392,39.28,71.75,1.67,4.7584,6.6948,622.142,2,1
ST-001922,Fintech,Pre-seed,3,22,12.68,2.162,10.317,0.293,35.14,64.84,4.55,0.5892,0.7493,21.603,0,1
ST-001923,Edtech,Series A,11,38,12.04,9.126,40.276,6.637,15.86,59.28,9.86,0.0812,0.2072,2556.618,4,0
ST-001924,Fintech,Seed,6,14,5.56,12.686,335.511,5.065,12.66,75.2,12.78,0.0384,0.2189,325.877,1,0
ST-001925,SaaS,Series A,7,4,11.41,13.738,180.354,6.271,-9.82,65.24,11.52,0.28,0.4701,858.203,2,0
ST-001926,SaaS,Pre-seed,3,10,8.1,1.596,14.117,0.297,-9.29,89.07,13.3,0.146,0.3621,9.258,0,1
ST-001927,Fintech,Pre-seed,2,45,4.5,8.999,79.175,0.97,4.53,65.37,7.61,0.1475,0.299,17.956,1,1
ST-001928,D2C,Seed,6,33,11.99,16.853,211.215,2.523,19.77,57.23,5.5,0.6009,1.2085,425.884,2,0
ST-001929,SaaS,Pre-seed,8,20,12.25,3.141,28.15,1.353,24.84,94.47,2.27,2.4078,4.5532,17.317,0,1
ST-001930,Edtech,Seed,2,16,3.08,11.532,36.301,4.087,4.68,73.97,10.41,0.0424,0.2693,86.395,1,0
ST-001931,D2C,Pre-seed,5,28,11.36,17.457,144.21,7.297,-10.38,35.82,,0.0429,0.092,30.349,0,1
ST-001932,Healthtech,Seed,15,10,15.75,26.591,423.891,6.744,1.5,47.12,8.03,,0.1477,106.032,0,0
ST-001933,Agritech,Pre-seed,3,28,3.37,2.984,30.249,1.212,14.5,35.26,4.86,0.2605,0.5779,20.783,1,1
ST-001934,Agritech,Pre-seed,3,22,9.15,1.603,4.36,0.692,-15.8,47.08,21.36,0.0168,,7.882,1,0
ST-001935,D2C,Seed,11,29,3.43,9.157,113.726,6.12,19.34,32.25,13.95,0.0674,0.3579,324.123,2,0
ST-001936,SaaS,Pre-seed,2,18,3.72,20.901,110.9,15.054,50.85,81.82,9.22,0.1695,0.6555,9.8,1,0
ST-001937,Edtech,Pre-seed,4,6,1.99,8.896,49.683,4.303,0.13,57.45,9.39,0.0708,0.2593,34.434,0,1
ST-001938,Healthtech,Pre-seed,2,8,17.1,4.609,21.052,2.37,61.5,56.97,6.5,0.1907,0.6601,3.875,0,1
ST-001939,Fintech,Pre-seed,1,23,15.85,16.037,217.625,2.982,2.2,68.12,9.07,0.2672,0.4484,16.635,0,0
ST-001940,SaaS,Seed,6,26,16.45,17.141,206.364,5.731,10.82,86.5,3.8,0.3554,0.9593,425.568,2,0
ST-001941,SaaS,Pre-seed,2,12,5.99,0.983,13.825,0.353,27.15,73.37,6.67,0.0692,0.7289,36.443,0,0
ST-001942,Edtech,Pre-seed,4,11,14.48,7.29,354.016,3.273,16.03,62.44,6.63,0.0855,0.2606,13.898,0,0
ST-001943,Edtech,Seed,12,38,,7.083,145.546,1.567,-20.1,71.01,20.39,0.1831,0.2853,195.089,1,0
ST-001944,SaaS,Seed,20,20,3.04,3.959,23.149,1.662,20.76,80.75,8.94,0.8803,0.7826,198.205,1,1
ST-001945,Agritech,Seed,7,12,6.08,7.26,262.625,1.852,17.13,50.43,4.24,1.1435,1.9222,57.147,1,0
ST-001946,Deeptech,Pre-seed,7,36,15.22,8.057,61.354,3.733,11.48,65.6,4.99,1.0043,1.0897,48.814,0,1
ST-001947,SaaS,Series A,13,44,9.35,7.99,79.011,3.615,15.51,72.22,5.61,0.1556,0.4541,2819.833,3,1
ST-001948,Deeptech,Pre-seed,3,16,5.54,5.485,28.68,1.686,26.29,67.2,6.03,0.0893,0.0844,12.434,0,1
ST-001949,SaaS,Pre-seed,1,19,5.32,3.04,27.358,1.799,-1.62,96.0,9.46,0.3808,0.3295,10.936,0,0
ST-001950,Deeptech,Series A,28,37,17.12,38.894,388.414,18.626,25.25,61.16,14.94,,0.3821,1613.125,3,0
ST-001951,Deeptech,Seed,3,28,12.94,9.219,250.157,2.212,2.7,53.14,11.85,0.9547,0.8153,143.351,2,1
ST-001952,SaaS,Seed,15,8,17.71,2.173,42.742,0.678,47.74,66.13,5.0,0.4001,1.046,129.404,1,0
ST-001953,D2C,Series A,14,47,16.93,10.768,77.094,5.848,35.84,42.58,5.07,0.0521,0.3373,1083.973,2,0
ST-001954,Deeptech,Pre-seed,2,5,1.65,3.025,16.899,0.615,-3.93,62.03,12.43,0.1477,0.4402,16.47,0,1
ST-001955,Deeptech,Series A,12,30,15.64,8.641,130.799,4.658,39.83,56.75,,0.0166,0.0601,775.14,1,0
ST-001956,Deeptech,Seed,23,9,13.1,26.792,835.941,11.562,24.06,57.43,8.72,0.1483,0.5018,95.581,2,0
ST-001957,Healthtech,Pre-seed,10,24,3.86,8.256,167.143,4.566,28.13,61.81,7.23,1.4997,0.9872,35.384,1,0
ST-001958,SaaS,Pre-seed,3,10,,1.923,35.359,1.466,13.19,76.56,21.05,0.2753,0.1506,38.289,0,0
ST-001959,Agritech,Pre-seed,2,11,7.04,1.423,14.504,0.931,9.8,51.38,8.1,0.3184,,24.071,1,0
ST-001960,Healthtech,Series A,11,36,23.61,15.775,399.421,9.071,8.32,54.12,4.73,,2.4229,2195.424,2,0
ST-001961,Healthtech,Pre-seed,3,7,8.32,1.785,40.136,0.882,-3.02,64.09,14.89,0.1572,0.4882,28.854,1,0
ST-001962,Edtech,Pre-seed,8,12,12.73,2.852,140.875,0.999,-22.29,68.72,23.27,0.1045,0.2913,108.477,0,0
ST-001963,Healthtech,Seed,10,9,15.48,9.329,135.524,4.013,2.1,78.38,,0.0191,0.0281,85.661,1,1
ST-001964,SaaS,Seed,2,22,5.76,9.2,77.541,3.634,2.0,73.55,12.5,0.1855,0.5507,210.529,1,0
ST-001965,D2C,Pre-seed,5,7,16.84,5.174,102.629,3.812,-5.89,56.07,14.0,0.1502,0.6128,11.114,0,0
ST-001966,SaaS,Series A,9,28,7.69,8.068,29.19,3.954,26.22,91.32,8.75,0.4262,0.714,429.542,3,1
ST-001967,D2C,Seed,6,39,33.89,8.163,237.648,3.998,20.63,45.25,1.89,2.423,3.2863,274.855,1,0
ST-001968,Agritech,Series A,12,6,3.8,32.741,1386.655,14.206,1.56,44.66,11.61,,0.3196,1285.742,2,0
ST-001969,Edtech,Pre-seed,8,10,7.16,0.75,19.228,0.146,10.46,81.7,7.7,0.8424,0.8216,28.523,1,0
ST-001970,Edtech,Pre-seed,7,8,15.96,4.292,22.674,1.657,21.68,52.69,2.31,1.4103,2.4473,22.438,0,1
ST-001971,Fintech,Seed,4,8,4.64,4.27,46.351,3.148,0.24,59.06,11.02,0.1359,0.3497,74.248,1,0
ST-001972,Deeptech,Pre-seed,4,20,13.65,16.429,448.954,5.517,-36.64,46.21,26.75,0.0129,0.0735,14.419,0,0
ST-001973,D2C,Seed,5,23,6.31,13.972,280.98,6.042,40.62,40.57,,0.417,0.6497,120.262,1,0
ST-001974,Fintech,Pre-seed,1,37,3.33,9.165,109.915,2.219,14.59,65.41,8.54,0.4227,0.442,47.5,0,1
ST-001975,SaaS,Seed,6,30,2.82,3.997,31.75,2.435,21.18,96.0,2.75,1.2757,,152.14,1,0
ST-001976,SaaS,Series A,32,24,9.11,17.115,723.424,9.135,17.61,77.37,,0.4225,,1182.089,4,0
ST-001977,Edtech,Series A,3,27,10.93,16.318,124.843,1.902,-16.3,90.14,16.51,0.1891,0.9672,517.703,2,0
ST-001978,Deeptech,Series A,10,18,3.64,3.979,18.44,1.913,-0.43,67.9,11.66,0.151,0.5545,2389.115,3,1
ST-001979,D2C,Series A,10,28,11.59,16.515,110.975,9.443,13.72,42.46,6.07,0.3823,1.273,3145.003,2,0
ST-001980,SaaS,Seed,7,7,2.62,11.491,553.505,4.966,11.32,76.58,2.7,1.9073,1.7674,46.151,1,0
ST-001981,Agritech,Pre-seed,2,15,5.83,1.282,19.925,0.851,-6.82,54.16,13.14,0.0751,0.116,14.315,0,1
ST-001982,Fintech,Series A,4,30,7.55,29.475,325.881,3.286,21.19,68.84,4.48,0.1046,0.463,760.069,4,0
ST-001983,Agritech,Series A,4,21,7.12,13.99,776.751,8.17,25.95,39.19,5.35,0.1723,0.3399,1367.505,4,0
ST-001984,Fintech,Series A,23,16,8.8,51.657,222.259,37.493,6.01,59.97,11.54,0.3278,0.1779,920.592,3,1
ST-001985,Healthtech,Seed,3,21,7.34,6.586,55.802,2.396,36.55,,2.87,0.0555,0.3766,290.305,2,0
ST-001986,Deeptech,Pre-seed,3,9,6.63,6.795,27.94,2.218,28.19,77.34,3.95,0.9009,1.6877,4.084,0,1
ST-001987,Fintech,Series A,37,21,6.61,24.43,340.517,10.056,22.12,69.54,,0.2228,0.6262,2780.838,2,0
ST-001988,D2C,Series A,6,36,4.97,1.969,44.676,0.651,3.51,44.57,11.95,0.0788,0.2369,2251.269,2,0
ST-001989,Deeptech,Seed,8,32,11.75,8.873,142.937,1.9,11.94,50.64,2.89,1.7549,3.7071,48.206,1,0
ST-001990,SaaS,Series A,19,27,6.68,15.061,420.183,8.039,31.5,75.87,4.68,0.2399,1.1911,496.011,2,0
ST-001991,SaaS,Seed,12,11,4.55,1.354,11.632,0.558,-14.94,65.87,19.29,0.0974,0.2007,40.816,1,1
ST-001992,D2C,Series A,4,19,11.25,24.149,267.718,12.026,-15.07,49.79,21.36,0.0753,0.1404,629.16,2,1
ST-001993,Fintech,Pre-seed,2,18,10.16,5.54,55.55,3.072,8.44,,7.73,0.1143,1.2936,12.404,0,0
ST-001994,SaaS,Series A,12,16,3.51,14.996,725.625,5.122,13.58,96.0,,0.5192,0.4141,943.068,2,0
ST-001995,Edtech,Pre-seed,13,43,18.87,5.705,98.875,0.917,14.95,75.72,6.43,0.0891,0.2274,20.453,1,0
ST-001996,D2C,Pre-seed,2,10,5.88,3.013,26.677,1.037,27.96,56.23,5.13,0.3268,0.9619,28.352,0,0
ST-001997,Fintech,Pre-seed,3,17,6.07,5.372,103.961,1.641,22.07,80.83,2.0,1.038,3.5502,35.931,1,0
ST-001998,Fintech,Seed,8,6,7.73,18.596,182.318,7.831,15.94,66.29,3.73,,2.0616,69.738,1,0
ST-001999,Agritech,Pre-seed,6,29,9.94,3.693,59.145,0.447,10.66,37.25,10.89,0.1,0.2517,59.658,1,0
ST-002000,Healthtech,Series A,15,49,7.99,4.503,41.104,2.705,31.15,71.56,8.24,2.1341,2.3938,3049.597,2,0
ST-002001,Agritech,Seed,4,10,4.24,7.055,34.139,3.461,40.7,44.14,4.96,0.4554,1.2293,128.517,0,1
ST-002002,Edtech,Series A,7,9,1.78,13.042,99.591,6.107,7.78,,,0.0637,0.1417,516.753,3,1
ST-002003,Deeptech,Pre-seed,4,19,18.64,11.435,350.15,7.859,25.18,46.87,3.25,0.0794,0.3917,32.548,0,0
ST-002004,D2C,Pre-seed,8,45,,3.163,43.594,1.066,11.59,60.69,3.23,0.0975,0.3541,14.048,0,0
ST-002005,SaaS,Seed,5,8,10.72,3.654,31.061,2.11,-9.9,91.35,19.18,0.1881,0.3785,118.303,1,0
ST-002006,Deeptech,Seed,6,17,7.95,5.677,69.076,3.441,-19.51,42.57,,0.1122,0.1907,381.507,2,0
ST-002007,Edtech,Seed,3,24,1.39,18.372,160.925,8.415,40.19,68.12,5.93,1.0189,3.0496,26.553,1,1
ST-002008,SaaS,Series A,32,25,4.9,17.431,181.018,8.412,30.79,93.45,20.19,0.0729,0.2009,1436.987,3,1
ST-002009,SaaS,Series A,11,30,21.48,38.548,435.24,8.165,22.45,80.61,5.3,0.7171,0.5866,1254.782,2,0
ST-002010,D2C,Seed,12,40,1.91,23.45,358.462,10.447,36.46,47.84,3.23,1.4539,1.3395,190.675,1,1
ST-002011,SaaS,Series A,10,38,6.24,8.287,21.041,6.11,-2.82,92.63,15.42,0.0672,0.2101,760.59,2,1
ST-002012,Fintech,Seed,7,16,9.94,5.527,101.024,2.803,34.2,65.09,9.33,0.356,0.4332,212.342,2,0
ST-002013,SaaS,Seed,2,8,3.84,6.74,82.171,1.556,22.82,81.06,1.62,7.962,7.4299,27.905,1,0
ST-002014,Edtech,Pre-seed,1,31,8.55,5.283,14.187,3.232,7.95,75.64,12.25,0.291,0.8226,26.37,1,1
ST-002015,Edtech,Pre-seed,8,13,11.37,1.237,10.931,0.405,-31.39,55.92,23.79,0.3698,0.3876,33.365,0,1
ST-002016,Healthtech,Pre-seed,4,17,10.43,6.423,49.661,2.612,-13.03,55.48,24.76,0.0333,0.064,6.066,0,1
ST-002017,Fintech,Seed,7,32,8.54,13.345,393.96,4.039,51.61,49.18,10.48,0.143,0.532,26.675,1,0
ST-002018,SaaS,Seed,3,35,6.98,3.286,10.9,2.605,50.89,96.0,5.39,1.2447,1.345,166.539,1,1
ST-002019,Healthtech,Pre-seed,2,27,3.96,2.111,13.056,0.508,-12.78,64.29,14.96,0.5771,1.8602,14.117,0,1
ST-002020,Fintech,Seed,12,47,11.14,13.738,24.878,7.896,-26.43,79.55,27.9,,,9.651,1,1
ST-002021,D2C,Pre-seed,11,16,7.84,18.018,128.773,8.585,44.36,34.88,6.38,0.3499,0.4126,14.966,0,1
ST-002022,SaaS,Pre-seed,3,11,23.28,3.12,79.676,0.799,15.3,95.63,,0.7866,,22.514,0,0
ST-002023,SaaS,Series A,15,14,13.03,17.947,377.956,4.27,-1.13,78.76,,0.5047,0.6952,2009.877,3,1
ST-002024,Fintech,Pre-seed,4,11,,3.369,17.867,0.917,-8.91,83.15,12.64,0.3097,0.8669,10.289,1,0
ST-002025,Edtech,Pre-seed,4,11,9.22,4.025,22.233,3.295,-9.08,64.78,15.96,0.3862,0.4447,29.176,0,1
ST-002026,Edtech,Seed,20,23,3.06,4.145,44.297,2.742,42.9,55.08,5.91,0.3944,0.5298,62.239,1,0
ST-002027,Agritech,Pre-seed,3,23,1.7,2.945,126.141,0.312,22.24,63.95,,0.0936,0.5474,16.166,0,0
ST-002028,Fintech,Seed,13,10,5.38,58.176,553.414,33.932,-22.14,68.66,26.48,0.047,0.3274,382.939,1,0
ST-002029,Healthtech,Series A,13,37,2.58,18.346,145.646,12.297,-0.74,50.1,9.87,0.0573,0.2408,825.91,3,0
ST-002030,Healthtech,Seed,6,34,12.16,2.875,52.715,0.737,48.73,44.91,3.45,0.6712,1.1165,197.232,0,0
ST-002031,SaaS,Seed,15,3,21.97,11.738,235.356,3.052,21.83,86.57,5.08,1.6072,1.8662,54.599,1,0
ST-002032,Healthtech,Pre-seed,5,23,15.66,10.438,160.661,6.159,-12.34,62.7,19.7,0.2256,0.1574,13.476,0,0
ST-002033,Fintech,Seed,6,15,6.04,16.224,295.981,8.118,1.86,,9.3,0.3074,0.7949,176.493,2,0
ST-002034,Edtech,Pre-seed,9,35,,2.989,182.922,0.622,14.7,69.57,1.97,3.778,2.7271,20.294,0,0
ST-002035,SaaS,Pre-seed,8,16,5.17,1.993,9.807,0.153,36.94,80.43,4.29,0.5942,1.0683,38.686,0,1
ST-002036,Agritech,Series A,21,15,16.96,6.847,76.457,3.824,11.93,56.18,5.52,0.4357,1.3625,1716.376,3,0
ST-002037,Deeptech,Seed,1,10,11.37,9.991,98.41,5.575,44.42,65.93,3.18,0.5016,0.6161,107.656,1,0
ST-002038,SaaS,Seed,8,22,7.76,5.674,20.178,2.713,21.01,80.37,,0.8716,1.8623,77.54,1,0
ST-002039,Healthtech,Pre-seed,4,12,7.4,3.097,11.74,1.474,-31.12,68.71,26.69,0.1208,0.2013,33.697,1,1
ST-002040,D2C,Series A,10,11,11.36,35.652,351.794,21.645,25.23,54.3,2.34,0.2468,0.7641,692.769,4,0
ST-002041,Fintech,Pre-seed,6,5,7.46,10.108,61.233,5.084,13.17,79.77,,0.7937,1.7858,8.768,0,1
ST-002042,Agritech,Pre-seed,5,20,15.11,8.836,71.23,3.349,6.38,27.44,21.72,0.0515,0.0747,50.621,0,1
ST-002043,D2C,Series A,15,10,5.95,8.425,28.048,4.864,22.28,43.27,,0.4223,0.3914,2699.229,4,1
ST-002044,Deeptech,Seed,5,4,6.89,5.902,34.288,1.047,10.28,64.06,6.96,0.0772,0.6186,157.001,1,0
ST-002045,Deeptech,Series A,26,39,7.18,23.196,130.161,14.671,18.23,81.05,5.95,2.5899,3.8472,1613.547,2,1
ST-002046,SaaS,Pre-seed,6,8,6.54,5.201,41.79,1.497,6.01,94.99,4.93,0.6007,0.7579,14.058,0,1
ST-002047,Edtech,Seed,9,26,4.17,6.846,69.288,4.123,3.68,80.23,5.22,0.1498,0.7339,54.979,1,0
ST-002048,Healthtech,Series A,14,25,5.64,21.803,205.674,8.305,37.25,92.23,2.28,2.2372,4.6149,742.366,3,1
ST-002049,SaaS,Seed,13,13,7.66,23.133,92.458,16.198,17.9,81.06,4.19,0.9811,4.1299,77.07,1,0
ST-002050,Fintech,Seed,12,42,7.27,8.524,52.671,6.564,24.1,90.78,20.57,0.0702,0.1593,66.092,1,0
ST-002051,Deeptech,Pre-seed,4,24,20.15,10.691,158.267,1.448,4.87,65.51,10.39,0.1016,0.2714,18.366,0,0
ST-002052,SaaS,Seed,12,19,9.97,10.729,65.527,2.847,37.85,71.22,2.99,0.1833,0.5702,71.636,1,0
ST-002053,Edtech,Series A,11,14,17.48,13.34,598.52,10.433,18.32,48.19,2.98,0.5449,1.2037,2088.317,2,0
ST-002054,Agritech,Seed,20,27,2.31,11.758,23.828,5.399,8.41,49.51,5.09,0.745,,80.977,1,1
ST-002055,Fintech,Series A,20,33,13.89,10.992,201.617,5.624,40.6,75.27,1.68,3.9022,6.6202,708.256,2,0
ST-002056,Edtech,Seed,4,20,9.97,3.236,90.844,0.556,8.4,64.08,4.72,2.516,1.4025,38.815,1,0
ST-002057,Deeptech,Seed,26,19,7.2,15.641,445.042,4.873,19.29,59.29,6.53,0.2107,0.7388,31.95,1,0
ST-002058,Edtech,Pre-seed,1,24,3.91,1.044,15.0,0.191,-8.25,88.09,14.11,0.407,0.5701,26.084,1,0
ST-002059,SaaS,Seed,9,19,12.01,10.679,35.042,4.99,2.36,82.5,8.57,1.1084,1.1277,42.194,0,1
ST-002060,SaaS,Series A,7,15,10.93,6.282,169.407,4.093,30.31,96.0,8.11,0.108,0.3717,2388.851,3,0
ST-002061,Deeptech,Seed,20,8,12.3,34.164,100.499,23.204,14.44,66.51,,1.0323,2.3249,209.915,1,0
ST-002062,Fintech,Pre-seed,5,15,,3.915,17.203,1.157,18.94,79.72,,0.0575,0.2739,26.819,0,1
ST-002063,Edtech,Seed,4,8,15.07,18.513,146.77,6.352,13.61,64.52,2.58,7.639,,155.958,1,1
ST-002064,SaaS,Seed,5,29,11.49,6.348,16.002,4.403,14.47,,8.1,1.5865,2.8697,61.873,1,1
ST-002065,Edtech,Series A,6,22,5.88,10.377,41.223,6.214,2.65,67.19,9.68,0.2191,0.3396,766.126,3,1
ST-002066,Deeptech,Pre-seed,3,27,18.89,11.153,52.482,5.657,7.12,,7.84,0.1824,,26.331,0,0
ST-002067,Edtech,Pre-seed,3,19,9.03,4.192,8.315,1.779,10.83,74.16,5.19,0.7606,1.9601,10.193,0,1
ST-002068,Deeptech,Pre-seed,2,22,1.89,5.699,49.791,3.108,10.91,72.2,7.38,0.3565,2.3333,19.436,0,0
ST-002069,Fintech,Pre-seed,5,10,5.87,3.893,20.166,1.824,26.71,95.09,3.05,0.3081,2.1333,15.153,0,0
ST-002070,Edtech,Series A,13,21,14.96,9.375,116.89,2.219,23.01,59.31,8.99,0.0823,0.2954,1159.605,2,0
ST-002071,Agritech,Seed,3,22,6.0,37.116,560.725,15.088,43.17,51.98,4.31,0.4666,1.2871,79.366,0,0
ST-002072,Edtech,Seed,2,21,8.04,1.946,14.775,1.134,30.04,77.94,,2.5313,2.3432,73.928,1,0
ST-002073,Fintech,Pre-seed,5,17,15.24,2.191,16.247,0.195,-1.61,68.68,13.86,0.118,0.3956,43.68,0,0
ST-002074,Agritech,Seed,9,10,6.06,15.863,260.394,10.533,1.43,37.75,8.28,0.1024,0.9336,105.48,1,0
ST-002075,Fintech,Series A,16,8,12.85,42.243,367.303,21.315,33.54,76.74,6.66,0.342,1.834,1914.757,2,0
ST-002076,Healthtech,Seed,9,10,3.15,4.564,29.155,1.822,29.36,54.17,3.25,1.3471,2.1666,216.451,1,0
ST-002077,Deeptech,Pre-seed,10,2,9.75,1.693,13.387,0.914,38.82,60.16,1.99,1.1675,2.2295,15.053,0,0
ST-002078,SaaS,Pre-seed,7,4,9.38,9.641,108.133,6.85,16.92,96.0,5.59,0.1469,1.0791,11.309,0,0
ST-002079,Fintech,Series A,53,27,10.31,8.993,78.561,2.638,8.54,75.76,19.2,0.9601,1.0598,1366.572,2,1
ST-002080,SaaS,Series A,69,20,11.13,9.938,136.011,5.93,21.19,88.93,3.42,0.3763,1.0267,924.525,2,0
ST-002081,Edtech,Pre-seed,1,9,8.27,3.638,11.394,2.106,-11.86,83.42,18.18,0.3381,0.5059,17.772,0,1
ST-002082,SaaS,Seed,2,16,7.62,3.413,43.218,0.794,11.35,80.63,8.35,0.5959,,147.022,1,1
ST-002083,D2C,Pre-seed,4,3,8.01,7.88,107.038,2.46,58.14,51.77,2.55,0.6597,1.9718,7.958,0,0
ST-002084,SaaS,Seed,9,18,18.45,7.501,36.065,3.573,8.57,80.04,5.14,0.1557,0.5251,104.522,1,1
ST-002085,D2C,Pre-seed,4,6,8.82,2.146,14.174,1.268,16.67,56.64,10.32,0.2598,0.4367,57.943,0,1
ST-002086,Fintech,Series A,16,41,27.11,10.788,73.843,3.681,9.73,53.35,8.4,0.0795,0.3221,2243.017,3,0
ST-002087,Fintech,Series A,9,31,11.1,48.615,380.378,10.834,45.56,,5.21,0.4527,1.6755,804.288,2,1
ST-002088,Fintech,Pre-seed,3,21,8.82,4.261,28.682,2.982,-7.88,68.36,11.54,0.1412,0.5372,32.509,0,0
ST-002089,D2C,Seed,4,21,3.38,12.076,538.934,3.651,29.67,54.64,3.58,1.3007,3.4423,165.657,1,0
ST-002090,Edtech,Pre-seed,3,23,13.41,3.37,37.045,1.5,8.61,87.94,8.39,0.3745,2.281,3.387,0,0
ST-002091,Fintech,Pre-seed,7,15,6.74,1.472,15.972,0.481,3.35,58.17,4.96,0.547,0.6574,16.291,0,0
ST-002092,Agritech,Pre-seed,3,9,14.71,6.076,189.839,2.483,-18.2,51.29,22.5,0.1924,0.4962,23.612,0,0
ST-002093,Healthtech,Pre-seed,3,21,4.81,10.029,39.053,2.647,53.0,65.81,9.64,0.1783,0.3253,33.116,1,0
ST-002094,SaaS,Series A,14,37,7.98,53.333,1928.566,21.455,29.19,69.35,14.21,0.3413,0.9855,588.616,2,0
ST-002095,Deeptech,Pre-seed,3,8,6.55,1.522,14.354,0.122,-10.86,49.76,,0.0154,0.0732,14.866,0,0
ST-002096,Fintech,Series A,20,9,12.77,1.966,35.871,0.687,-12.44,48.25,,0.6118,0.6046,1777.788,2,1
ST-002097,SaaS,Pre-seed,2,43,19.37,6.111,96.462,2.044,3.44,88.09,11.96,0.1423,0.3285,11.161,0,0
ST-002098,Edtech,Seed,3,39,7.87,4.223,76.431,1.421,25.99,58.15,4.07,0.5189,0.8369,25.447,0,0
ST-002099,SaaS,Seed,8,20,6.19,2.639,17.347,1.206,12.81,95.5,3.63,0.3477,1.7409,34.826,1,0
ST-002100,SaaS,Series A,13,6,3.53,15.293,370.446,5.035,-5.18,86.61,14.69,0.0445,0.2851,1794.403,2,0
ST-002101,D2C,Pre-seed,2,19,5.71,2.931,22.841,1.222,15.3,45.88,3.1,2.7974,3.0473,56.511,1,1
ST-002102,SaaS,Pre-seed,9,57,19.52,1.539,9.88,0.691,43.63,73.75,3.9,0.1182,0.4019,17.376,0,0
ST-002103,Agritech,Seed,21,28,7.95,6.405,85.493,1.19,28.0,56.22,17.82,0.0172,0.3466,320.531,1,0
ST-002104,Deeptech,Seed,4,26,10.76,17.221,274.881,9.516,-22.43,55.2,19.78,0.1238,0.3274,176.812,1,1
ST-002105,Healthtech,Seed,16,19,2.68,10.057,50.515,4.306,-6.59,68.93,14.66,0.072,0.1628,100.228,1,1
ST-002106,D2C,Pre-seed,1,21,2.59,4.619,25.936,1.185,14.25,60.7,1.95,0.5556,1.6754,21.244,0,1
ST-002107,D2C,Pre-seed,8,23,2.33,5.574,16.755,1.8,19.81,39.65,3.1,0.1097,0.459,30.313,0,0
ST-002108,Deeptech,Series A,6,25,16.55,6.491,58.711,4.468,41.49,53.23,3.12,0.1766,1.0105,408.219,2,0
ST-002109,Fintech,Seed,11,17,,9.614,216.624,4.25,15.29,82.07,4.65,0.406,2.5941,100.585,0,0
ST-002110,SaaS,Seed,3,22,4.68,8.783,460.918,2.48,26.82,96.0,3.0,1.4979,1.8133,37.077,1,0
ST-002111,Healthtech,Pre-seed,4,17,,3.526,51.932,0.57,-28.93,52.38,23.88,0.041,,8.859,0,0
ST-002112,Healthtech,Pre-seed,2,3,,2.548,96.304,1.0,8.65,53.77,5.32,0.3156,,66.525,0,0
ST-002113,SaaS,Series A,9,62,14.68,8.271,110.278,3.082,28.68,72.65,,2.6356,5.417,1020.101,2,0
ST-002114,Healthtech,Seed,19,26,7.86,7.178,78.805,3.836,55.16,65.62,1.9,1.4719,2.8578,166.827,2,1
ST-002115,SaaS,Pre-seed,4,31,14.81,7.451,71.822,2.25,-11.13,66.7,13.12,0.0541,0.2022,4.91,1,0
ST-002116,Deeptech,Series A,37,27,4.27,65.881,868.584,26.401,10.4,58.37,8.59,0.3698,0.6092,335.59,2,0
ST-002117,Fintech,Seed,5,14,10.52,25.868,276.514,11.182,-21.49,67.56,19.64,0.0776,0.4326,303.913,2,0
ST-002118,SaaS,Pre-seed,10,27,12.21,1.254,10.075,0.369,12.72,75.24,,0.3252,0.679,25.959,1,1
ST-002119,SaaS,Pre-seed,1,5,2.45,1.961,75.404,0.65,38.88,82.99,6.23,0.6639,2.5943,22.596,0,0
ST-002120,Fintech,Seed,5,27,8.16,16.014,354.706,1.721,34.89,68.97,5.19,0.0906,0.3011,51.979,1,0
ST-002121,Fintech,Pre-seed,3,27,3.45,13.285,93.082,1.712,15.98,64.07,2.28,1.2846,1.5403,23.346,0,1
ST-002122,SaaS,Seed,16,19,2.66,3.684,59.01,1.44,10.07,96.0,2.44,2.341,3.0023,103.242,2,0
ST-002123,Fintech,Seed,7,26,,11.382,307.837,3.625,70.12,63.52,3.9,0.7106,2.5237,483.365,2,0
ST-002124,SaaS,Pre-seed,1,3,10.8,1.708,6.443,0.537,12.43,82.46,5.06,3.6694,3.4751,7.858,0,1
ST-002125,Fintech,Series A,4,30,4.81,23.317,730.344,8.267,2.43,61.38,15.74,0.3234,0.8171,1618.066,2,0
ST-002126,Fintech,Pre-seed,2,13,7.07,3.277,82.79,0.258,5.16,78.67,18.81,0.2083,0.3534,9.876,0,0
ST-002127,Fintech,Pre-seed,7,22,5.34,5.941,82.537,2.369,-13.84,55.53,18.47,0.2964,0.5215,23.864,0,1
ST-002128,Fintech,Seed,10,19,14.05,4.169,148.812,1.997,24.7,69.63,4.71,0.616,1.8138,79.616,1,0
ST-002129,SaaS,Seed,5,19,,2.279,54.876,0.935,29.1,72.02,4.72,0.2325,1.2618,70.117,1,0
ST-002130,SaaS,Seed,4,26,30.34,68.77,637.262,20.102,28.36,63.14,4.8,0.2087,0.6821,63.499,1,0
ST-002131,SaaS,Seed,10,16,15.86,7.767,92.136,3.345,31.74,74.64,3.32,2.1196,2.0094,112.298,1,1
ST-002132,D2C,Series A,5,22,11.43,691.16,2984.746,34.11,1.46,41.01,15.89,0.2081,0.4941,986.858,2,0
ST-002133,Deeptech,Series A,13,55,14.04,65.025,575.702,29.753,10.52,63.91,4.59,0.2796,1.1136,2521.145,3,0
ST-002134,Deeptech,Series A,13,42,5.38,6.757,73.643,2.493,38.16,48.69,6.02,0.2465,0.4583,4369.117,4,1
ST-002135,Edtech,Pre-seed,3,14,6.74,4.405,66.82,1.027,7.1,,8.32,0.4357,0.9376,22.774,0,0
ST-002136,Healthtech,Pre-seed,5,16,9.49,1.823,17.964,0.608,5.17,41.13,,0.3041,0.4898,5.032,0,0
ST-002137,Fintech,Seed,7,14,2.37,8.059,382.747,3.931,36.36,69.79,2.72,0.6136,2.9089,693.556,2,0
ST-002138,Agritech,Pre-seed,5,13,5.08,0.913,24.424,0.514,0.25,57.15,11.68,0.4105,0.4898,6.686,0,0
ST-002139,D2C,Seed,3,16,27.67,2.498,109.758,1.949,-8.56,49.93,20.03,,0.3654,317.17,2,0
ST-002140,Agritech,Pre-seed,6,17,6.78,1.918,56.539,0.677,-5.08,47.32,,0.4049,0.4694,51.766,1,0
ST-002141,Deeptech,Pre-seed,7,4,2.04,4.036,51.074,1.392,73.72,61.48,,0.2671,,23.423,1,0
ST-002142,Edtech,Pre-seed,5,12,5.79,3.491,7.157,2.153,38.11,46.67,2.62,0.8927,1.0505,9.88,0,0
ST-002143,D2C,Pre-seed,6,11,9.06,1.921,28.187,1.325,30.03,25.85,5.08,0.1841,,34.209,0,0
ST-002144,Agritech,Pre-seed,4,35,,3.952,20.365,0.955,-2.74,35.96,9.6,0.191,0.3573,5.603,0,1
ST-002145,Fintech,Seed,11,19,7.87,22.598,87.56,5.753,25.95,66.02,7.84,0.3031,0.7541,21.584,1,1
ST-002146,Deeptech,Seed,6,22,10.3,13.95,298.827,9.597,51.06,66.6,5.13,3.4076,6.0881,291.529,2,0
ST-002147,SaaS,Pre-seed,2,12,5.02,3.675,15.417,1.365,24.57,70.92,13.68,0.2198,0.5069,17.324,0,1
ST-002148,Deeptech,Pre-seed,6,16,17.59,7.646,57.866,0.229,-6.23,48.17,13.69,0.4289,0.283,25.156,0,1
ST-002149,Agritech,Series A,4,19,15.26,4.634,47.235,1.373,25.21,58.95,2.0,0.4079,1.458,4271.118,3,0
ST-002150,SaaS,Pre-seed,5,17,1.76,7.656,60.718,4.655,13.63,77.4,,,0.453,11.551,0,0
ST-002151,D2C,Seed,5,26,3.82,3.276,35.573,1.777,18.37,49.99,3.83,0.1339,0.3218,343.442,2,0
ST-002152,SaaS,Seed,5,9,13.71,22.586,424.566,8.948,-4.79,,16.74,0.3718,0.1688,138.963,1,1
ST-002153,Agritech,Seed,7,27,9.88,11.841,260.743,3.171,-0.5,38.29,9.28,0.1068,0.2506,49.677,1,1
ST-002154,Agritech,Series A,6,14,9.54,19.44,87.882,3.744,4.07,71.73,14.13,0.5307,0.7808,646.725,3,0
ST-002155,Healthtech,Seed,9,51,8.72,13.659,585.882,4.369,-0.84,53.28,8.4,0.4311,0.6518,31.581,1,0
ST-002156,Agritech,Series A,10,24,15.9,13.004,65.897,5.464,12.76,72.88,11.34,0.1034,0.2342,528.167,2,1
ST-002157,SaaS,Series A,7,26,9.67,8.035,19.741,6.36,-0.36,88.01,8.19,0.1031,0.5163,1373.335,1,0
ST-002158,Fintech,Pre-seed,9,19,11.11,2.643,90.496,1.291,51.37,71.0,3.17,0.2044,1.5544,13.848,0,0
ST-002159,Edtech,Pre-seed,4,16,,11.979,132.405,2.679,27.32,50.61,7.41,0.0792,0.398,10.004,0,0
ST-002160,SaaS,Pre-seed,6,10,4.11,4.155,96.58,1.32,32.92,85.76,17.31,0.0938,0.198,4.319,0,0
ST-002161,Edtech,Pre-seed,9,18,14.3,1.521,31.958,0.205,14.08,66.11,5.25,0.0232,0.1531,21.182,1,0
ST-002162,Fintech,Seed,15,21,6.39,14.471,185.79,9.139,-26.61,,20.75,0.0179,0.1081,145.348,1,0
ST-002163,Edtech,Pre-seed,6,9,6.35,4.345,30.052,0.713,34.63,52.67,1.29,0.6041,1.457,4.952,0,0
ST-002164,Edtech,Pre-seed,3,6,7.27,2.678,23.625,0.742,14.7,76.63,8.69,2.2359,1.5423,7.53,0,1
ST-002165,Deeptech,Pre-seed,2,27,3.15,3.132,99.509,1.58,25.75,68.13,13.0,0.8375,1.1075,45.161,0,0
ST-002166,Fintech,Seed,7,16,25.14,16.941,101.515,11.305,14.0,49.17,9.42,0.175,0.0978,40.215,1,1
ST-002167,Deeptech,Seed,12,18,13.66,22.633,269.258,11.516,-31.26,51.4,26.28,0.1514,0.2566,85.703,1,1
ST-002168,Edtech,Series A,13,25,3.89,15.71,258.854,9.091,4.96,63.84,6.59,0.7438,1.7932,2411.087,4,0
ST-002169,Fintech,Pre-seed,1,10,20.42,5.483,40.7,1.721,-0.35,71.74,12.66,0.3181,0.2408,69.712,0,1
ST-002170,Edtech,Pre-seed,7,19,5.62,1.933,11.169,0.673,21.36,68.58,6.12,,0.2523,10.901,0,0
ST-002171,Edtech,Series A,18,22,6.32,17.596,159.792,10.655,23.62,66.21,15.74,0.4102,1.0635,687.06,2,1
ST-002172,Fintech,Seed,5,19,5.58,6.316,61.57,2.166,60.75,73.34,,1.0155,0.71,293.361,2,1
ST-002173,Edtech,Seed,12,35,18.15,2.601,11.196,0.262,25.3,87.54,8.35,0.7627,2.021,118.409,0,1
ST-002174,SaaS,Seed,9,21,16.31,16.617,210.926,6.909,3.73,78.75,8.63,1.01,0.729,56.423,1,1
ST-002175,Fintech,Pre-seed,3,14,,2.481,82.671,0.286,8.12,79.36,4.68,0.4249,3.7849,15.99,0,0
ST-002176,Healthtech,Series A,22,13,7.85,4.334,2.506,2.885,24.83,82.29,4.88,1.7817,1.7814,1939.549,3,1
ST-002177,Edtech,Seed,3,23,13.31,16.687,154.983,9.372,33.24,83.8,1.23,3.1502,3.9244,77.453,1,1
ST-002178,Agritech,Seed,6,31,13.07,1.936,2.244,0.677,-10.66,59.24,15.82,0.1145,0.1967,125.779,1,1
ST-002179,Fintech,Seed,6,17,,7.534,290.443,1.991,10.31,75.2,6.8,0.2184,,53.599,1,0
ST-002180,Deeptech,Pre-seed,2,26,8.33,2.717,19.645,0.511,13.75,62.73,3.61,0.6399,1.1234,22.119,1,1
ST-002181,Agritech,Pre-seed,5,19,13.81,2.107,18.977,0.935,-16.93,70.6,20.02,0.3057,0.2518,1.272,0,1
ST-002182,Deeptech,Seed,14,20,2.2,56.803,279.654,30.333,30.62,53.74,9.32,,0.5684,83.17,1,0
ST-002183,Agritech,Seed,14,24,10.64,6.319,313.055,3.988,20.23,47.88,5.38,0.3183,0.4988,158.269,1,0
ST-002184,SaaS,Pre-seed,6,7,10.2,4.998,124.911,4.156,12.88,74.75,4.72,2.8207,4.3667,3.405,0,0
ST-002185,Healthtech,Pre-seed,1,13,18.23,8.178,24.817,4.046,22.11,89.84,3.97,0.8692,5.6093,6.926,0,0
ST-002186,SaaS,Series A,4,19,11.26,8.884,19.269,6.249,27.72,96.0,4.3,1.1772,2.0718,3324.859,4,1
ST-002187,Agritech,Pre-seed,4,14,12.05,7.696,160.702,2.793,57.61,45.36,15.71,0.4648,0.8543,12.592,0,0
ST-002188,Healthtech,Pre-seed,4,41,5.14,6.068,115.424,3.083,30.75,49.75,3.15,1.3878,3.5004,34.488,0,0
ST-002189,Fintech,Seed,5,21,5.41,17.164,121.465,9.643,-8.55,65.82,13.32,0.0948,0.2991,78.758,2,1
ST-002190,Deeptech,Series A,33,10,10.48,13.019,83.037,3.631,73.22,58.78,8.65,0.2672,0.7291,1328.12,3,0
ST-002191,SaaS,Seed,7,14,1.41,10.172,462.74,0.869,-8.07,84.8,12.83,0.9736,0.4785,43.865,1,0
ST-002192,Healthtech,Series A,14,23,6.64,16.876,152.924,13.074,22.18,46.07,8.32,,1.219,855.341,2,0
ST-002193,D2C,Pre-seed,7,17,,9.136,83.368,2.132,12.66,39.87,2.9,0.3088,0.5476,38.221,0,1
ST-002194,SaaS,Series A,10,4,5.61,9.592,104.223,4.333,11.51,95.37,5.2,0.4643,0.4858,686.899,2,0
ST-002195,Healthtech,Series A,50,29,1.74,73.37,204.093,51.754,21.96,69.73,8.57,0.6118,,4952.799,3,1
ST-002196,Agritech,Seed,3,26,3.64,8.675,73.203,1.761,25.06,44.31,,0.1549,0.7271,165.448,1,1
ST-002197,SaaS,Seed,4,10,17.01,6.752,27.823,2.932,44.49,92.64,7.65,0.2005,0.4977,513.317,2,1
ST-002198,Healthtech,Pre-seed,2,26,3.43,3.888,9.095,0.791,3.18,73.75,12.67,0.2399,0.3856,17.272,0,1
ST-002199,Fintech,Seed,16,17,4.43,9.926,60.534,2.262,23.89,92.46,4.29,0.4147,1.1763,167.738,2,0
ST-002200,D2C,Pre-seed,6,9,5.94,2.576,28.173,0.653,29.76,45.62,10.51,0.0525,0.2646,20.434,1,0
ST-002201,SaaS,Pre-seed,3,7,12.11,6.234,35.15,1.547,66.42,74.59,4.52,0.3332,1.0684,11.669,0,0
ST-002202,Deeptech,Series A,6,29,7.28,21.751,211.509,14.27,24.49,56.36,4.71,0.201,1.1112,2516.598,2,0
ST-002203,Deeptech,Pre-seed,9,11,2.28,24.232,112.336,6.09,-7.16,68.19,16.77,0.0698,0.1898,39.709,1,1
ST-002204,SaaS,Seed,8,22,1.54,5.409,89.915,2.484,44.36,68.21,10.23,0.0933,0.3335,276.603,2,0
ST-002205,Fintech,Pre-seed,9,7,6.62,4.774,86.901,2.415,7.69,68.04,3.04,1.639,3.2397,16.7,1,0
ST-002206,Healthtech,Pre-seed,4,13,7.18,3.386,50.269,1.659,-1.08,63.43,7.77,0.2953,,6.376,0,0
ST-002207,D2C,Pre-seed,5,20,14.37,15.557,203.138,2.543,44.86,62.62,2.37,1.0932,7.5222,12.743,0,0
ST-002208,Edtech,Pre-seed,5,30,3.73,1.199,24.122,0.342,19.78,61.09,7.18,0.2548,0.6624,79.058,1,0
ST-002209,SaaS,Seed,4,36,19.55,7.904,48.313,3.374,11.31,80.38,6.01,2.3403,2.3333,118.87,1,1
ST-002210,SaaS,Series A,9,39,2.3,17.732,101.48,7.737,49.4,87.75,1.68,1.2652,3.1531,410.92,1,0
ST-002211,Deeptech,Seed,3,65,2.32,5.084,60.919,1.568,4.73,51.23,,0.1335,0.2893,55.35,1,1
ST-002212,Edtech,Series A,14,26,6.48,83.535,513.829,65.152,3.08,58.24,11.24,0.1186,0.4226,569.006,3,0
ST-002213,Deeptech,Seed,10,9,14.07,5.861,117.172,4.061,25.93,78.6,,2.7425,5.0122,103.861,1,0
ST-002214,Edtech,Seed,12,14,9.51,6.661,414.814,1.231,-31.9,73.13,27.76,0.0511,0.1257,235.553,1,0
ST-002215,Deeptech,Pre-seed,6,31,3.62,20.101,1058.686,7.562,20.38,71.37,4.17,0.2074,0.7039,62.952,0,0
ST-002216,SaaS,Pre-seed,4,10,25.85,2.945,41.64,1.534,18.67,89.99,,0.4967,0.7463,3.606,1,0
ST-002217,SaaS,Series A,26,3,9.23,15.696,205.837,8.367,-3.93,80.71,18.58,0.0278,0.0785,1933.255,3,0
ST-002218,Deeptech,Seed,11,17,9.82,8.935,22.234,4.2,15.14,,12.41,0.1226,0.3285,226.581,1,1
ST-002219,Deeptech,Pre-seed,9,26,,5.754,45.085,1.816,22.45,51.79,6.63,0.1763,0.096,12.998,0,1
ST-002220,Fintech,Series A,25,17,,41.627,329.603,13.098,13.09,59.92,5.33,0.2108,0.4426,1036.07,3,0
ST-002221,Fintech,Pre-seed,4,32,5.74,3.844,22.945,1.454,34.14,59.97,9.11,0.5583,0.4927,27.908,1,1
ST-002222,Edtech,Seed,8,49,,0.962,27.645,0.561,21.17,58.42,13.4,0.0171,0.0967,56.012,1,0
ST-002223,Edtech,Pre-seed,6,18,18.39,3.315,100.05,1.1,13.44,75.59,4.3,1.0264,1.596,9.604,1,0
ST-002224,SaaS,Series A,5,59,23.56,14.81,131.491,6.016,28.73,71.43,11.64,0.0537,0.0917,1333.18,2,0
ST-002225,Deeptech,Pre-seed,2,37,,6.882,28.736,4.517,22.64,73.32,,0.3715,1.4344,25.512,0,1
ST-002226,Fintech,Pre-seed,2,26,20.79,4.564,45.201,0.567,80.03,76.29,3.17,6.4302,,14.422,1,1
ST-002227,D2C,Seed,6,24,3.48,4.169,9.733,2.707,36.99,55.4,6.21,1.4875,1.5897,235.472,2,1
ST-002228,SaaS,Pre-seed,3,19,8.27,3.233,95.065,0.656,5.88,84.62,6.2,0.603,3.177,17.523,1,0
ST-002229,SaaS,Series A,4,22,,50.448,1061.113,21.318,-22.11,86.58,18.04,0.0851,0.1878,1218.4,4,0
ST-002230,D2C,Seed,7,26,2.84,7.527,36.254,2.926,1.26,43.35,9.63,0.2845,,242.793,1,1
ST-002231,Fintech,Pre-seed,4,3,22.54,8.333,36.352,1.88,-25.88,58.72,38.54,0.0494,0.0685,5.488,1,1
ST-002232,D2C,Pre-seed,8,38,5.76,1.924,86.166,0.26,30.97,43.11,1.7,3.7438,3.5741,7.833,0,0
ST-002233,SaaS,Series A,35,60,18.89,11.475,298.49,3.869,7.89,67.57,10.25,0.3893,0.5764,2055.443,3,0
ST-002234,Deeptech,Seed,8,5,3.1,5.572,316.213,1.083,-0.64,63.04,10.39,0.2531,0.4514,73.817,0,0
ST-002235,D2C,Series A,7,34,8.14,37.722,274.88,25.344,26.56,37.01,3.33,0.1114,0.7954,1372.531,2,0
ST-002236,Deeptech,Pre-seed,6,36,4.96,1.951,99.934,0.156,9.24,65.17,4.39,1.5042,1.6942,12.521,1,0
ST-002237,SaaS,Series A,10,25,4.99,18.507,120.129,4.939,22.28,89.48,5.3,0.7265,,1837.227,2,1
ST-002238,Fintech,Seed,5,18,3.41,12.749,173.178,4.17,9.91,70.86,5.26,0.961,1.8176,39.419,1,1
ST-002239,Fintech,Seed,4,16,3.2,12.168,30.303,7.493,17.12,62.43,7.11,0.3602,0.8402,110.676,1,0
ST-002240,Healthtech,Pre-seed,3,11,3.74,0.856,4.463,0.674,44.1,53.7,18.05,0.2639,0.4839,42.563,0,1
ST-002241,Fintech,Pre-seed,3,19,3.65,1.214,13.84,0.543,36.21,60.02,5.73,0.2744,0.6025,31.37,0,1
ST-002242,SaaS,Series A,17,41,16.4,15.399,132.896,7.311,44.09,71.83,3.52,,1.592,1927.183,3,0
ST-002243,Fintech,Series A,14,7,17.92,9.83,228.516,3.118,21.23,67.87,6.28,1.6413,1.825,965.422,3,0
ST-002244,Fintech,Pre-seed,12,8,2.73,3.278,15.968,1.574,-21.0,66.79,19.29,0.0551,0.1107,14.482,0,1
ST-002245,Fintech,Series A,15,16,6.89,14.076,147.689,6.659,-0.37,88.97,9.77,0.293,1.6796,1451.579,3,0
ST-002246,SaaS,Pre-seed,5,5,16.18,1.807,18.19,0.067,-16.92,96.0,,0.0489,0.3447,32.269,0,0
ST-002247,Fintech,Pre-seed,3,24,11.99,2.155,19.774,0.286,36.29,84.8,8.7,0.4556,1.3054,18.335,0,0
ST-002248,Healthtech,Pre-seed,2,22,6.53,4.629,62.765,3.538,17.32,60.81,8.31,1.4133,1.0025,36.189,0,1
ST-002249,Fintech,Pre-seed,3,27,5.1,1.32,7.419,0.712,43.45,52.44,,0.1988,0.7623,23.991,0,0
ST-002250,Fintech,Pre-seed,2,3,2.77,3.618,41.429,0.109,38.8,70.03,2.15,0.6298,2.5099,9.665,0,0
ST-002251,Healthtech,Pre-seed,1,25,21.79,2.863,17.879,1.54,14.36,60.28,,0.1919,0.5565,6.095,1,0
ST-002252,Agritech,Pre-seed,2,32,9.93,3.489,131.458,1.307,53.66,52.42,4.88,0.1224,,74.17,1,0
ST-002253,Fintech,Seed,17,28,8.8,55.638,564.956,25.339,35.65,72.75,9.88,0.4139,0.5977,64.833,2,0
ST-002254,Healthtech,Series A,13,24,4.18,8.376,89.723,4.59,15.71,70.74,0.87,3.4702,14.6341,1809.959,2,0
ST-002255,Deeptech,Seed,5,18,7.69,15.346,159.639,6.746,24.63,38.44,5.77,0.1446,0.438,115.074,2,0
ST-002256,Healthtech,Pre-seed,5,21,,5.426,74.0,1.86,46.69,77.25,7.41,0.0355,0.168,25.929,1,0
ST-002257,Deeptech,Seed,2,23,,17.139,150.235,5.338,24.9,68.53,7.51,0.2478,0.482,64.998,1,1
ST-002258,Agritech,Pre-seed,5,11,,3.044,20.694,1.74,3.01,45.69,11.9,0.0634,0.1994,18.771,0,0
ST-002259,SaaS,Seed,14,4,2.98,20.86,162.193,6.315,-9.21,91.79,19.44,0.2333,,93.604,1,1
ST-002260,Edtech,Seed,6,15,19.02,10.65,113.99,5.571,9.94,64.23,5.38,0.0663,0.4202,29.285,1,0
ST-002261,D2C,Pre-seed,1,45,2.43,6.71,193.324,0.758,2.7,48.38,12.2,0.0235,0.1739,203.838,0,0
ST-002262,Deeptech,Pre-seed,3,3,9.61,2.16,18.295,0.648,21.29,56.38,1.71,0.3582,0.8156,4.204,0,0
ST-002263,Edtech,Series A,22,27,3.01,13.35,68.678,4.136,3.18,59.04,8.1,3.4849,2.5064,1532.245,4,1
ST-002264,SaaS,Series A,12,49,8.95,9.805,33.664,5.364,5.95,68.19,9.02,0.383,1.9561,1613.676,3,0
ST-002265,Healthtech,Seed,3,32,2.93,4.768,177.438,2.475,40.96,93.07,3.76,0.1028,0.913,105.034,1,0
ST-002266,SaaS,Series A,44,39,5.43,9.016,70.041,1.571,48.77,88.91,2.78,1.3421,2.4884,1230.725,2,0
ST-002267,D2C,Series A,5,37,20.92,14.275,633.173,11.068,-2.33,49.52,10.32,0.1258,0.2314,612.704,2,0
ST-002268,Edtech,Pre-seed,3,5,10.87,4.716,27.093,2.543,9.46,86.94,8.57,0.3671,0.677,11.614,0,1
ST-002269,D2C,Seed,3,40,8.63,15.73,95.747,8.275,10.67,29.5,5.33,0.2906,0.5573,49.446,1,0
ST-002270,Agritech,Pre-seed,2,38,10.38,6.956,74.79,1.711,23.59,49.3,4.89,0.1837,0.8705,15.715,1,0
ST-002271,Healthtech,Seed,5,9,21.99,10.947,209.594,4.444,22.73,56.22,6.26,0.4345,1.3926,58.633,1,0
ST-002272,Healthtech,Pre-seed,6,13,9.02,4.818,43.819,1.397,6.34,57.58,8.57,0.3008,0.3453,8.337,1,0
ST-002273,D2C,Series A,22,25,15.66,11.765,94.303,6.42,24.71,48.34,11.73,0.1622,0.3122,900.796,3,1
ST-002274,Agritech,Seed,5,16,15.97,5.688,18.215,3.487,5.8,47.18,12.89,0.0157,0.0441,85.118,1,0
ST-002275,Agritech,Pre-seed,2,10,14.66,2.023,14.719,0.55,9.16,32.42,7.78,0.2307,0.3519,4.474,1,1
ST-002276,SaaS,Pre-seed,5,10,31.37,2.833,33.863,1.316,-2.09,70.83,11.03,0.0336,,40.012,0,0
ST-002277,Healthtech,Seed,9,30,12.22,11.44,36.035,6.68,37.24,52.87,,0.0567,0.1413,90.129,1,1
ST-002278,SaaS,Seed,7,34,15.03,22.4,163.225,9.472,34.59,77.11,13.35,0.2334,1.1097,338.895,2,0
ST-002279,Agritech,Series A,12,16,5.5,11.691,186.787,7.155,21.28,41.51,2.06,1.0401,3.9022,834.266,2,0
ST-002280,D2C,Pre-seed,4,29,8.18,2.264,73.693,0.073,30.92,46.04,4.81,0.1988,0.3413,136.601,1,0
ST-002281,Edtech,Seed,7,16,,13.066,58.919,5.893,38.78,65.38,4.52,1.6316,3.8585,609.807,2,0
ST-002282,SaaS,Seed,6,9,4.11,1.748,107.284,0.442,31.29,58.3,2.89,1.8517,2.5884,293.637,1,0
ST-002283,Fintech,Pre-seed,7,20,4.46,11.036,200.178,0.489,32.28,56.2,3.78,0.1807,1.5897,21.915,0,0
ST-002284,D2C,Seed,25,21,7.82,2.765,13.378,1.145,6.49,50.38,6.7,0.0668,0.2389,45.245,1,0
ST-002285,SaaS,Pre-seed,4,21,9.32,6.191,47.98,3.594,-14.57,80.78,,1.1326,1.0529,6.539,0,1
ST-002286,SaaS,Pre-seed,4,20,21.5,2.738,16.396,0.832,0.4,62.66,7.82,0.5227,1.0313,28.461,0,1
ST-002287,Deeptech,Pre-seed,5,19,4.1,7.533,15.904,5.059,63.09,66.85,5.82,0.5992,0.479,18.538,0,1
ST-002288,D2C,Series A,7,23,3.92,66.597,865.421,18.662,9.01,54.68,4.65,0.0907,0.1582,2609.694,4,0
ST-002289,SaaS,Pre-seed,6,29,2.58,2.11,12.604,1.077,50.61,96.0,10.31,0.1221,0.2951,16.088,0,1
ST-002290,Fintech,Pre-seed,5,24,13.41,2.534,36.223,0.335,28.37,87.4,5.36,0.3409,,7.87,0,0
ST-002291,Deeptech,Seed,5,16,24.58,12.116,74.376,3.826,14.87,48.62,8.71,0.081,0.3576,185.131,1,0
ST-002292,D2C,Series A,18,19,7.51,44.568,323.627,16.481,-4.95,46.6,13.47,0.8316,0.7852,523.005,2,1
ST-002293,Healthtech,Seed,6,7,9.63,10.088,217.702,5.073,0.73,63.35,7.38,0.1133,0.292,72.5,1,0
ST-002294,Fintech,Pre-seed,2,6,7.62,5.378,112.029,0.755,14.23,82.03,3.71,0.7347,2.0812,30.225,0,0
ST-002295,Fintech,Seed,8,18,12.57,11.267,51.66,3.532,12.67,64.86,13.69,0.3173,0.7715,86.204,2,0
ST-002296,SaaS,Pre-seed,4,27,3.47,1.871,3.038,1.053,28.47,,7.05,0.4455,0.3854,23.728,1,1
ST-002297,D2C,Seed,11,12,,8.827,39.362,5.126,1.25,51.12,21.34,0.2085,0.2825,42.506,0,1
ST-002298,SaaS,Pre-seed,6,25,7.61,2.907,77.71,0.559,3.52,73.22,16.37,0.1626,0.3315,24.896,0,0
ST-002299,SaaS,Pre-seed,4,19,13.72,9.996,8.747,5.197,35.32,69.03,3.53,0.2565,0.9758,6.768,0,0
ST-002300,D2C,Pre-seed,3,10,13.4,7.195,45.064,2.912,56.87,59.19,2.35,,0.3724,61.127,0,1
ST-002301,Deeptech,Seed,6,21,10.09,4.416,79.306,2.735,17.3,,9.61,0.4681,0.7498,148.527,1,1
ST-002302,D2C,Pre-seed,5,17,,3.303,41.527,0.925,26.31,60.03,9.22,0.1531,0.2965,5.684,0,1
ST-002303,Edtech,Pre-seed,5,10,4.22,4.965,44.422,2.896,13.92,38.6,5.13,0.5358,0.4258,11.903,0,0
ST-002304,Edtech,Seed,8,28,13.21,3.207,83.883,0.79,14.15,65.57,2.16,3.6092,6.4205,60.328,2,0
ST-002305,Edtech,Seed,6,33,8.37,2.989,19.689,1.793,11.05,80.79,4.13,0.487,,116.281,1,0
ST-002306,Fintech,Pre-seed,7,14,8.24,3.734,28.345,0.759,9.66,52.26,6.66,0.5783,0.7046,51.648,0,1
ST-002307,Healthtech,Seed,4,10,6.03,11.363,266.992,2.29,27.16,69.25,,1.6677,2.798,59.032,0,0
ST-002308,Edtech,Seed,29,34,19.4,13.721,830.267,2.389,28.46,,2.82,1.1746,1.8383,40.789,1,0
ST-002309,Healthtech,Pre-seed,6,5,19.95,5.471,9.554,2.143,11.88,52.65,9.18,,0.2385,55.911,0,1
ST-002310,Deeptech,Series A,5,28,6.38,129.171,1128.43,19.089,1.94,50.0,12.8,0.9604,0.7486,239.688,1,1
ST-002311,Deeptech,Series A,11,15,4.69,13.477,146.196,3.712,3.98,75.38,11.89,0.3142,0.501,1261.417,3,1
ST-002312,SaaS,Pre-seed,6,7,6.8,6.574,37.302,2.306,30.69,,6.83,0.1117,0.6891,19.478,0,0
ST-002313,Fintech,Pre-seed,3,12,4.98,2.343,20.313,1.278,0.15,66.71,7.11,,0.3621,57.562,0,0
ST-002314,SaaS,Pre-seed,2,17,10.73,12.304,30.184,10.357,-4.35,96.0,13.86,0.0928,0.4203,4.037,1,0
ST-002315,Fintech,Pre-seed,2,8,8.18,13.858,61.705,3.211,22.93,48.29,4.01,0.3278,1.8242,30.846,1,0
ST-002316,Fintech,Seed,9,8,12.81,16.65,261.802,9.229,14.1,60.96,7.01,0.3524,0.4313,369.252,0,0
ST-002317,SaaS,Series A,3,8,6.44,4.055,23.61,2.67,11.08,96.0,2.43,0.6391,3.3547,921.52,4,0
ST-002318,D2C,Series A,4,49,32.84,24.641,936.105,9.454,31.5,46.02,1.55,2.0308,1.1932,919.617,3,0
ST-002319,Edtech,Pre-seed,5,21,2.7,1.882,46.488,0.505,15.91,64.72,,1.2328,1.9711,29.019,0,0
ST-002320,Deeptech,Seed,5,12,7.98,15.877,186.848,2.411,1.75,56.67,7.9,,0.194,37.236,1,0
ST-002321,SaaS,Pre-seed,3,21,28.88,1.353,21.199,0.358,20.59,76.97,1.46,0.7376,1.9194,27.144,0,0
ST-002322,SaaS,Seed,5,20,,8.975,15.572,3.076,1.8,92.21,,0.2104,0.5583,133.955,2,1
ST-002323,Edtech,Pre-seed,2,25,7.19,2.632,5.104,0.98,35.59,,4.55,0.2853,0.349,26.01,1,0
ST-002324,SaaS,Series A,14,21,10.35,8.082,101.835,5.817,14.47,96.0,9.61,3.0293,1.1059,867.639,3,0
ST-002325,Fintech,Series A,6,37,3.19,29.276,402.741,6.685,-7.6,,14.52,0.1524,0.4484,645.534,1,0
ST-002326,Deeptech,Pre-seed,3,11,,5.762,149.777,1.934,20.27,76.61,3.58,0.586,2.5897,11.309,0,0
ST-002327,SaaS,Seed,8,22,3.14,6.375,140.766,2.679,-1.2,91.08,10.64,0.4346,,43.161,1,0
ST-002328,SaaS,Seed,5,31,1.9,12.563,33.299,7.128,37.08,74.49,7.75,0.0892,0.2397,14.786,0,1
ST-002329,Healthtech,Series A,7,27,18.61,66.898,1250.671,36.02,11.92,65.83,6.92,0.2966,0.8633,1235.851,3,0
ST-002330,Edtech,Seed,2,52,5.18,7.93,30.031,5.619,28.72,76.29,7.58,,2.0933,346.843,2,1
ST-002331,Healthtech,Pre-seed,5,25,2.96,1.261,7.11,0.813,4.02,69.89,17.6,0.112,0.2316,10.906,0,1
ST-002332,Fintech,Seed,7,25,,3.248,14.285,1.501,11.44,47.08,5.41,1.3723,1.4489,87.841,1,1
ST-002333,Agritech,Pre-seed,3,13,12.4,3.729,75.669,1.864,25.71,56.25,7.53,0.1119,0.4979,24.188,0,0
ST-002334,SaaS,Seed,3,23,3.15,15.472,282.172,4.18,12.2,66.73,1.44,6.2586,3.1651,177.479,2,1
ST-002335,Edtech,Pre-seed,4,33,5.69,3.74,26.131,0.668,-1.73,78.53,12.14,0.1035,0.1984,10.142,0,0
ST-002336,D2C,Seed,8,15,13.41,11.213,86.34,1.313,30.58,59.77,2.29,0.1952,1.3782,65.323,1,0
ST-002337,Agritech,Series A,11,14,8.61,12.482,312.533,7.19,19.93,36.94,3.47,0.6648,2.0648,815.032,2,0
ST-002338,Fintech,Pre-seed,11,12,18.93,10.41,60.582,3.884,-5.58,46.26,12.27,0.1619,0.1765,102.858,0,1
ST-002339,Healthtech,Pre-seed,6,12,13.54,7.216,36.721,4.485,9.38,59.65,6.24,0.965,2.9128,7.528,0,0
ST-002340,SaaS,Seed,6,27,11.51,3.546,17.645,1.877,-1.72,79.35,10.15,0.1347,0.5193,33.689,1,1
ST-002341,SaaS,Pre-seed,6,43,13.24,5.325,21.609,2.871,6.8,82.09,6.5,1.0093,2.5696,18.482,0,1
ST-002342,SaaS,Seed,6,8,2.62,2.433,33.751,1.3,6.01,86.63,,0.1943,0.6442,380.164,2,0
ST-002343,D2C,Seed,6,4,,10.712,181.625,1.517,10.51,46.3,,0.102,0.1049,51.993,1,0
ST-002344,Fintech,Pre-seed,9,17,26.34,4.249,30.794,0.83,-12.8,69.14,16.71,0.1243,0.1813,7.969,0,1
ST-002345,D2C,Series A,6,13,6.09,16.685,109.2,6.215,5.27,38.83,,0.0729,0.2077,1549.662,4,0
ST-002346,SaaS,Seed,6,24,8.0,9.331,80.983,5.553,35.73,70.7,4.38,0.392,0.7271,171.937,1,0
ST-002347,Agritech,Seed,13,26,5.25,8.326,71.042,4.364,51.71,58.64,,0.1138,0.1956,263.62,1,1
ST-002348,Agritech,Pre-seed,5,12,5.22,9.847,199.616,2.558,-6.95,57.72,13.84,0.1274,0.1507,55.695,0,1
ST-002349,SaaS,Pre-seed,3,23,14.49,3.953,17.197,2.078,39.65,78.06,18.55,0.0873,0.4957,15.296,0,0
ST-002350,SaaS,Pre-seed,1,10,25.64,4.419,43.84,2.851,63.95,70.42,6.51,2.3201,5.6672,9.982,1,0
ST-002351,SaaS,Series A,2,16,20.51,36.873,368.114,11.501,9.88,96.0,8.73,0.222,0.9594,900.304,3,0
ST-002352,Agritech,Series A,36,15,1.71,51.025,600.703,33.123,24.73,70.82,,1.7797,0.9854,713.342,2,1
ST-002353,SaaS,Series A,12,18,,13.975,344.296,8.886,35.31,94.53,6.89,0.0392,0.1651,3727.784,4,0
ST-002354,Healthtech,Pre-seed,3,16,6.19,3.202,21.065,1.733,7.85,69.96,11.02,1.8784,2.0598,18.051,0,1
ST-002355,Edtech,Seed,8,18,3.42,4.661,228.576,2.701,35.46,55.01,5.65,0.8367,1.6067,95.972,2,0
ST-002356,Agritech,Seed,3,22,14.88,9.404,102.319,2.181,11.49,66.09,4.24,0.3211,0.8337,52.196,1,1
ST-002357,Edtech,Seed,5,27,6.52,5.617,25.483,2.504,35.61,73.37,9.44,0.0884,0.7337,148.913,1,0
ST-002358,Edtech,Pre-seed,2,18,3.77,0.963,26.065,0.669,48.85,55.73,15.58,0.0253,0.1892,22.836,0,0
ST-002359,Deeptech,Series A,4,49,10.4,49.247,2699.766,17.576,40.43,65.76,2.11,,0.9796,1230.996,3,0
ST-002360,SaaS,Pre-seed,1,17,3.13,6.938,34.349,1.902,10.41,76.38,4.56,0.31,,5.428,0,1
ST-002361,Agritech,Pre-seed,1,26,,8.103,32.9,5.593,29.57,61.12,4.87,1.1422,1.776,7.67,0,1
ST-002362,SaaS,Series A,19,9,17.9,37.254,587.473,20.534,4.16,94.59,7.82,0.5034,1.1885,1089.187,2,0
ST-002363,Edtech,Seed,3,22,13.07,7.459,86.355,5.258,-8.43,72.72,14.63,0.1399,0.3173,442.471,1,1
ST-002364,Deeptech,Pre-seed,5,15,11.2,7.213,37.206,3.75,12.36,48.82,2.79,0.7484,2.1221,7.811,0,0
ST-002365,D2C,Seed,11,17,7.59,16.016,82.107,9.413,32.68,54.8,8.58,0.2363,0.3774,87.405,1,0
ST-002366,D2C,Series A,10,42,9.95,6.196,83.703,4.328,8.29,54.18,6.86,0.4695,1.4865,1085.34,4,0
ST-002367,Fintech,Pre-seed,3,47,,4.04,38.228,1.279,47.57,60.28,5.78,0.1234,0.36,6.322,0,0
ST-002368,Edtech,Seed,7,27,2.52,6.23,82.941,4.352,17.13,63.25,4.24,0.7486,0.8574,128.112,1,0
ST-002369,Fintech,Pre-seed,3,4,12.66,10.114,78.273,7.043,-5.47,88.95,11.74,0.4771,1.0228,111.132,0,0
ST-002370,Healthtech,Pre-seed,8,11,19.52,3.141,38.621,2.074,11.25,81.22,3.77,1.6877,2.7488,18.693,0,0
ST-002371,Edtech,Seed,20,8,5.26,3.894,10.887,0.603,2.07,60.98,17.49,0.0184,0.1588,58.872,1,0
ST-002372,Fintech,Seed,15,22,,7.314,385.506,3.036,43.17,45.76,2.83,0.1203,0.6356,55.304,1,0
ST-002373,Fintech,Pre-seed,1,21,8.16,7.303,111.088,1.897,27.61,84.31,3.97,0.5333,2.325,28.456,0,0
ST-002374,Fintech,Pre-seed,3,5,5.57,4.958,38.555,0.877,15.7,91.32,1.75,6.7888,11.3022,12.901,0,0
ST-002375,Fintech,Seed,6,41,1.36,3.51,21.799,2.288,31.14,85.31,6.62,0.2472,1.8845,121.046,1,0
ST-002376,SaaS,Seed,8,9,12.93,2.996,52.424,1.174,-0.73,78.1,14.46,0.0918,0.1689,125.089,0,1
ST-002377,Deeptech,Seed,2,24,11.26,12.637,174.022,4.75,-8.34,65.38,11.57,0.1775,0.2574,194.857,2,0
ST-002378,Healthtech,Series A,3,45,3.7,19.195,325.471,7.179,-12.38,,14.99,0.0118,0.1183,2330.528,2,0
ST-002379,SaaS,Pre-seed,9,18,6.78,3.935,19.725,2.454,-21.39,93.89,19.18,0.295,1.0473,14.292,1,0
ST-002380,D2C,Seed,4,13,8.12,5.528,265.346,1.868,-6.78,41.6,13.08,0.1651,0.2279,53.507,1,0
ST-002381,Agritech,Seed,2,12,10.29,11.986,209.18,3.176,27.36,45.01,6.89,0.2183,0.3906,204.029,2,0
ST-002382,SaaS,Seed,3,22,15.97,9.638,189.892,5.546,30.84,81.06,4.92,0.396,1.5125,80.211,1,0
ST-002383,SaaS,Pre-seed,5,26,7.27,4.909,333.242,0.314,-1.23,75.84,11.35,0.376,0.7112,38.311,1,0
ST-002384,SaaS,Pre-seed,2,20,2.18,5.036,103.072,1.438,-25.19,90.08,20.04,0.1161,0.2521,17.568,0,1
ST-002385,SaaS,Pre-seed,4,9,8.39,12.184,80.277,10.056,8.5,72.61,,0.149,,45.512,0,0
ST-002386,D2C,Pre-seed,2,15,6.09,1.937,4.487,0.638,27.49,76.46,8.69,0.4745,0.7108,34.82,0,1
ST-002387,Deeptech,Series A,3,14,4.59,16.201,107.559,12.011,31.51,64.06,5.31,1.7906,3.0447,4821.465,3,0
ST-002388,SaaS,Seed,15,11,14.42,5.8,282.731,2.397,20.61,78.15,1.56,0.2717,3.8511,119.677,1,0
ST-002389,D2C,Seed,8,11,4.23,19.188,300.029,10.571,-5.64,37.26,18.91,0.0635,0.1992,111.856,1,1
ST-002390,SaaS,Seed,5,16,2.89,5.646,22.006,1.971,30.79,78.58,10.94,0.1057,0.3377,242.575,2,0
ST-002391,Healthtech,Seed,5,19,5.76,5.012,43.435,2.696,23.79,60.71,,0.0661,0.4149,130.54,1,0
ST-002392,D2C,Seed,15,20,8.0,7.189,33.047,3.85,31.03,45.02,8.59,0.1649,0.5528,208.428,1,0
ST-002393,Fintech,Seed,9,23,8.76,10.755,101.394,1.956,-3.21,62.55,13.9,0.0315,0.1719,79.738,1,1
ST-002394,SaaS,Seed,13,13,17.22,17.486,132.6,7.598,26.28,72.95,7.33,1.0337,0.9556,104.056,1,1
ST-002395,Healthtech,Pre-seed,3,16,5.0,3.522,24.007,0.829,35.24,72.98,3.58,0.4023,1.2784,60.051,0,0
ST-002396,Deeptech,Seed,6,21,13.01,6.982,82.967,2.506,-12.87,73.54,19.85,0.211,0.4377,62.556,1,0
ST-002397,Fintech,Seed,8,35,5.77,5.181,14.532,0.816,2.57,58.52,5.89,0.0543,0.1752,67.77,1,0
ST-002398,SaaS,Seed,4,7,1.57,5.767,93.007,2.596,-16.44,81.46,18.21,1.7682,0.9765,65.699,1,1
ST-002399,SaaS,Series A,9,10,16.19,89.643,2950.91,54.964,-3.06,62.21,15.73,0.0962,0.0875,945.984,3,0
ST-002400,Healthtech,Seed,4,26,2.5,11.677,28.361,6.733,13.32,57.0,,0.6148,1.3771,372.399,2,1
ST-002401,Healthtech,Seed,8,28,9.59,13.641,276.197,6.746,-14.9,,19.28,0.0928,0.3486,352.741,1,0
ST-002402,Agritech,Pre-seed,2,22,2.76,3.548,55.149,1.539,40.36,65.2,10.03,0.7217,0.7131,19.054,1,1
ST-002403,D2C,Seed,9,26,10.88,8.565,119.171,4.867,39.16,54.81,4.85,0.5084,0.821,35.696,1,0
ST-002404,Deeptech,Series A,12,9,3.32,38.65,545.137,18.718,11.26,45.28,7.6,0.1629,0.4745,3315.775,4,1
ST-002405,Agritech,Series A,9,54,2.09,19.526,306.252,10.742,0.21,44.33,13.22,0.0573,0.1242,926.048,2,0
ST-002406,Fintech,Series A,13,38,6.88,24.569,623.655,10.165,13.08,62.32,,1.2897,5.832,608.412,2,0
ST-002407,Healthtech,Pre-seed,3,5,1.11,4.683,21.634,4.418,47.64,74.24,7.87,0.2031,0.9839,22.914,0,0
ST-002408,Fintech,Seed,4,17,7.32,7.74,368.331,3.189,28.62,,5.36,1.3569,1.5787,88.014,1,0
ST-002409,Fintech,Series A,14,19,12.97,25.936,157.33,16.315,-23.79,68.1,22.86,0.3098,0.6764,2284.969,3,1
ST-002410,Deeptech,Seed,9,18,26.18,12.163,463.455,5.462,-31.83,68.0,29.44,0.0374,0.0614,124.933,1,0
ST-002411,D2C,Seed,5,15,9.07,36.031,384.442,20.207,-3.53,40.01,11.12,0.0545,0.2867,34.815,2,0
ST-002412,Deeptech,Seed,4,10,7.69,24.402,228.206,6.434,14.59,61.64,5.08,0.0731,0.3028,44.621,1,0
ST-002413,Edtech,Seed,6,21,16.59,4.002,114.348,0.73,-20.25,78.65,20.69,0.5383,0.6769,77.945,1,0
ST-002414,Healthtech,Pre-seed,3,32,3.09,1.994,9.052,1.375,12.67,80.67,6.26,,1.6625,4.896,0,0
ST-002415,Edtech,Pre-seed,10,12,4.27,2.548,100.734,1.021,-18.2,54.37,15.93,0.22,0.2149,7.732,1,0
ST-002416,SaaS,Series A,12,27,12.76,6.489,45.455,1.886,14.17,96.0,7.38,1.1014,1.8843,870.902,3,1
ST-002417,SaaS,Series A,10,22,5.65,10.176,277.684,4.425,18.57,96.0,7.55,1.2116,1.3808,1898.82,2,0
ST-002418,Healthtech,Series A,6,30,6.48,8.451,175.37,4.519,49.79,47.55,,0.2944,0.5066,2652.858,3,0
ST-002419,SaaS,Pre-seed,6,14,8.35,3.048,32.495,0.32,14.23,64.76,3.25,4.499,2.4264,8.112,0,1
ST-002420,Deeptech,Pre-seed,3,11,3.42,4.765,25.134,0.796,9.54,76.12,10.83,0.1218,0.2799,7.023,0,0
ST-002421,SaaS,Pre-seed,3,12,2.14,4.289,24.24,0.339,45.01,78.11,2.83,3.0792,2.3245,9.034,0,1
ST-002422,SaaS,Series A,16,41,4.07,12.195,66.048,6.015,27.72,80.33,11.86,0.6056,1.0189,338.038,1,0
ST-002423,D2C,Seed,8,20,6.08,4.052,86.014,2.695,16.4,61.83,2.91,0.3383,1.6503,69.3,1,0
ST-002424,SaaS,Series A,2,23,10.89,33.945,470.788,10.726,7.61,73.05,10.9,0.1875,0.4791,1998.46,3,0
ST-002425,Deeptech,Pre-seed,3,30,7.92,7.992,182.807,0.645,52.72,61.79,2.86,0.4725,4.6406,15.716,0,0
ST-002426,D2C,Seed,7,39,12.47,5.242,85.992,0.654,0.12,33.86,,0.0452,0.21,414.755,1,0
ST-002427,SaaS,Seed,5,4,7.84,3.904,12.687,2.097,-15.52,92.47,18.92,0.0664,0.3029,78.166,1,0
ST-002428,D2C,Pre-seed,4,6,,1.408,21.905,0.225,12.97,58.42,5.75,0.1467,0.2362,15.868,1,0
ST-002429,D2C,Series A,3,34,6.52,4.902,107.25,2.129,7.36,50.87,4.98,0.4061,0.7811,3091.688,2,0
ST-002430,D2C,Seed,1,21,1.24,16.493,41.979,11.589,40.82,49.13,4.98,0.3824,1.2416,45.145,0,1
ST-002431,Agritech,Pre-seed,2,34,4.92,6.989,46.298,2.505,20.27,52.83,3.18,2.2689,3.7704,19.221,0,1
ST-002432,D2C,Pre-seed,5,5,,2.659,14.429,1.2,36.22,47.11,2.99,0.1599,0.3713,10.37,0,0
ST-002433,Healthtech,Series A,1,26,11.7,45.421,246.111,12.321,-39.77,63.18,35.59,0.0387,0.1856,1041.699,3,1
ST-002434,Fintech,Seed,4,27,,15.552,162.208,7.662,8.48,78.58,27.99,0.1389,0.3506,114.621,1,0
ST-002435,D2C,Seed,2,16,9.14,8.981,160.331,1.601,46.49,29.35,3.21,0.5596,0.5021,166.043,2,1
ST-002436,Deeptech,Seed,5,29,5.86,21.303,492.681,12.209,-7.16,79.17,15.59,0.3603,1.3006,45.381,0,0
ST-002437,Healthtech,Seed,21,30,4.32,13.841,260.927,7.103,9.64,66.06,9.78,0.1558,,148.493,1,0
ST-002438,D2C,Seed,5,19,11.7,8.666,44.047,6.764,33.12,73.76,,3.7863,,255.774,1,1
ST-002439,Edtech,Series A,9,22,10.25,10.479,61.726,8.459,3.4,70.75,7.12,0.0741,0.8259,1299.09,2,0
ST-002440,D2C,Pre-seed,6,27,31.55,3.749,173.608,0.811,33.43,49.1,5.0,0.5135,1.3026,10.422,0,0
ST-002441,Deeptech,Seed,6,22,5.32,3.598,77.219,0.267,2.81,65.88,9.46,0.0429,0.3866,46.21,1,0
ST-002442,SaaS,Pre-seed,3,22,17.65,2.167,55.914,0.596,16.22,69.24,1.16,1.02,,19.12,0,0
ST-002443,SaaS,Pre-seed,7,18,2.5,14.099,47.025,4.515,31.09,71.24,5.8,0.5727,0.8537,50.919,0,1
ST-002444,Healthtech,Pre-seed,5,18,17.65,2.551,8.81,0.354,-5.93,61.78,16.58,,0.4512,7.046,1,1
ST-002445,Edtech,Series A,12,21,,3.286,20.839,2.371,-3.1,68.81,13.9,0.1153,0.2487,681.999,3,0
ST-002446,Healthtech,Pre-seed,4,23,6.09,8.874,120.034,6.062,36.2,75.33,4.3,0.564,1.0681,23.257,0,0
ST-002447,SaaS,Seed,5,12,10.28,8.837,262.67,4.586,-1.05,83.84,8.41,0.6573,0.7947,131.574,1,0
ST-002448,Edtech,Seed,11,7,10.8,8.098,37.442,4.325,18.15,83.95,6.52,0.0739,,111.92,0,0
ST-002449,Healthtech,Pre-seed,3,16,16.29,4.133,63.375,2.613,37.45,34.54,3.19,0.2677,0.6576,11.289,0,1
ST-002450,Healthtech,Seed,13,39,3.85,17.083,118.315,13.648,17.43,83.86,4.16,0.4429,1.7659,171.331,1,0
ST-002451,D2C,Series A,5,26,,44.708,242.72,22.806,19.73,44.46,5.02,0.158,0.4489,2290.873,2,1
ST-002452,D2C,Pre-seed,9,14,10.32,2.782,16.721,0.502,49.54,,,0.1096,1.3314,19.387,1,0
ST-002453,D2C,Pre-seed,5,13,9.9,6.388,49.704,3.576,65.31,62.17,9.13,0.2376,0.6037,8.641,0,0
ST-002454,Agritech,Series A,6,18,16.11,29.135,158.86,11.47,16.86,38.5,5.64,0.0242,0.1056,4879.538,4,0
ST-002455,Healthtech,Pre-seed,5,2,5.63,3.054,192.347,0.478,8.09,79.87,6.97,0.1099,0.5888,13.304,0,0
ST-002456,Healthtech,Pre-seed,3,31,4.83,13.725,60.419,4.283,34.5,72.27,7.8,0.3842,0.4158,45.655,0,1
ST-002457,Healthtech,Series A,10,17,10.12,37.911,268.314,19.026,-2.31,83.5,9.87,0.2885,0.3365,3092.74,2,0
ST-002458,SaaS,Series A,7,23,8.27,5.788,94.966,2.012,41.57,83.82,3.36,,5.8334,781.418,4,0
ST-002459,Fintech,Seed,6,17,11.53,31.453,411.903,13.079,4.01,68.94,15.49,0.2912,0.5297,171.697,1,1
ST-002460,Healthtech,Seed,11,13,,3.765,61.919,2.235,6.61,55.82,14.29,0.1165,0.221,33.648,0,0
ST-002461,Deeptech,Series A,14,42,17.55,13.374,62.42,10.68,-7.55,51.22,,0.09,0.2426,1359.692,2,0
ST-002462,D2C,Seed,3,10,9.69,12.693,54.718,4.821,-2.33,48.27,10.62,0.0413,0.2693,40.776,1,0
ST-002463,SaaS,Seed,3,27,15.86,15.64,159.991,6.604,40.29,89.39,8.56,0.6208,0.5083,52.311,2,1
ST-002464,Healthtech,Series A,12,10,7.11,18.235,83.456,11.771,21.19,72.23,6.24,0.6115,0.5185,673.452,2,1
ST-002465,SaaS,Seed,8,18,4.43,4.695,28.544,1.918,14.39,71.86,4.59,1.0766,1.7085,36.425,1,1
ST-002466,D2C,Seed,4,34,10.54,6.433,42.008,2.649,58.56,47.85,2.48,0.2566,0.3148,545.724,2,1
ST-002467,Agritech,Pre-seed,10,12,12.5,2.702,15.599,0.824,19.48,55.45,3.72,1.8926,1.6423,18.859,0,1
ST-002468,Healthtech,Seed,10,26,2.17,16.249,66.433,6.659,15.13,40.27,3.06,0.1719,0.3188,104.262,1,1
ST-002469,Healthtech,Seed,4,15,24.73,6.62,22.256,4.424,-7.87,73.42,20.55,0.1457,0.3912,55.333,1,1
ST-002470,Fintech,Pre-seed,2,13,4.8,3.257,26.451,0.83,0.01,66.08,8.98,0.5526,1.215,8.674,0,1
ST-002471,Edtech,Seed,5,29,8.87,2.245,67.138,0.616,-4.15,68.08,13.14,0.112,0.1798,196.352,1,1
ST-002472,Agritech,Series A,8,30,12.06,8.489,498.547,2.27,-0.4,68.94,12.33,0.1051,0.2442,795.301,2,0
ST-002473,D2C,Pre-seed,8,34,8.22,3.719,97.379,0.206,7.17,37.96,7.01,1.1123,,5.048,0,1
ST-002474,Healthtech,Pre-seed,7,12,8.57,2.051,19.769,1.457,11.01,54.33,,0.1654,0.603,21.386,0,0
ST-002475,Fintech,Pre-seed,4,20,8.72,1.483,32.43,0.82,31.69,43.72,2.38,0.334,0.7715,51.853,0,0
ST-002476,SaaS,Pre-seed,6,17,1.5,7.811,80.294,1.018,16.47,82.03,3.99,0.3089,0.9017,24.15,0,0
ST-002477,SaaS,Seed,10,24,9.1,3.596,54.59,0.691,53.05,94.83,4.14,4.2424,10.263,591.498,2,0
ST-002478,SaaS,Seed,6,33,5.56,2.879,41.955,2.186,28.74,59.58,,1.0804,0.8787,54.734,1,0
ST-002479,Fintech,Pre-seed,5,10,15.65,16.122,210.103,9.639,2.16,57.39,15.91,0.2268,0.3935,8.554,0,0
ST-002480,Deeptech,Series A,15,27,13.89,40.422,1100.027,17.27,23.5,60.55,,0.0855,0.483,1245.528,2,0
ST-002481,Edtech,Pre-seed,5,32,2.6,7.103,104.574,3.773,20.18,,8.85,0.4945,1.6894,43.855,0,0
ST-002482,SaaS,Pre-seed,2,17,2.49,5.55,30.985,1.703,46.33,77.77,12.03,1.0006,2.0257,17.978,1,1
ST-002483,SaaS,Series A,7,33,25.38,36.386,701.257,14.185,31.25,84.43,3.47,0.1152,0.454,598.208,2,0
ST-002484,Fintech,Seed,5,5,,18.843,77.171,10.951,16.92,88.94,,0.9824,4.4161,119.967,1,0
ST-002485,Agritech,Seed,4,21,4.97,5.305,101.967,2.847,52.22,53.19,3.04,0.2548,1.458,61.772,1,0
ST-002486,Fintech,Series A,4,19,3.2,8.875,79.67,3.605,25.7,71.38,5.34,0.1204,0.4684,751.871,2,1
ST-002487,Agritech,Series A,15,5,17.23,5.169,24.687,2.212,26.63,58.04,2.98,0.4962,3.0095,6584.538,4,0
ST-002488,Agritech,Pre-seed,5,22,7.33,3.209,11.536,1.804,48.57,31.31,2.7,0.1847,0.4454,30.34,0,0
ST-002489,SaaS,Seed,3,23,4.78,3.347,124.613,1.872,33.49,86.31,1.03,3.8642,16.4536,155.256,1,0
ST-002490,Healthtech,Seed,5,12,8.36,4.993,26.571,2.196,20.03,46.78,6.52,0.3369,0.406,355.087,2,0
ST-002491,Deeptech,Pre-seed,3,6,24.03,5.358,136.856,0.559,15.36,59.04,9.91,0.2556,0.9911,8.762,0,0
ST-002492,Edtech,Series A,11,55,,34.078,397.498,25.81,-28.4,79.77,28.69,0.1366,0.3612,898.918,3,0
ST-002493,SaaS,Pre-seed,2,20,11.07,1.3,29.8,0.234,-21.76,78.15,24.01,0.029,0.0999,12.764,0,0
ST-002494,Deeptech,Series A,4,28,2.09,22.413,161.538,2.891,11.53,70.55,8.28,0.043,0.2253,546.371,2,0
ST-002495,Deeptech,Seed,9,13,16.18,4.652,40.717,2.357,3.84,39.74,8.1,0.3242,0.417,120.015,1,1
ST-002496,Healthtech,Seed,2,17,3.8,5.94,30.735,2.425,15.9,66.78,,0.2935,1.7482,33.649,1,0
ST-002497,Healthtech,Pre-seed,3,32,10.6,9.041,213.398,2.127,38.36,66.95,2.68,0.8497,3.0619,7.946,0,0
ST-002498,SaaS,Series A,8,24,4.43,7.684,275.896,5.066,-2.22,53.07,11.02,0.1083,0.3039,685.207,2,0
ST-002499,Agritech,Seed,6,38,8.3,5.624,68.13,1.664,-17.6,58.37,15.63,0.1387,0.1473,111.695,1,1
ST-002500,Edtech,Pre-seed,5,20,8.0,3.757,230.566,1.207,-10.28,34.88,17.63,0.1225,0.1918,13.586,0,0
ST-002501,SaaS,Pre-seed,10,29,35.0,6.391,55.532,3.429,-3.67,84.59,13.89,0.023,0.0984,20.165,0,0
ST-002502,D2C,Seed,2,5,,5.229,53.665,2.001,-8.44,53.61,16.62,0.039,0.0905,67.32,1,1
ST-002503,Deeptech,Pre-seed,7,10,9.83,14.821,167.133,5.349,17.91,54.0,8.49,0.0445,0.2215,9.532,1,0
ST-002504,Agritech,Seed,1,20,7.26,4.934,68.06,3.407,47.82,54.52,1.76,0.0996,0.3954,21.063,0,0
ST-002505,Fintech,Seed,15,17,3.05,14.138,26.496,9.194,28.41,93.59,3.16,2.0356,2.9083,107.783,2,1
ST-002506,SaaS,Pre-seed,1,22,10.59,3.364,50.197,0.273,31.46,76.65,2.55,0.5264,1.1963,16.427,0,0
ST-002507,Deeptech,Seed,28,8,14.41,19.525,235.044,4.282,20.1,45.8,3.59,0.5242,1.1393,129.454,2,0
ST-002508,Deeptech,Pre-seed,3,6,3.42,25.74,247.074,2.87,-9.01,81.13,13.4,0.1896,0.7888,8.406,0,0
ST-002509,Healthtech,Series A,22,30,6.68,13.908,155.237,6.068,61.05,65.78,1.42,3.6172,8.851,1474.206,3,0
ST-002510,D2C,Series A,20,37,8.46,14.691,396.767,6.556,7.32,61.36,9.71,0.381,0.8555,1525.214,2,0
ST-002511,Edtech,Pre-seed,3,13,13.42,2.487,28.196,0.642,33.29,49.55,,0.0334,0.1041,22.832,0,0
ST-002512,Edtech,Seed,5,40,13.77,4.264,18.63,3.178,-31.5,40.32,24.14,0.0327,0.0642,96.236,0,1
ST-002513,SaaS,Seed,4,45,1.96,4.466,53.283,1.568,13.63,,3.46,0.1101,0.4357,77.347,1,0
ST-002514,SaaS,Series A,16,23,25.21,13.965,93.594,9.235,10.39,,8.92,0.1314,0.343,1754.063,3,0
ST-002515,SaaS,Pre-seed,3,13,11.27,2.205,22.908,0.575,11.39,76.6,5.08,0.638,3.3451,7.018,1,0
ST-002516,Agritech,Seed,4,14,8.13,3.971,40.129,2.468,-13.93,46.58,19.36,0.0577,0.2249,331.225,2,0
ST-002517,SaaS,Series A,14,16,13.35,1.449,21.435,0.823,18.16,61.73,2.77,1.3065,,773.927,3,0
ST-002518,SaaS,Pre-seed,2,24,,10.456,35.672,2.699,42.62,84.74,,0.0548,0.3322,33.452,0,0
ST-002519,Healthtech,Seed,5,12,7.19,28.958,109.534,13.394,59.6,60.42,6.28,0.3841,0.6192,536.016,1,1
ST-002520,SaaS,Pre-seed,4,8,6.6,6.154,60.987,1.869,51.63,58.08,3.85,0.6732,1.7612,7.446,1,0
ST-002521,SaaS,Seed,4,12,,3.939,39.133,0.962,42.06,78.87,4.86,0.2257,0.577,92.227,1,1
ST-002522,Healthtech,Pre-seed,3,16,,1.864,8.423,0.788,52.89,61.81,1.46,0.8812,2.6971,8.159,0,0
ST-002523,Fintech,Series A,26,24,11.79,6.195,11.357,3.703,52.35,79.92,4.26,1.7249,2.8343,689.267,3,0
ST-002524,Healthtech,Pre-seed,3,23,,7.334,100.779,1.58,-2.4,57.35,11.99,0.2939,0.7522,38.943,1,0
ST-002525,Deeptech,Pre-seed,3,15,6.48,14.869,89.871,7.204,22.28,68.95,3.92,1.2115,1.9497,13.382,0,0
ST-002526,SaaS,Series A,9,10,,15.952,118.155,11.636,-12.81,91.72,14.95,0.4788,0.4468,4633.398,3,1
ST-002527,Deeptech,Series A,13,19,9.73,40.686,701.763,15.801,25.31,49.19,,0.1688,0.3592,8101.508,3,0
ST-002528,Deeptech,Seed,3,20,9.75,15.777,332.477,4.797,10.33,,11.08,0.0697,0.1945,38.912,1,0
ST-002529,Agritech,Seed,8,14,11.91,3.902,11.985,3.212,12.25,64.8,5.12,3.1757,3.8125,143.521,1,1
ST-002530,D2C,Pre-seed,5,19,,8.378,74.517,4.506,11.25,60.25,6.53,0.1436,0.2671,10.951,0,0
ST-002531,Healthtech,Seed,2,4,8.61,17.516,840.022,8.721,-36.91,67.07,25.22,0.1567,0.5203,164.019,1,0
ST-002532,D2C,Pre-seed,12,15,4.23,1.985,27.737,0.454,-23.09,47.0,19.45,0.0121,0.0436,14.978,0,0
ST-002533,D2C,Pre-seed,10,31,11.18,7.242,273.416,1.945,34.97,33.13,3.82,0.1389,0.5318,11.156,0,0
ST-002534,SaaS,Series A,6,37,16.21,12.727,184.831,6.881,-0.15,95.21,8.54,0.9142,1.1058,1403.431,3,0
ST-002535,Deeptech,Seed,3,21,11.06,9.492,48.704,7.267,36.98,42.05,8.96,0.0204,0.2051,79.972,1,0
ST-002536,Healthtech,Pre-seed,4,17,13.27,6.132,384.38,1.295,13.61,61.31,3.48,0.503,0.4339,25.262,0,0
ST-002537,Agritech,Pre-seed,2,21,,4.598,117.596,2.383,-16.31,64.06,16.07,0.0789,0.1623,7.615,0,1
ST-002538,Fintech,Series A,23,13,4.79,36.233,164.319,18.162,-15.41,57.11,29.12,0.236,0.1222,876.428,2,1
ST-002539,SaaS,Pre-seed,3,26,9.31,2.093,6.851,1.824,2.9,82.01,18.94,0.302,0.3671,8.411,0,1
ST-002540,Edtech,Pre-seed,11,34,5.66,5.101,235.087,1.189,-2.48,49.72,14.6,0.1787,0.2333,8.38,0,0
ST-002541,Edtech,Pre-seed,2,15,19.29,1.473,24.363,0.528,15.14,63.08,1.62,,3.1987,58.101,1,0
ST-002542,Edtech,Pre-seed,4,17,11.42,2.985,7.051,1.247,22.29,56.08,11.77,0.066,0.4569,14.448,1,0
ST-002543,Fintech,Pre-seed,8,23,5.96,4.804,29.736,1.44,24.14,59.4,11.52,0.2361,,7.2,0,0
ST-002544,Fintech,Series A,8,16,3.6,38.418,163.101,28.299,18.79,74.34,1.83,1.2753,2.1614,1075.921,2,0
ST-002545,Healthtech,Pre-seed,5,35,15.88,4.66,186.718,0.193,35.56,,1.34,11.6557,5.0442,12.565,0,0
ST-002546,Fintech,Seed,12,49,4.06,8.261,169.217,1.318,36.56,61.75,3.63,0.3912,0.5345,40.723,1,0
ST-002547,Deeptech,Seed,4,26,8.3,31.974,285.427,13.268,-4.02,61.09,13.86,0.1429,0.1004,88.05,1,1
ST-002548,SaaS,Seed,3,42,9.81,5.426,39.036,0.924,-23.66,77.02,28.56,0.0961,0.1432,230.784,2,1
ST-002549,Fintech,Seed,3,10,4.1,7.106,117.246,3.941,1.25,64.18,6.84,3.7502,7.007,121.832,1,0
ST-002550,Fintech,Seed,9,23,7.46,2.583,28.015,0.999,17.25,55.36,14.3,,0.2874,44.18,1,0
ST-002551,Healthtech,Seed,8,6,17.49,7.585,88.192,4.436,4.47,,5.51,0.7151,1.4534,98.241,1,1
ST-002552,Edtech,Seed,12,16,2.63,3.306,68.212,1.122,28.79,45.4,8.27,0.5798,0.9909,22.348,1,0
ST-002553,D2C,Seed,5,16,15.81,6.477,75.22,3.026,-12.48,71.25,16.66,0.1534,0.2547,551.918,1,1
ST-002554,Deeptech,Seed,3,14,9.37,13.613,62.035,2.611,48.69,71.3,10.36,0.7382,1.5504,191.097,1,0
ST-002555,Fintech,Seed,1,10,5.2,4.567,105.269,1.063,31.97,95.03,6.22,,1.6535,176.979,1,0
ST-002556,D2C,Pre-seed,23,22,2.48,2.239,55.974,0.528,8.91,60.54,6.3,0.4517,1.6174,14.076,1,0
ST-002557,SaaS,Seed,9,12,7.61,2.336,56.763,1.81,-0.54,85.49,13.44,0.3694,0.5518,85.99,1,0
ST-002558,Fintech,Seed,7,26,5.42,6.91,61.272,0.795,12.31,,3.16,0.68,1.2604,145.082,1,1
ST-002559,Edtech,Pre-seed,5,16,7.54,1.72,50.061,0.387,41.1,78.54,4.66,0.441,3.6277,21.005,0,0
ST-002560,SaaS,Series A,4,27,12.06,66.275,925.849,48.591,5.62,96.0,5.35,0.6018,0.9375,1819.139,4,0
ST-002561,Healthtech,Pre-seed,2,11,2.32,13.67,336.137,4.781,4.79,50.62,11.11,0.1244,0.4371,17.508,0,0
ST-002562,D2C,Pre-seed,11,15,9.01,10.643,105.038,6.459,16.9,54.29,9.9,0.1012,0.4419,33.651,1,0
ST-002563,D2C,Series A,15,59,22.74,5.851,34.128,3.695,-12.36,49.83,18.2,0.0975,0.2278,3010.529,3,1
ST-002564,Healthtech,Pre-seed,2,19,5.97,4.074,29.047,2.036,39.59,62.38,,0.9174,1.3848,19.86,0,0
ST-002565,Healthtech,Pre-seed,2,35,10.96,1.946,8.17,0.638,30.05,69.2,4.2,2.3338,1.5874,31.724,0,1
ST-002566,Edtech,Pre-seed,3,34,1.47,12.794,40.56,3.701,36.02,72.29,20.16,0.0755,0.2576,24.001,0,1
ST-002567,SaaS,Series A,8,69,2.31,25.749,630.361,7.889,43.1,71.21,4.89,1.4366,3.8344,1023.885,2,0
ST-002568,SaaS,Seed,22,9,4.92,3.463,18.684,1.183,-1.1,92.82,8.31,0.7867,1.1301,30.205,1,1
ST-002569,D2C,Seed,6,39,18.03,10.123,28.836,3.845,15.83,32.1,,0.067,0.2195,218.608,1,0
ST-002570,Deeptech,Seed,3,19,5.54,3.939,42.541,2.203,13.51,63.51,5.16,0.3737,0.9418,45.356,1,0
ST-002571,SaaS,Seed,6,16,11.19,6.697,140.893,2.086,48.77,85.39,16.66,0.2808,0.3911,16.941,1,0
ST-002572,Healthtech,Series A,12,13,5.49,14.968,288.599,8.822,5.3,54.87,8.18,0.3722,0.3388,2911.351,3,0
ST-002573,D2C,Series A,5,11,3.14,25.313,122.533,16.368,-23.59,61.87,19.36,0.1002,0.1743,998.13,3,1
ST-002574,Agritech,Pre-seed,5,21,,7.227,55.422,1.344,7.34,31.32,15.62,0.024,0.1399,34.502,0,0
ST-002575,Healthtech,Series A,21,11,11.86,17.235,247.545,10.486,32.61,66.1,5.96,0.3418,1.2211,874.151,2,0
ST-002576,Healthtech,Seed,7,26,15.9,7.546,199.463,1.654,26.69,65.28,3.59,0.2019,0.5965,37.485,1,0
ST-002577,D2C,Pre-seed,2,3,7.62,0.394,5.183,0.169,15.04,65.53,18.53,0.1343,0.4084,49.589,0,0
ST-002578,Agritech,Pre-seed,3,9,11.17,10.928,165.117,7.594,9.02,59.36,6.34,0.459,0.6086,11.295,0,1
ST-002579,SaaS,Seed,2,17,8.54,4.602,50.988,1.362,22.66,57.65,3.62,0.3205,,393.836,1,0
ST-002580,Deeptech,Pre-seed,4,17,9.09,6.435,95.286,2.023,28.89,,8.7,0.2819,0.6767,4.825,1,0
ST-002581,SaaS,Seed,8,12,4.16,37.583,507.422,9.824,20.06,96.0,8.73,0.4736,1.0474,114.992,1,1
ST-002582,Agritech,Pre-seed,2,7,,1.502,7.471,0.295,9.67,50.31,9.64,0.523,0.6042,14.986,1,1
ST-002583,SaaS,Seed,21,16,3.4,7.503,24.118,1.752,14.85,69.8,10.92,,1.0993,80.341,1,1
ST-002584,SaaS,Pre-seed,6,11,5.78,5.516,22.137,2.691,5.52,81.45,4.77,2.2989,5.0176,9.81,0,1
ST-002585,SaaS,Series A,3,18,14.46,31.08,245.813,6.254,35.71,96.0,8.12,0.5708,0.9529,1474.501,1,0
ST-002586,Edtech,Pre-seed,1,23,20.82,3.398,70.574,2.56,14.24,57.67,5.24,0.3555,0.6827,71.84,0,0
ST-002587,Fintech,Pre-seed,2,31,14.44,12.14,129.322,2.187,-2.63,56.47,12.44,0.1557,0.3153,29.01,0,0
ST-002588,SaaS,Seed,17,16,10.82,5.478,34.979,1.312,62.95,79.5,3.73,0.2181,1.2461,108.018,2,0
ST-002589,Edtech,Seed,11,27,8.38,9.617,98.212,3.503,0.2,59.86,9.58,0.1849,0.3167,57.215,1,0
ST-002590,Edtech,Seed,17,14,,8.76,86.857,5.173,-3.26,75.11,11.66,0.1571,0.4958,215.258,2,0
ST-002591,D2C,Seed,6,14,35.0,7.266,60.371,3.775,-9.77,44.13,15.86,0.0591,0.0683,51.2,1,0
ST-002592,Deeptech,Pre-seed,3,13,9.68,7.547,49.443,2.512,2.57,,5.92,0.2609,1.4759,20.256,0,0
ST-002593,D2C,Series A,5,37,11.76,7.918,70.586,3.588,29.67,65.92,7.59,0.1193,0.8598,1102.12,2,0
ST-002594,SaaS,Seed,8,7,9.74,5.959,74.28,2.522,-17.7,71.57,23.08,0.4064,,60.607,1,0
ST-002595,Fintech,Pre-seed,3,5,24.39,2.062,14.009,1.036,20.38,79.41,6.56,0.4782,0.4871,11.65,1,1
ST-002596,Deeptech,Seed,5,44,7.44,8.334,46.429,5.763,3.26,67.96,11.24,1.7823,1.3329,266.355,2,0
ST-002597,SaaS,Seed,17,11,4.47,16.768,123.307,2.906,-1.54,68.35,15.26,0.2654,0.6879,97.215,1,0
ST-002598,Edtech,Seed,6,18,,8.801,98.659,4.595,-21.02,82.14,21.58,0.0758,0.1435,56.241,1,0
ST-002599,Deeptech,Seed,14,15,4.48,14.296,142.702,3.471,14.57,44.47,17.76,0.0148,0.0849,109.549,1,0
ST-002600,Deeptech,Pre-seed,1,34,10.14,18.91,28.981,1.084,-18.99,,19.88,0.0739,0.2061,14.976,0,0
ST-002601,Edtech,Seed,33,33,8.42,8.187,324.018,3.316,9.61,57.76,9.95,0.4601,0.6801,57.977,1,0
ST-002602,D2C,Pre-seed,3,7,11.03,3.871,19.563,0.674,24.17,,2.98,0.4316,1.7953,12.999,0,0
ST-002603,Edtech,Pre-seed,6,17,8.68,4.998,34.505,2.815,-30.44,63.19,25.0,0.2046,0.1209,4.626,0,1
ST-002604,D2C,Series A,17,27,1.86,40.234,165.473,19.75,28.57,35.81,9.51,0.7489,1.6925,1172.259,3,0
ST-002605,SaaS,Seed,5,26,12.03,5.505,14.814,4.902,-26.02,88.26,22.79,0.053,0.1286,239.407,0,1
ST-002606,SaaS,Pre-seed,6,4,10.37,3.073,106.326,1.485,55.13,80.57,3.61,1.2705,4.0328,16.54,1,0
ST-002607,Healthtech,Pre-seed,7,5,16.68,8.965,139.131,3.421,12.92,65.02,6.1,0.1386,0.2245,57.815,0,0
ST-002608,SaaS,Seed,4,27,4.83,4.785,32.291,1.347,-2.62,89.46,12.14,0.1507,0.3144,152.219,1,1
ST-002609,D2C,Pre-seed,2,6,1.63,4.313,74.526,0.475,21.3,64.76,2.92,1.9818,3.2534,23.379,0,1
ST-002610,Fintech,Pre-seed,4,19,12.69,1.237,6.481,0.052,-1.92,63.23,,0.5138,1.6437,9.883,0,1
ST-002611,Deeptech,Pre-seed,4,7,12.34,4.79,24.59,0.433,-34.01,51.24,27.76,0.0863,0.3224,89.904,0,1
ST-002612,Agritech,Seed,15,7,,17.396,289.181,9.832,39.41,60.8,1.22,2.5276,3.3584,122.349,1,0
ST-002613,Edtech,Seed,10,11,0.94,8.279,45.223,5.547,8.21,80.8,6.95,0.1025,0.3776,88.457,1,0
ST-002614,Agritech,Pre-seed,4,15,26.94,6.782,68.421,0.978,18.59,52.88,2.96,3.3152,3.4956,2.644,0,0
ST-002615,Fintech,Pre-seed,6,19,,10.367,117.609,1.404,13.53,68.77,4.3,0.5476,1.07,28.29,1,1
ST-002616,Edtech,Seed,2,24,1.61,17.178,145.804,8.448,-1.94,64.69,9.08,0.3864,1.5872,179.731,2,1
ST-002617,SaaS,Seed,4,29,3.04,5.755,142.739,3.139,-7.96,75.22,13.64,,0.9825,439.159,2,0
ST-002618,Agritech,Seed,7,12,13.6,13.397,51.159,6.068,30.82,47.66,14.18,0.226,0.3795,27.143,0,0
ST-002619,Agritech,Pre-seed,8,24,17.51,17.902,97.501,7.584,27.76,51.11,2.77,0.2968,0.774,13.274,0,0
ST-002620,Deeptech,Seed,7,20,,11.238,144.63,4.997,14.59,65.28,3.39,2.6558,0.843,202.969,1,1
ST-002621,Deeptech,Series A,25,25,12.11,8.483,33.727,5.453,35.46,67.22,4.02,1.3732,,1378.727,2,0
ST-002622,Deeptech,Seed,11,56,,7.462,44.887,4.405,13.94,47.92,1.45,1.5948,2.8462,130.563,1,0
ST-002623,SaaS,Pre-seed,3,22,,5.404,45.494,4.371,40.47,82.7,1.82,7.1121,14.1419,4.356,0,0
ST-002624,Deeptech,Seed,6,17,2.15,3.462,23.351,0.993,46.49,50.11,6.84,0.3371,0.8888,52.66,1,1
ST-002625,Healthtech,Pre-seed,5,12,12.08,2.674,61.797,0.271,39.73,60.17,3.52,0.87,1.9472,17.332,1,0
ST-002626,Edtech,Pre-seed,3,15,,2.677,11.798,0.127,25.62,68.43,14.09,,1.1838,26.698,1,0
ST-002627,Healthtech,Pre-seed,10,6,2.76,5.01,248.036,1.589,-4.2,73.55,10.66,0.0465,0.3336,24.588,0,0
ST-002628,Fintech,Series A,5,27,4.38,69.658,1735.922,16.479,23.31,66.46,14.59,0.2422,0.5199,3061.085,2,0
ST-002629,Fintech,Pre-seed,5,15,5.69,8.545,147.393,2.735,7.05,72.89,4.17,0.4809,0.7208,10.718,0,1
ST-002630,Fintech,Series A,16,25,3.14,8.569,87.661,3.115,29.12,56.25,4.52,,1.8803,1567.857,2,0
ST-002631,SaaS,Seed,5,20,,119.663,821.636,95.021,49.42,69.51,2.95,3.0497,5.9237,532.827,0,0
ST-002632,Edtech,Seed,4,8,6.34,6.425,214.983,5.362,13.61,64.15,7.73,0.4904,0.7451,196.279,1,0
ST-002633,Deeptech,Pre-seed,4,22,18.56,1.783,6.294,0.684,-6.51,94.7,12.27,0.0444,0.1726,27.384,0,0
ST-002634,D2C,Seed,10,13,4.65,3.674,29.427,1.693,30.23,39.35,3.62,0.7708,1.7926,106.668,1,0
ST-002635,Healthtech,Pre-seed,3,27,14.47,2.201,20.653,0.222,16.83,64.69,4.67,0.8283,3.3086,29.762,1,0
ST-002636,Edtech,Seed,3,27,2.3,2.464,31.45,0.915,47.76,71.49,21.85,0.1016,0.1474,97.209,1,0
ST-002637,Edtech,Pre-seed,8,38,5.13,4.911,53.133,3.743,18.14,67.35,11.05,0.1516,0.2904,12.878,0,0
ST-002638,SaaS,Pre-seed,5,15,8.97,0.565,6.906,0.272,15.52,75.42,3.78,0.808,3.2164,18.01,1,0
ST-002639,Agritech,Seed,12,29,10.34,13.789,61.593,7.576,17.51,58.11,2.84,1.4792,0.8087,43.625,1,1
ST-002640,SaaS,Pre-seed,6,40,20.32,6.934,118.685,2.677,23.47,71.98,2.97,0.4898,0.8311,13.334,0,0
ST-002641,D2C,Pre-seed,15,10,10.08,2.916,55.511,1.077,-24.61,52.18,20.18,0.0234,0.1039,12.463,0,0
ST-002642,D2C,Series A,20,38,10.19,28.735,319.377,27.387,-3.04,41.59,,0.0736,0.1439,1838.318,3,0
ST-002643,Healthtech,Pre-seed,2,21,3.78,2.108,9.376,1.26,40.25,73.96,3.22,0.6765,3.1233,21.466,0,0
ST-002644,Agritech,Pre-seed,5,8,,1.935,23.981,1.423,3.31,32.33,14.15,0.1412,0.2009,18.631,0,1
ST-002645,Fintech,Pre-seed,3,14,5.62,7.735,60.23,2.954,16.39,,9.93,0.3952,1.0663,8.254,1,1
ST-002646,Deeptech,Pre-seed,3,55,7.98,5.142,49.806,2.556,12.19,45.7,4.53,0.6359,1.2073,11.109,1,1
ST-002647,D2C,Seed,3,32,7.43,4.947,64.108,1.395,1.08,57.09,7.33,2.0851,1.6556,39.517,1,1
ST-002648,Agritech,Pre-seed,3,20,10.4,3.27,14.971,1.624,13.62,61.24,7.79,0.7225,1.3388,51.993,0,1
ST-002649,D2C,Seed,9,13,,20.051,295.837,6.072,-5.96,19.11,11.01,0.0351,0.0598,118.665,1,1
ST-002650,Agritech,Seed,6,4,8.25,17.085,420.332,13.278,-15.6,38.33,18.24,0.0841,0.1274,90.991,0,0
ST-002651,Deeptech,Pre-seed,2,6,13.29,8.126,102.779,5.087,21.33,68.25,11.93,0.8886,1.1538,17.361,0,1
ST-002652,Edtech,Series A,4,23,4.19,9.643,106.006,3.92,47.85,65.53,1.22,0.9953,5.6951,947.648,3,0
ST-002653,Agritech,Series A,37,23,20.68,18.954,214.54,6.903,29.69,58.71,,0.4984,0.7364,312.298,1,0
ST-002654,D2C,Pre-seed,5,32,8.05,2.177,92.878,0.763,33.13,47.81,,0.2919,0.8307,10.399,0,0
ST-002655,Edtech,Pre-seed,2,8,20.47,7.876,35.29,3.684,39.14,68.76,3.8,1.2712,2.6942,4.514,0,0
ST-002656,Deeptech,Pre-seed,5,8,6.71,11.853,244.498,0.73,21.32,68.88,2.19,0.4752,1.8763,17.984,0,1
ST-002657,Edtech,Pre-seed,15,22,5.95,13.639,421.149,2.108,17.5,53.89,16.65,0.0825,0.5857,5.784,0,0
ST-002658,Healthtech,Seed,9,15,5.03,4.977,22.106,2.669,-2.54,58.13,12.48,0.0496,0.3119,52.33,1,0
ST-002659,SaaS,Seed,1,15,3.33,3.793,36.19,1.534,32.05,70.61,1.52,6.6765,10.8799,103.312,1,0
ST-002660,SaaS,Seed,32,35,15.21,10.99,131.042,8.669,21.32,84.99,,0.7651,2.5341,58.921,1,0
ST-002661,Agritech,Pre-seed,1,8,,2.914,16.124,1.939,2.55,37.62,14.14,0.0273,,9.308,0,1
ST-002662,Edtech,Pre-seed,3,27,10.18,6.97,74.079,2.471,10.39,77.15,5.56,1.0,1.9051,18.223,0,0
ST-002663,Edtech,Series A,5,28,3.03,32.166,134.223,15.175,-9.66,61.12,23.25,0.0165,0.0734,722.891,4,1
ST-002664,Fintech,Series A,6,18,24.3,65.113,549.573,29.805,25.03,73.63,1.49,1.6934,3.9747,618.515,3,0
ST-002665,Edtech,Pre-seed,5,15,15.44,3.54,131.874,0.225,49.44,58.85,9.67,0.4603,0.4602,22.111,0,0
ST-002666,Agritech,Seed,2,12,14.78,12.813,63.967,2.86,-8.22,60.89,14.02,0.0113,0.0943,431.484,2,0
ST-002667,Deeptech,Seed,6,17,9.05,7.894,27.833,1.909,37.45,71.06,2.97,0.6592,0.4932,210.893,1,1
ST-002668,SaaS,Seed,13,44,7.42,8.64,55.489,5.406,40.89,90.38,7.91,2.233,2.1012,166.573,1,1
ST-002669,Healthtech,Seed,4,13,5.33,8.532,162.034,2.823,-8.92,53.29,,0.1296,0.2194,71.75,2,0
ST-002670,Edtech,Series A,4,8,20.25,11.534,100.631,3.708,-29.42,83.06,31.91,0.0527,0.2203,5988.827,3,1
ST-002671,Healthtech,Pre-seed,4,16,2.25,17.211,145.974,4.192,18.32,70.6,,0.1086,0.3659,11.824,0,1
ST-002672,Edtech,Pre-seed,3,35,12.24,1.292,28.074,0.136,13.35,60.01,5.21,0.2801,2.207,6.88,0,0
ST-002673,Edtech,Series A,7,25,4.54,12.411,398.728,5.151,9.38,70.07,3.22,0.1216,0.5388,1464.241,3,0
ST-002674,Edtech,Pre-seed,2,13,,3.529,34.466,2.099,40.66,83.9,1.74,,6.7868,85.407,1,0
ST-002675,Healthtech,Pre-seed,5,13,6.26,7.356,184.906,1.07,9.61,53.15,2.98,1.1425,5.7823,4.898,0,0
ST-002676,Edtech,Seed,9,33,6.33,2.951,35.082,1.04,66.31,56.83,3.88,0.3167,0.607,47.657,1,1
ST-002677,Edtech,Seed,3,23,10.55,5.243,40.096,1.449,-16.75,65.58,,0.0495,0.123,84.599,1,0
ST-002678,Agritech,Seed,4,10,16.47,44.269999999999996,16.841,2.437,-2.71,36.59,,0.1568,0.2624,180.777,2,1
ST-002679,D2C,Seed,7,26,7.24,1.533,5.607,0.921,-2.82,49.2,14.09,0.0918,,75.868,1,0
ST-002680,Fintech,Seed,3,21,1.7,23.037,163.833,14.671,11.57,76.03,3.31,0.3668,0.6685,321.787,1,0
ST-002681,Agritech,Pre-seed,4,25,4.28,1.232,28.975,0.785,46.83,,11.06,0.2887,0.2806,10.708,0,0
ST-002682,Agritech,Seed,15,44,7.17,2.143,11.252,1.367,-7.95,44.02,22.28,0.472,0.4563,141.124,1,1
ST-002683,SaaS,Seed,6,47,,14.619,575.982,7.195,-3.47,91.99,10.2,2.5093,2.7895,68.178,1,0
ST-002684,Healthtech,Series A,5,22,12.25,13.346,123.729,8.505,0.67,61.12,10.13,0.128,0.4013,1336.391,2,0
ST-002685,Fintech,Pre-seed,5,19,10.26,4.195,19.407,1.571,15.11,59.31,7.41,0.321,0.6619,10.005,0,1
ST-002686,D2C,Pre-seed,3,38,13.69,3.308,17.941,2.337,20.39,50.84,11.62,0.1786,0.4159,85.221,0,1
ST-002687,SaaS,Seed,6,21,1.0,16.015,86.935,10.463,7.31,95.25,9.33,0.033,0.0977,133.601,2,0
ST-002688,D2C,Pre-seed,5,28,15.58,2.722,96.112,0.423,-10.07,41.63,14.12,0.0397,0.1267,17.565,1,0
ST-002689,Fintech,Pre-seed,6,9,1.85,7.993,85.397,2.328,14.96,85.6,2.75,1.2124,2.249,29.037,1,0
ST-002690,Healthtech,Series A,10,15,11.64,7.468,42.876,1.524,44.1,63.85,2.67,4.7489,10.1896,709.17,2,0
ST-002691,Deeptech,Seed,6,49,18.15,14.525,604.143,7.491,34.72,59.4,4.3,0.8355,1.4197,73.638,1,0
ST-002692,Fintech,Pre-seed,14,24,1.4,9.975,48.287,5.741,7.4,69.26,5.91,0.8926,2.588,3.724,0,0
ST-002693,Deeptech,Pre-seed,8,14,0.86,16.443,104.459,2.519,18.5,51.91,2.37,0.6671,1.427,47.588,0,0
ST-002694,Deeptech,Pre-seed,6,11,7.47,1.96,30.929,0.703,27.49,44.06,7.56,0.4728,0.6098,25.986,0,1
ST-002695,Deeptech,Seed,7,16,,9.25,141.417,6.252,34.08,79.52,,0.2957,0.7181,184.117,2,0
ST-002696,SaaS,Seed,3,9,2.74,23.355,344.35,18.387,47.73,69.02,6.44,0.0758,0.2687,17.403,1,0
ST-002697,Agritech,Pre-seed,8,23,0.87,6.892,17.697,2.393,22.64,65.67,2.35,0.1257,0.9051,10.868,0,0
ST-002698,SaaS,Pre-seed,4,22,15.79,3.342,137.694,0.381,-7.62,96.0,18.4,0.2636,0.2809,57.457,0,0
ST-002699,Edtech,Pre-seed,3,21,2.89,3.404,18.236,0.381,-15.14,59.15,21.12,0.1963,0.1945,131.989,0,1
ST-002700,Deeptech,Pre-seed,3,33,,7.405,117.681,2.908,29.66,64.81,9.77,0.3408,0.3077,20.607,1,0
ST-002701,D2C,Pre-seed,2,16,3.1,3.096,47.138,1.016,-13.4,55.59,16.85,0.0283,0.0429,45.657,0,1
ST-002702,Healthtech,Seed,12,24,3.31,13.148,217.144,5.967,32.63,70.62,4.36,0.9691,1.9611,670.059,2,0
ST-002703,Fintech,Pre-seed,6,4,0.48,7.413,58.862,3.362,4.48,61.06,10.8,0.1267,0.2163,11.402,0,0
ST-002704,Agritech,Pre-seed,4,24,2.88,1.59,39.706,0.734,-8.52,47.74,20.44,0.188,0.1689,67.538,0,0
ST-002705,D2C,Seed,6,26,3.83,5.453,63.22,2.459,26.28,56.85,4.93,0.0806,0.4694,136.093,2,0
ST-002706,Edtech,Seed,4,9,7.68,4.689,162.442,2.264,-5.98,48.97,10.65,0.9913,0.6764,331.593,1,0
ST-002707,Deeptech,Pre-seed,1,14,11.65,4.974,23.154,1.937,26.91,35.99,3.84,0.0246,,20.242,0,0
ST-002708,SaaS,Pre-seed,2,30,5.07,4.685,148.419,2.228,20.84,83.15,,0.3111,1.0312,25.851,0,0
ST-002709,SaaS,Pre-seed,2,20,11.55,4.393,11.109,1.355,-22.93,80.58,24.59,0.0279,0.1621,13.242,0,0
ST-002710,D2C,Pre-seed,2,10,22.16,2.412,65.943,2.187,46.74,,5.98,0.3707,0.4467,21.545,0,0
ST-002711,Deeptech,Seed,7,26,6.47,30.062,248.728,11.837,42.67,50.06,3.9,0.4956,0.9022,182.5,1,1
ST-002712,Fintech,Pre-seed,6,42,5.3,5.227,56.581,2.767,36.98,76.63,13.46,0.1836,0.3685,64.723,0,0
ST-002713,Fintech,Seed,6,8,3.32,28.614,191.758,14.048,35.93,77.33,2.75,3.1446,5.388,32.999,1,0
ST-002714,SaaS,Seed,15,28,7.82,20.841,74.817,12.983,0.2,83.8,10.72,,0.8601,83.675,1,0
ST-002715,Agritech,Pre-seed,2,19,,1.655,11.52,1.142,41.34,37.45,6.61,0.381,1.033,27.841,1,0
ST-002716,SaaS,Pre-seed,4,7,7.55,2.71,24.518,1.837,32.92,93.46,6.42,1.1098,1.4306,29.642,1,0
ST-002717,Edtech,Pre-seed,4,20,,2.514,36.831,0.97,-26.93,47.68,21.85,0.017,0.134,11.439,0,0
ST-002718,Deeptech,Pre-seed,8,11,,7.492,213.555,3.213,-3.27,44.12,15.42,0.1595,,7.612,1,0
ST-002719,SaaS,Seed,7,17,,12.466,190.232,4.934,-0.42,90.35,13.03,0.0455,0.144,131.494,1,1
ST-002720,Healthtech,Pre-seed,4,22,32.53,5.145,63.524,3.077,48.03,50.61,,0.9288,,33.479,0,0
ST-002721,Healthtech,Series A,4,30,10.09,11.423,521.746,6.392,-6.28,54.9,15.19,0.0807,0.2222,419.743,3,0
ST-002722,Agritech,Seed,4,25,14.47,22.326,330.66,14.348,3.18,,7.9,0.2685,0.1228,326.963,1,1
ST-002723,Fintech,Seed,12,60,11.1,7.275,26.785,4.569,-11.46,78.13,25.96,0.0467,0.0951,121.955,1,1
ST-002724,Edtech,Seed,2,18,7.68,11.093,38.482,6.303,5.47,73.39,14.12,0.0537,0.1099,227.068,1,0
ST-002725,SaaS,Seed,14,10,0.81,7.194,332.752,2.243,37.22,96.0,3.42,0.3779,1.1105,38.957,1,0
ST-002726,D2C,Series A,14,32,4.93,14.181,168.33,9.364,-15.89,43.05,17.95,0.2525,0.2445,842.567,3,1
ST-002727,Agritech,Series A,6,27,19.75,21.152,329.937,8.074,23.91,42.47,9.78,0.0224,0.0637,516.008,1,0
ST-002728,SaaS,Pre-seed,2,12,,11.716,94.989,0.593,-1.42,67.9,13.83,0.2245,0.88,12.184,0,1
ST-002729,Edtech,Pre-seed,12,11,4.4,4.228,8.235,3.112,56.55,68.23,5.42,0.1502,0.5332,17.937,0,1
ST-002730,Deeptech,Pre-seed,9,34,4.47,4.205,231.639,0.738,19.41,61.02,2.85,0.5211,1.2316,26.096,0,0
ST-002731,SaaS,Pre-seed,4,3,15.13,11.197,50.988,1.132,15.23,96.0,3.02,,2.0276,31.343,1,0
ST-002732,Fintech,Seed,7,23,20.34,142.35,93.87,1.564,3.3,,9.49,0.0572,0.2357,65.148,1,0
ST-002733,Healthtech,Pre-seed,3,11,2.4,5.233,47.223,1.521,21.51,44.15,13.42,0.2577,0.3772,9.2,0,1
ST-002734,Fintech,Seed,7,25,6.88,20.906,144.641,9.248,-15.39,80.65,23.17,0.0316,0.0828,22.662,1,0
ST-002735,Fintech,Seed,4,12,14.83,12.58,81.136,7.395,17.54,58.71,7.34,0.384,1.6877,181.646,1,0
ST-002736,Edtech,Pre-seed,4,21,,19.909,349.679,8.611,4.68,52.56,11.38,0.0213,0.1422,5.212,0,0
ST-002737,SaaS,Seed,19,34,11.75,7.399,143.276,3.792,2.27,93.38,6.02,0.6587,1.0173,52.525,1,0
ST-002738,Healthtech,Pre-seed,4,12,6.62,10.592,92.953,4.608,60.25,72.25,6.11,0.3647,0.4803,39.763,0,1
ST-002739,D2C,Seed,3,16,27.55,10.666,164.48,3.78,44.98,59.99,6.08,,1.4952,179.551,1,0
ST-002740,Healthtech,Seed,3,24,5.01,12.16,77.985,3.312,46.17,56.13,2.17,0.7506,0.7517,251.216,2,1
ST-002741,SaaS,Pre-seed,4,25,13.1,2.972,31.687,1.527,34.86,96.0,18.62,0.4202,0.9832,18.633,0,0
ST-002742,Agritech,Seed,4,54,5.66,5.257,46.045,2.607,24.07,62.08,6.69,2.0284,3.0728,115.535,1,0
ST-002743,SaaS,Pre-seed,4,13,8.78,5.516,45.725,1.3,47.82,71.55,7.09,0.0721,0.2436,32.562,1,0
ST-002744,D2C,Seed,2,16,2.66,4.152,84.495,2.22,22.39,72.4,3.3,0.233,0.3658,74.049,0,0
ST-002745,Fintech,Seed,10,11,11.82,6.591,30.961,0.708,28.48,74.35,5.96,0.6173,0.6885,175.842,2,1
ST-002746,Agritech,Pre-seed,2,3,16.68,3.588,93.314,0.926,46.12,51.81,,0.1616,0.6987,8.939,1,0
ST-002747,SaaS,Seed,6,34,,18.049,171.533,8.704,32.64,75.85,15.6,0.1239,0.2786,79.214,1,0
ST-002748,SaaS,Series A,8,22,4.2,14.999,135.998,8.553,23.31,46.64,8.94,0.0715,0.2871,767.964,3,0
ST-002749,Edtech,Seed,18,10,15.56,6.812,364.77,1.206,32.21,75.41,5.74,0.8884,1.4827,33.158,1,0
ST-002750,SaaS,Seed,7,31,6.0,3.448,61.862,1.783,17.83,75.18,2.12,0.4367,3.1254,50.378,1,0
ST-002751,SaaS,Seed,21,33,7.22,25.051,31.785,21.943,26.17,79.41,2.47,0.2288,0.6696,189.08,1,1
ST-002752,D2C,Pre-seed,5,24,3.08,8.988,209.709,3.503,29.69,46.92,1.15,1.439,1.6207,53.271,0,0
ST-002753,Agritech,Seed,15,16,16.91,16.359,302.713,9.918,-10.42,42.51,,0.6481,0.5167,66.322,1,1
ST-002754,SaaS,Series A,9,27,2.66,4.973,12.569,3.512,-1.46,87.69,13.34,0.1791,0.5045,1563.451,2,0
ST-002755,Deeptech,Pre-seed,5,9,7.22,7.701,91.393,0.998,32.29,48.75,5.33,0.1978,0.6056,8.571,0,0
ST-002756,Agritech,Pre-seed,8,25,4.94,1.806,33.107,1.428,19.77,34.37,7.41,0.0338,0.1241,11.539,1,0
ST-002757,Agritech,Pre-seed,7,11,13.42,6.185,17.21,1.588,16.63,52.72,17.67,0.4911,0.3552,31.112,1,1
ST-002758,D2C,Pre-seed,5,32,32.92,5.106,91.534,3.379,23.16,41.61,2.94,1.3145,0.9684,18.105,0,0
ST-002759,D2C,Pre-seed,3,22,1.74,5.885,57.957,0.185,-24.64,26.45,20.51,0.1234,0.0881,22.406,1,1
ST-002760,Healthtech,Pre-seed,3,7,4.68,2.763,28.62,0.636,13.44,49.49,5.47,1.0232,1.2915,6.079,0,1
ST-002761,D2C,Seed,13,34,5.91,3.67,94.288,2.403,12.12,49.84,2.05,0.2249,0.771,56.472,1,0
ST-002762,Deeptech,Pre-seed,9,28,2.56,3.769,27.326,0.123,20.78,59.54,4.91,0.8579,2.002,12.619,0,1
ST-002763,SaaS,Pre-seed,3,26,7.81,4.814,17.784,1.752,34.95,96.0,3.9,2.7952,2.1345,24.257,0,1
ST-002764,Fintech,Seed,4,31,14.24,8.379,156.039,3.284,7.83,80.92,4.43,3.4697,2.9834,100.365,1,0
ST-002765,SaaS,Pre-seed,2,16,9.41,4.629,58.825,0.665,45.23,86.83,2.39,0.7105,2.0412,8.141,0,0
ST-002766,Deeptech,Seed,10,23,12.04,5.479,45.735,2.683,-4.94,50.24,11.87,0.156,0.7582,77.68,1,0
ST-002767,Edtech,Seed,4,18,4.43,6.472,28.219,2.088,30.07,60.99,3.4,0.0479,,86.862,0,0
ST-002768,D2C,Series A,17,8,12.14,40.58,395.385,19.448,3.1,52.82,8.4,0.0248,0.1574,3512.83,3,0
ST-002769,Agritech,Seed,9,26,9.19,8.636,60.08,3.966,40.02,62.93,11.07,0.0665,0.199,32.637,1,0
ST-002770,Deeptech,Pre-seed,3,6,2.95,7.945,81.407,0.788,21.64,63.99,9.32,0.0434,0.2716,30.726,0,0
ST-002771,SaaS,Pre-seed,10,8,8.13,5.156,12.624,2.403,-8.33,76.84,16.14,0.0668,0.7451,25.187,0,0
ST-002772,Agritech,Series A,4,17,4.96,9.007,82.178,1.845,16.17,54.29,7.52,,0.1186,1051.386,2,1
ST-002773,Deeptech,Seed,17,21,35.0,37.081,393.282,33.412,23.91,55.17,2.81,0.7181,2.6379,128.407,1,0
ST-002774,SaaS,Seed,8,49,14.87,9.555,132.189,0.608,20.23,58.75,7.26,0.9742,0.5534,134.85,1,1
ST-002775,D2C,Seed,2,14,8.81,8.814,104.135,1.954,22.41,,2.83,0.1308,0.485,36.785,1,0
ST-002776,Fintech,Pre-seed,10,45,18.77,8.54,49.667,0.856,12.28,63.48,7.15,1.9518,2.254,26.255,0,1
ST-002777,D2C,Seed,11,32,12.33,15.273,69.679,10.428,3.76,56.75,18.62,0.0226,0.0777,144.151,2,0
ST-002778,Healthtech,Seed,5,24,,3.616,35.395,1.433,-19.02,,23.95,0.166,0.2865,26.563,1,1
ST-002779,Fintech,Series A,6,16,22.44,19.899,282.988,5.775,26.24,57.13,8.51,0.3982,1.2327,378.583,1,1
ST-002780,SaaS,Pre-seed,1,17,2.39,19.285,115.509,2.382,27.66,93.63,2.74,,0.5934,29.516,0,1
ST-002781,SaaS,Seed,28,22,20.67,24.333,290.369,10.848,55.61,,5.07,0.2479,0.454,166.078,2,0
ST-002782,SaaS,Pre-seed,2,24,9.36,3.573,23.005,2.738,16.13,74.42,6.02,0.6179,2.3299,18.766,0,0
ST-002783,D2C,Series A,5,16,7.8,25.102,136.741,14.162,19.83,53.46,9.4,0.1541,0.4488,1164.331,2,1
ST-002784,Fintech,Pre-seed,5,28,4.34,4.116,74.09,2.535,20.17,75.85,3.38,3.8979,2.5527,52.567,1,0
ST-002785,SaaS,Seed,2,20,9.71,9.532,65.848,1.356,33.69,96.0,4.87,0.6893,1.4474,161.165,1,0
ST-002786,D2C,Pre-seed,2,22,,2.912,16.139,0.943,6.2,44.1,,0.2231,0.3413,25.893,0,1
ST-002787,D2C,Seed,12,19,,5.51,35.876,3.695,18.66,44.73,5.35,0.1977,0.2385,67.463,1,1
ST-002788,Healthtech,Seed,8,39,9.27,5.79,17.858,3.964,16.07,61.2,1.4,3.6395,5.2775,34.632,1,1
ST-002789,Deeptech,Pre-seed,3,8,7.04,20.076,50.973,9.393,32.61,51.37,2.69,0.3097,1.1779,32.713,1,0
ST-002790,Fintech,Series A,10,27,12.81,13.52,300.935,8.237,60.66,72.77,3.52,0.1939,1.2342,2314.841,3,0
ST-002791,Agritech,Series A,8,11,5.89,29.627,876.153,10.244,20.95,48.38,2.88,0.1246,0.4283,1511.445,4,0
ST-002792,SaaS,Series A,10,31,7.55,10.373,61.959,4.89,-16.34,68.56,19.64,0.0507,0.0773,745.594,2,1
ST-002793,D2C,Pre-seed,2,8,10.63,2.733,45.863,2.108,-7.61,28.57,19.54,0.0387,0.092,41.858,0,0
ST-002794,Deeptech,Seed,4,17,8.06,15.159,102.09,7.269,37.66,56.61,11.26,0.3682,0.872,165.938,1,1
ST-002795,Agritech,Seed,4,16,2.42,2.669,12.081,1.559,-19.44,58.83,26.82,0.0426,0.1778,137.601,1,1
ST-002796,Healthtech,Seed,4,57,9.34,14.309,137.454,6.034,22.15,55.45,3.71,0.2173,0.5086,85.462,1,0
ST-002797,Healthtech,Seed,12,13,9.37,8.039,93.707,1.043,0.16,48.63,10.27,0.0847,0.2906,217.156,1,1
ST-002798,Fintech,Seed,10,33,8.81,6.71,116.99,3.719,72.16,84.88,4.95,0.4068,,51.955,1,0
ST-002799,D2C,Pre-seed,2,2,7.12,2.334,4.35,0.475,-8.46,44.1,38.43,0.0134,0.0436,6.331,0,1
ST-002800,Agritech,Pre-seed,2,17,6.27,14.673,102.908,7.74,3.1,61.9,10.88,0.1312,0.5417,15.173,0,0
ST-002801,Deeptech,Pre-seed,3,35,8.2,5.833,269.763,2.999,33.41,69.58,4.85,0.4314,0.4905,11.468,1,0
ST-002802,Edtech,Pre-seed,15,5,4.4,3.213,6.839,0.242,12.13,83.61,3.11,0.5471,1.1355,6.742,1,0
ST-002803,SaaS,Pre-seed,2,28,19.61,7.232,40.118,2.993,1.9,81.37,15.42,0.084,0.1643,8.128,0,1
ST-002804,Healthtech,Pre-seed,3,15,10.79,2.525,22.05,0.762,-3.28,47.27,9.88,0.0504,0.1913,5.412,0,1
ST-002805,SaaS,Seed,7,5,10.01,16.721,166.823,11.406,1.71,60.97,11.03,0.5306,1.206,227.228,2,1
ST-002806,Fintech,Seed,6,35,16.46,9.722,164.774,5.555,-3.53,65.08,12.47,0.1526,0.217,147.501,1,0
ST-002807,Fintech,Pre-seed,3,24,3.94,1.923,15.109,1.019,16.73,86.66,4.31,0.568,0.9891,7.337,1,0
ST-002808,D2C,Seed,13,12,5.54,5.295,248.148,1.113,55.93,48.81,15.87,0.1545,0.39,79.958,1,0
ST-002809,SaaS,Series A,13,33,5.19,6.433,38.387,3.623,57.31,96.0,7.2,0.5943,,1080.234,3,0
ST-002810,SaaS,Series A,17,9,10.34,15.006,369.773,7.951,56.95,71.31,9.51,0.2481,0.3625,1153.089,2,0
ST-002811,SaaS,Series A,15,17,3.82,7.993,48.374,5.072,11.27,96.0,2.99,3.5749,5.7136,1599.88,3,1
ST-002812,Deeptech,Series A,18,24,13.53,11.445,288.958,3.695,29.03,65.42,9.53,0.1498,0.2334,1323.419,3,0
ST-002813,D2C,Seed,17,20,10.13,9.575,82.389,1.298,18.17,49.43,11.7,0.3073,0.4919,78.243,1,1
ST-002814,SaaS,Series A,23,30,4.94,14.609,52.346,9.283,-3.23,92.33,13.39,0.2626,0.4595,237.06,2,0
ST-002815,SaaS,Series A,43,62,2.69,33.804,129.916,17.161,-23.89,75.74,21.23,0.1173,0.3462,497.259,2,1
ST-002816,Healthtech,Pre-seed,8,8,9.94,10.708,75.844,5.27,-20.0,68.09,18.59,0.0957,0.4036,29.944,0,0
ST-002817,Fintech,Series A,7,26,1.87,19.971,100.71,16.907,17.26,,5.23,0.4773,0.7528,3872.308,3,1
ST-002818,Healthtech,Seed,11,23,4.61,12.706,161.716,8.035,-13.14,56.28,16.67,0.4695,0.3508,210.677,2,1
ST-002819,Edtech,Seed,10,36,7.4,2.36,47.809,0.89,-1.2,56.91,9.98,0.2591,0.7184,347.888,1,0
ST-002820,Deeptech,Series A,33,23,7.01,36.213,1127.937,14.954,21.75,,6.8,0.1835,0.1507,928.664,2,0
ST-002821,Fintech,Pre-seed,2,4,5.06,6.999,136.27,3.029,-31.98,48.89,26.91,0.0123,0.0671,4.921,1,0
ST-002822,D2C,Pre-seed,5,18,13.0,8.05,171.901,3.312,47.83,73.03,4.14,1.129,,11.848,0,0
ST-002823,SaaS,Seed,4,5,4.15,5.927,90.07,3.565,16.61,68.78,4.18,0.1075,0.2808,34.514,1,0
ST-002824,Deeptech,Seed,9,35,5.0,92.44999999999999,52.46,1.345,7.6,69.37,4.03,0.1176,0.527,53.235,1,0
ST-002825,Deeptech,Series A,9,24,8.7,17.788,330.156,6.417,0.59,39.43,10.15,0.4464,0.8617,2662.176,2,0
ST-002826,D2C,Series A,14,29,8.71,41.75,295.344,28.511,23.93,41.65,2.5,0.3052,0.8962,1640.246,3,0
ST-002827,Edtech,Seed,3,11,3.09,7.971,67.946,4.721,-4.76,,,0.1443,0.4265,143.283,1,1
ST-002828,SaaS,Series A,16,14,8.41,4.821,24.905,3.474,41.74,96.0,6.1,0.2186,1.5093,1586.669,3,0
ST-002829,Agritech,Pre-seed,4,23,5.45,5.644,9.023,1.45,35.22,55.64,,0.3624,3.1554,20.405,1,0
ST-002830,D2C,Series A,11,21,5.19,10.646,65.342,6.04,-1.21,36.2,10.67,0.0745,0.1652,348.661,2,0
ST-002831,SaaS,Pre-seed,13,10,9.75,8.422,53.868,2.9,12.88,79.31,6.25,0.1144,0.695,10.489,0,0
ST-002832,Edtech,Seed,5,40,3.77,9.584,10.966,4.002,40.97,80.05,2.09,22.8015,13.3754,156.968,1,1
ST-002833,Edtech,Pre-seed,5,18,6.72,8.292,130.174,5.963,25.52,78.55,3.56,0.3031,0.5891,24.448,0,0
ST-002834,Agritech,Seed,7,14,,14.362,219.171,2.801,10.75,44.65,2.94,0.1867,0.6477,24.153,1,0
ST-002835,D2C,Pre-seed,4,19,9.85,7.954,92.714,4.524,1.37,31.83,13.5,0.0777,0.071,18.953,1,1
ST-002836,D2C,Pre-seed,15,13,4.78,9.167,199.342,5.517,14.64,40.94,3.51,0.077,0.7171,5.698,0,0
ST-002837,D2C,Seed,6,26,11.26,13.952,311.529,3.97,6.82,55.47,5.9,0.0561,0.3372,110.43,1,0
ST-002838,Fintech,Seed,4,11,13.31,6.053,141.934,1.458,21.99,48.69,8.29,0.5885,,92.384,0,0
ST-002839,Fintech,Pre-seed,12,30,13.12,2.286,62.135,0.209,10.41,66.09,5.11,0.3193,2.974,40.403,0,0
ST-002840,SaaS,Seed,5,16,2.94,4.064,60.364,1.349,-4.82,68.59,22.46,0.055,0.211,297.15,1,0
ST-002841,Agritech,Pre-seed,1,6,12.89,6.006,86.692,1.78,40.05,46.65,6.85,0.0846,0.2272,28.689,0,0
ST-002842,Edtech,Pre-seed,2,7,,0.685,11.213,0.106,28.41,72.62,6.55,0.9874,3.0334,44.486,0,0
ST-002843,Edtech,Pre-seed,2,15,22.14,3.357,9.583,1.952,-3.95,66.29,14.33,0.1334,0.187,16.619,0,1
ST-002844,Fintech,Seed,2,13,3.27,8.237,11.791,5.568,3.12,75.65,14.94,0.1649,0.4227,90.933,1,1
ST-002845,SaaS,Seed,5,8,,17.835,44.232,3.451,30.41,95.47,0.83,7.9138,10.7276,238.541,2,0
ST-002846,Healthtech,Seed,6,8,1.83,8.149,167.263,1.855,-2.11,96.0,14.26,0.1002,0.2306,11.013,1,0
ST-002847,SaaS,Series A,21,24,13.54,10.855,35.534,8.445,10.43,91.98,3.87,0.5005,1.2322,971.333,3,0
ST-002848,SaaS,Seed,9,23,15.26,19.059,149.326,7.791,9.39,88.62,3.77,,6.5569,98.232,1,0
ST-002849,D2C,Seed,9,21,13.17,7.262,107.656,2.466,0.31,40.79,10.22,0.1516,0.3459,212.866,1,0
ST-002850,Fintech,Series A,6,44,2.36,15.921,554.14,6.94,-8.29,77.84,14.5,0.0515,0.5469,1685.361,3,0
ST-002851,Fintech,Pre-seed,7,21,17.41,3.661,56.502,1.251,15.85,85.21,1.81,7.5477,6.0861,18.217,0,0
ST-002852,Edtech,Pre-seed,9,11,31.11,4.17,37.934,2.814,-2.54,59.57,9.49,,0.6102,12.729,0,1
ST-002853,Agritech,Pre-seed,5,70,,2.795,49.352,0.104,4.47,45.84,5.82,0.9054,1.1776,26.724,0,0
ST-002854,Fintech,Seed,8,12,6.41,7.878,337.913,5.232,33.34,60.87,3.07,0.923,2.0986,335.332,2,0
ST-002855,D2C,Seed,3,7,,22.042,116.911,16.066,0.44,33.45,12.25,0.0987,0.1754,43.816,1,1
ST-002856,Deeptech,Pre-seed,7,24,11.8,6.193,195.76,1.911,26.6,57.83,4.01,11.555,10.5975,8.671,0,0
ST-002857,D2C,Series A,30,54,5.75,10.763,148.395,7.183,34.1,33.17,5.91,0.0324,0.2579,388.571,2,0
ST-002858,Edtech,Series A,12,36,12.26,6.084,57.487,3.902,11.75,65.91,3.28,0.3294,1.0757,818.778,3,0
ST-002859,D2C,Pre-seed,3,14,7.11,4.673,84.553,1.324,27.71,51.52,11.03,0.5012,0.9286,44.666,0,0
ST-002860,Edtech,Pre-seed,3,10,8.76,2.269,3.176,1.771,-1.0,70.11,10.08,0.7054,0.8904,5.86,0,1
ST-002861,Edtech,Pre-seed,3,23,7.94,2.604,10.73,1.146,32.56,,8.4,0.2003,0.3867,22.745,0,1
ST-002862,Healthtech,Pre-seed,3,15,1.88,2.507,39.875,0.541,30.55,45.96,5.19,0.2677,0.4426,18.027,1,0
ST-002863,Fintech,Series A,15,20,8.46,22.018,442.044,5.218,44.55,81.41,3.19,0.6203,1.8314,244.111,1,0
ST-002864,SaaS,Seed,7,41,2.42,2.891,36.202,2.183,40.11,62.56,17.58,0.3265,0.3225,86.736,1,0
ST-002865,Edtech,Pre-seed,7,4,2.76,4.565,65.793,2.436,22.55,68.29,10.24,0.3476,0.4804,7.906,0,0
ST-002866,SaaS,Seed,8,24,17.63,4.986,138.692,3.187,73.47,96.0,,0.2663,1.0662,51.076,1,0
ST-002867,Edtech,Pre-seed,2,10,11.64,5.687,32.52,2.282,35.56,68.01,8.53,0.6114,0.9488,18.076,0,1
ST-002868,Healthtech,Pre-seed,3,16,11.04,6.565,74.476,3.034,43.73,77.06,4.95,0.3396,1.1769,4.664,0,0
ST-002869,Deeptech,Pre-seed,3,9,8.55,6.444,116.008,2.304,7.32,63.61,6.52,0.6168,1.3539,4.5,0,0
ST-002870,SaaS,Seed,6,18,27.69,13.588,202.578,5.447,7.76,66.67,5.37,0.5191,1.0041,111.875,1,0
ST-002871,Healthtech,Seed,19,62,8.41,27.203,250.921,11.93,17.02,77.43,4.97,0.2537,0.3686,90.367,1,1
ST-002872,Edtech,Series A,34,34,7.44,31.046,230.705,11.124,-7.05,60.52,15.14,0.1735,0.4172,903.696,2,0
ST-002873,SaaS,Pre-seed,6,23,7.26,1.501,14.67,0.225,17.79,77.28,5.66,1.0185,2.0464,13.713,0,1
ST-002874,Fintech,Seed,7,20,15.84,6.451,157.687,3.549,14.68,75.52,7.0,2.1897,1.054,29.418,2,0
ST-002875,SaaS,Pre-seed,2,16,8.13,2.724,93.451,1.992,39.98,71.57,4.93,0.069,0.3282,34.831,0,0
ST-002876,SaaS,Pre-seed,4,17,9.77,6.109,8.378,3.901,41.51,92.34,2.35,1.2535,3.5627,12.813,1,0
ST-002877,Fintech,Series A,6,30,16.62,13.119,108.59,9.596,16.54,72.64,6.3,0.6593,0.597,3511.727,3,1
ST-002878,Edtech,Seed,17,30,11.21,4.34,9.9,2.027,7.67,85.2,5.34,0.6011,1.2238,574.624,1,1
ST-002879,Healthtech,Pre-seed,1,46,14.12,2.728,12.625,1.343,54.6,75.62,,2.3045,4.2394,9.72,1,1
ST-002880,SaaS,Seed,8,17,,9.163,132.628,2.396,-16.43,79.75,17.95,0.2211,0.273,116.444,1,0
ST-002881,SaaS,Seed,4,40,3.3,11.669,42.29,5.997,-17.09,77.42,,0.1479,0.5178,32.145,1,0
ST-002882,SaaS,Series A,10,58,19.91,5.916,26.193,5.111,24.09,73.95,3.0,0.4503,2.5906,1163.149,4,0
ST-002883,Healthtech,Seed,9,32,13.81,6.123,37.597,3.598,14.04,60.25,2.29,1.472,2.5182,69.458,1,1
ST-002884,Fintech,Pre-seed,7,16,11.99,1.331,16.317,0.433,10.55,58.08,6.44,0.2919,0.51,27.607,1,0
ST-002885,Healthtech,Seed,6,32,10.21,1.585,14.033,0.505,-22.91,59.6,20.09,0.3682,0.458,309.377,1,1
ST-002886,SaaS,Pre-seed,6,5,8.04,5.468,141.584,1.614,-1.44,68.08,9.28,2.9741,1.6096,38.179,0,0
ST-002887,SaaS,Pre-seed,3,42,4.8,4.841,39.225,2.337,48.04,71.28,6.12,0.2823,0.8536,35.431,0,1
ST-002888,Deeptech,Seed,7,33,4.68,12.967,55.716,7.799,42.96,73.04,4.31,0.1113,0.8802,593.909,2,0
ST-002889,SaaS,Seed,12,19,,23.165,69.398,11.27,32.1,67.26,5.98,0.2987,,36.483,1,1
ST-002890,SaaS,Pre-seed,5,14,2.46,1.154,4.951,0.614,-0.14,66.29,10.25,0.4235,0.8657,33.736,0,1
ST-002891,SaaS,Seed,4,9,4.09,1.653,16.565,0.499,8.5,74.02,7.63,0.3542,0.7793,494.512,2,1
ST-002892,Deeptech,Seed,5,36,6.17,5.101,72.181,2.56,7.05,73.02,,0.622,1.0266,48.814,1,0
ST-002893,Healthtech,Seed,12,18,19.82,1.927,37.738,0.941,1.29,52.65,16.36,0.1274,0.1391,152.023,1,0
ST-002894,Healthtech,Pre-seed,2,44,,2.976,76.207,0.135,5.57,59.61,,0.1009,1.2239,17.462,0,0
ST-002895,Deeptech,Pre-seed,2,5,8.76,9.097,142.303,3.223,14.88,61.09,7.92,0.2913,0.9069,14.375,0,0
ST-002896,SaaS,Pre-seed,6,9,21.03,4.776,68.126,2.614,-13.99,87.78,16.99,0.1083,0.3656,55.464,0,0
ST-002897,Deeptech,Pre-seed,3,8,15.76,12.529,73.179,9.025,41.8,56.79,17.12,0.0304,0.3036,27.946,0,0
ST-002898,SaaS,Pre-seed,2,2,8.16,5.038,32.915,2.427,14.15,86.26,4.99,0.7115,1.8647,29.76,1,1
ST-002899,Healthtech,Pre-seed,9,24,4.92,3.46,24.044,0.642,6.45,73.58,9.85,0.832,1.1038,27.856,1,0
ST-002900,Edtech,Pre-seed,2,7,1.45,2.324,14.346,0.471,-16.1,52.81,14.95,0.1217,0.1379,10.287,0,1
ST-002901,Fintech,Pre-seed,3,9,,7.135,212.757,2.435,33.44,60.49,10.01,0.0332,0.2662,10.232,0,0
ST-002902,Deeptech,Series A,7,13,12.67,7.29,83.087,3.56,-7.88,48.74,15.93,0.0439,0.1697,549.855,3,0
ST-002903,SaaS,Seed,5,16,5.0,0.75,3.571,0.225,25.62,77.92,1.73,1.5949,3.4367,174.527,2,0
ST-002904,Deeptech,Pre-seed,2,39,16.46,7.919,39.259,2.761,-1.5,71.64,9.78,0.2407,0.3878,16.203,0,1
ST-002905,Fintech,Series A,16,30,7.51,22.619,935.535,12.231,16.4,78.7,4.07,0.6139,1.1711,2176.444,2,0
ST-002906,D2C,Pre-seed,4,18,9.95,12.537,154.758,5.716,-9.93,47.05,19.72,0.102,0.3033,21.563,0,0
ST-002907,Deeptech,Pre-seed,7,16,,9.872,151.767,2.539,13.42,66.84,4.17,0.0542,0.4102,46.233,0,0
ST-002908,SaaS,Series A,7,18,16.33,17.683,151.558,4.568,12.37,96.0,2.31,0.7833,1.7252,1538.812,2,0
ST-002909,Deeptech,Seed,23,15,16.65,9.148,20.691,3.091,18.89,44.28,,0.4034,0.5312,83.366,2,1
ST-002910,Healthtech,Pre-seed,1,18,11.49,2.581,9.938,0.919,35.55,55.69,6.71,1.5608,1.5595,18.12,1,1
ST-002911,D2C,Pre-seed,1,37,6.63,3.31,24.714,0.271,27.85,45.02,4.59,0.2237,0.7749,19.117,0,0
ST-002912,SaaS,Seed,18,14,7.96,14.698,90.352,5.742,48.32,86.14,,,1.0588,463.816,2,0
ST-002913,Healthtech,Seed,8,34,28.46,12.381,130.978,5.275,-14.54,68.67,13.93,0.026,0.1979,82.034,0,0
ST-002914,D2C,Pre-seed,5,8,21.8,7.936,187.761,0.919,60.92,36.32,14.12,0.0101,0.1333,19.81,0,0
ST-002915,Edtech,Seed,8,28,8.46,7.022,45.126,5.912,35.24,68.97,4.81,0.1839,0.1591,87.497,1,0
ST-002916,SaaS,Pre-seed,5,36,3.41,2.018,22.781,0.815,7.71,91.3,7.96,0.3788,0.8892,8.553,0,1
ST-002917,Fintech,Seed,8,19,14.65,23.005,529.718,10.434,36.27,54.58,,0.1707,0.3045,109.027,1,0
ST-002918,Agritech,Pre-seed,2,12,5.79,7.668,154.022,7.055,54.1,53.65,10.21,0.0579,0.1178,33.616,0,0
ST-002919,SaaS,Series A,17,33,19.22,16.177,55.828,12.582,37.36,75.25,9.57,0.5437,0.7289,4328.166,4,1
ST-002920,D2C,Seed,9,47,,11.578,185.873,8.046,-5.24,,11.38,0.0365,0.1048,44.789,1,0
ST-002921,Deeptech,Pre-seed,9,28,5.84,8.576,85.563,5.676,17.86,68.8,1.86,2.8957,2.9348,44.866,0,0
ST-002922,SaaS,Seed,19,51,3.12,5.274,81.983,0.921,31.35,,6.59,0.3827,1.2076,104.938,1,0
ST-002923,SaaS,Pre-seed,5,17,24.28,3.199,22.137,1.143,16.34,72.12,9.86,0.8578,4.2139,67.073,0,0
ST-002924,D2C,Pre-seed,2,16,3.96,2.104,11.615,0.264,26.24,58.08,6.6,0.295,0.4864,55.584,0,1
ST-002925,SaaS,Seed,19,8,13.91,6.111,45.222,2.768,26.2,96.0,1.47,1.152,5.5441,125.833,0,0
ST-002926,Healthtech,Seed,3,14,7.2,18.625,284.032,4.42,-5.22,64.16,24.53,0.0742,0.1864,142.589,2,1
ST-002927,D2C,Seed,8,19,5.91,14.216,356.146,11.577,41.93,32.79,,0.0884,0.3762,86.497,1,0
ST-002928,Healthtech,Series A,9,23,5.66,25.392,180.859,22.575,15.92,59.69,,0.2225,0.6279,1108.27,2,0
ST-002929,Fintech,Pre-seed,3,24,18.97,10.389,42.132,4.499,16.06,46.66,1.64,2.9455,3.7095,56.095,0,1
ST-002930,D2C,Pre-seed,6,12,35.0,3.114,15.649,0.898,-1.89,46.68,17.84,0.1276,0.2891,8.98,0,1
ST-002931,Healthtech,Seed,7,16,17.68,3.81,16.471,1.692,10.42,58.77,9.62,0.4357,0.7524,209.321,1,1
ST-002932,SaaS,Pre-seed,5,49,1.81,3.445,27.207,1.259,36.67,90.6,3.87,0.2415,0.9607,17.301,0,0
ST-002933,Healthtech,Pre-seed,2,2,13.96,4.377,14.19,1.951,22.03,,10.49,0.2128,0.4197,7.64,0,1
ST-002934,Deeptech,Series A,9,6,7.24,35.687,247.746,12.845,28.86,67.85,5.53,0.0611,0.2791,4053.013,4,0
ST-002935,D2C,Series A,6,14,7.56,21.478,980.959,12.706,13.29,39.2,8.08,0.031,0.0999,281.267,2,0
ST-002936,Edtech,Series A,9,6,9.42,25.785,290.805,9.351,15.85,65.69,4.65,1.3983,3.666,1117.441,3,0
ST-002937,Fintech,Pre-seed,4,3,8.23,1.221,12.012,0.627,-17.48,52.53,17.45,0.0894,0.2417,7.408,0,1
ST-002938,SaaS,Pre-seed,12,13,11.51,2.171,7.242,0.839,25.22,70.25,14.25,0.133,0.5804,19.545,1,0
ST-002939,Fintech,Seed,5,24,7.01,9.34,97.955,3.221,11.41,76.62,6.85,0.3724,1.3214,187.342,1,1
ST-002940,SaaS,Series A,3,19,14.89,19.988,48.144,10.268,20.66,93.77,2.23,0.7102,3.04,668.519,3,0
ST-002941,Deeptech,Pre-seed,9,21,8.66,27.01,314.32,9.305,-28.17,50.81,24.72,0.3464,0.4072,3.61,0,1
ST-002942,SaaS,Pre-seed,5,26,8.78,1.909,3.341,1.379,70.2,87.71,7.49,0.4838,0.7814,47.183,0,1
ST-002943,Agritech,Pre-seed,4,19,8.12,2.129,43.463,1.493,18.54,60.58,9.51,0.0414,0.0955,15.503,0,0
ST-002944,SaaS,Seed,5,25,13.92,5.448,235.417,2.742,25.2,70.25,17.29,0.1766,0.3418,103.288,1,0
ST-002945,Fintech,Seed,3,17,6.19,5.832,29.365,3.487,23.63,72.97,7.17,1.2038,1.5045,62.696,1,1
ST-002946,Edtech,Seed,21,15,11.54,3.43,8.731,2.132,8.86,67.13,4.78,0.0704,0.3656,80.523,1,1
ST-002947,Fintech,Pre-seed,4,3,8.96,5.383,42.11,0.912,25.86,,4.4,0.8928,0.9782,6.939,0,1
ST-002948,Agritech,Seed,2,31,19.16,13.802,42.088,6.9,40.43,50.67,10.65,0.1839,0.7991,112.163,1,0
ST-002949,Deeptech,Seed,8,22,6.48,12.481,106.069,8.915,19.24,34.56,3.34,0.2017,,86.75,0,0
ST-002950,Deeptech,Pre-seed,8,20,15.09,3.22,19.518,0.241,35.02,59.84,5.63,0.4298,0.7123,45.709,0,1
ST-002951,SaaS,Pre-seed,4,6,10.22,3.349,67.736,1.445,33.15,80.17,3.78,1.6256,0.8859,24.319,1,0
ST-002952,Agritech,Seed,4,12,18.25,3.218,8.09,0.96,30.33,48.34,4.16,0.5055,0.8526,22.3,1,0
ST-002953,SaaS,Pre-seed,2,13,8.76,7.829,28.263,2.552,55.87,63.94,4.38,0.9248,1.2905,44.622,1,0
ST-002954,Deeptech,Series A,6,12,6.04,63.275,1277.094,36.582,21.41,69.01,5.71,1.6764,1.5448,979.629,3,0
ST-002955,Healthtech,Seed,16,22,6.0,2.812,21.677,0.753,13.89,63.45,4.61,0.302,0.9119,55.52,1,0
ST-002956,Fintech,Pre-seed,4,18,,6.141,212.121,2.31,16.11,45.75,1.96,1.7746,5.435,24.95,0,0
ST-002957,SaaS,Seed,2,21,8.27,4.219,44.239,1.397,24.08,96.0,10.19,0.2654,0.825,113.123,1,0
ST-002958,SaaS,Seed,8,31,6.31,7.731,84.953,3.424,-12.9,86.69,21.47,0.1824,0.2294,137.502,1,1
ST-002959,Fintech,Pre-seed,4,19,9.71,4.896,67.486,0.997,46.39,78.14,5.64,0.1459,0.6775,23.873,0,0
ST-002960,Deeptech,Seed,5,39,0.81,4.361,65.943,2.087,10.38,54.74,11.12,0.1283,0.1925,79.747,1,0
ST-002961,Agritech,Pre-seed,2,19,7.3,8.474,67.667,4.407,15.07,51.86,7.69,0.9118,1.0586,31.686,0,1
ST-002962,Deeptech,Pre-seed,2,10,8.45,5.36,46.805,1.765,-10.37,69.71,18.67,0.2092,0.2372,17.383,0,1
ST-002963,SaaS,Seed,12,19,2.18,5.268,180.131,0.739,17.8,86.79,6.04,0.0901,0.1279,69.585,1,0
ST-002964,Healthtech,Seed,7,3,3.77,9.641,58.896,4.346,-12.97,61.48,19.75,0.0695,0.1719,93.593,0,0
ST-002965,Fintech,Pre-seed,5,20,3.96,2.782,30.057,1.216,-18.33,60.98,17.32,,0.6447,8.198,0,1
ST-002966,Healthtech,Pre-seed,4,9,7.96,4.056,30.258,2.401,1.67,34.83,9.1,0.1479,0.2004,15.39,0,1
ST-002967,Fintech,Seed,8,21,6.93,2.657,23.021,2.221,10.32,78.05,2.95,0.1112,0.7175,101.383,1,0
ST-002968,Fintech,Pre-seed,3,10,7.0,0.954,27.037,0.234,-1.01,78.39,8.76,0.3058,0.4631,14.561,0,0
ST-002969,Healthtech,Series A,9,12,2.21,8.447,74.742,2.718,20.0,71.21,10.34,0.1922,0.7837,1403.583,3,0
ST-002970,SaaS,Seed,13,46,15.95,5.036,19.687,2.358,41.25,94.56,6.39,0.3742,0.9085,86.743,1,0
ST-002971,Edtech,Series A,24,16,18.65,3.515,24.892,1.641,18.58,56.81,,0.1301,0.5563,1023.386,3,0
ST-002972,D2C,Pre-seed,2,9,2.77,2.831,72.534,0.22,-29.55,44.2,22.8,0.083,0.2191,25.837,0,0
ST-002973,SaaS,Series A,9,33,6.67,9.638,132.818,4.342,13.61,76.77,2.25,2.5377,5.88,2964.883,3,0
ST-002974,Deeptech,Pre-seed,6,13,6.89,5.72,62.587,1.629,29.2,36.47,2.48,1.7136,3.184,13.407,0,0
ST-002975,Edtech,Pre-seed,12,10,10.77,5.282,46.197,1.891,9.22,60.43,,0.7787,1.0691,10.145,0,1
ST-002976,Agritech,Pre-seed,12,25,5.98,12.174,67.924,5.701,23.63,53.87,0.96,,3.6001,26.766,1,0
ST-002977,D2C,Pre-seed,2,16,15.0,5.513,80.725,3.909,22.56,59.53,8.44,0.4422,0.713,18.298,0,1
ST-002978,D2C,Series A,22,36,3.55,7.317,111.001,3.238,-9.09,53.71,16.12,0.9549,0.6193,583.953,2,1
ST-002979,D2C,Seed,6,40,12.73,12.537,574.946,7.521,40.79,,6.37,,1.0204,70.605,1,0
ST-002980,Deeptech,Seed,12,16,10.55,31.396,314.761,14.817,9.42,68.53,,0.2622,0.5629,52.432,1,0
ST-002981,Healthtech,Seed,10,28,3.06,3.958,45.251,2.292,8.59,66.38,6.54,0.1255,0.369,91.423,1,0
ST-002982,Fintech,Seed,3,41,6.45,4.635,46.893,0.395,24.99,,5.67,0.3382,0.7779,56.373,1,0
ST-002983,SaaS,Seed,9,47,3.35,2.656,21.606,0.354,-18.21,84.31,19.37,0.0828,0.3171,91.836,1,1
ST-002984,Healthtech,Series A,19,17,25.28,11.312,108.177,6.585,40.59,71.97,11.61,0.2071,0.6385,1576.072,4,0
ST-002985,SaaS,Seed,6,34,7.36,9.667,215.88,4.601,-5.13,88.21,11.18,0.1222,0.2587,135.101,1,0
ST-002986,Fintech,Seed,5,5,5.85,29.021,234.221,12.22,53.49,,8.09,0.104,0.3101,283.055,1,0
ST-002987,SaaS,Pre-seed,1,19,1.88,7.33,43.783,3.336,40.66,71.99,2.67,0.7,3.8012,20.461,1,0
ST-002988,Healthtech,Series A,15,11,10.15,22.419,85.955,8.532,-7.22,86.14,11.77,0.4681,0.6192,2530.138,1,1
ST-002989,SaaS,Pre-seed,4,13,6.36,3.987,157.423,2.486,24.0,72.42,2.12,1.6694,1.0524,53.107,0,0
ST-002990,Healthtech,Pre-seed,2,52,12.63,6.136,44.318,1.097,-3.08,64.02,,0.3282,1.4008,12.472,0,1
ST-002991,Agritech,Series A,8,36,20.67,18.01,94.067,6.061,-8.96,24.64,15.85,0.0269,0.0922,2028.554,4,0
ST-002992,Agritech,Pre-seed,4,6,13.78,9.07,114.29,2.092,-35.46,66.83,25.52,0.0182,0.2557,13.069,0,0
ST-002993,Fintech,Pre-seed,3,8,3.8,5.13,36.608,3.635,30.32,77.11,6.03,,0.6577,7.399,0,1
ST-002994,Healthtech,Pre-seed,4,31,5.91,5.589,62.854,3.607,7.41,82.42,15.1,0.2532,0.4925,2.106,0,0
ST-002995,Healthtech,Seed,2,35,2.82,6.607,76.162,4.402,31.99,51.83,3.83,0.8529,2.6315,106.447,1,0
ST-002996,Edtech,Series A,23,41,,13.515,29.098,8.573,18.74,80.83,,0.6319,,496.358,3,0
ST-002997,D2C,Series A,10,26,15.51,12.357,98.489,5.679,-11.57,,20.4,0.1224,0.4196,893.299,2,1
ST-002998,SaaS,Seed,3,32,5.18,3.138,66.222,1.288,33.16,96.0,5.91,0.4244,0.8415,112.604,0,0
ST-002999,Deeptech,Series A,2,20,12.71,41.141,1341.153,11.668,24.9,31.9,5.37,0.1333,0.7064,707.88,2,0
ST-003000,SaaS,Seed,12,16,5.65,21.575,394.977,3.117,5.43,93.89,5.04,0.3271,0.3991,104.435,1,0
ST-003001,Agritech,Series A,14,26,13.6,12.675,514.035,6.244,34.48,52.83,5.36,0.6208,0.9256,1159.496,2,0
ST-003002,Healthtech,Pre-seed,4,10,3.73,5.879,43.811,2.573,11.32,70.92,7.45,0.4289,2.7616,8.431,0,0
ST-003003,Fintech,Seed,11,11,,18.55,300.648,14.104,-1.01,74.62,20.53,0.0302,0.1096,145.83,0,0
ST-003004,D2C,Pre-seed,7,23,25.14,3.653,32.233,0.302,13.0,53.45,4.04,0.301,0.5271,13.123,0,1
ST-003005,SaaS,Pre-seed,4,24,4.01,4.422,144.398,1.61,9.24,96.0,11.49,0.2205,0.5551,40.973,0,0
ST-003006,Agritech,Seed,5,11,15.76,5.815,49.265,1.347,-15.66,72.67,16.77,0.0303,,75.47,0,0
ST-003007,Healthtech,Pre-seed,3,11,11.37,3.116,13.229,0.839,-38.37,69.85,32.77,0.145,0.2902,4.356,0,1
ST-003008,SaaS,Seed,8,25,4.76,10.757,38.946,4.928,50.08,84.82,3.09,2.43,3.562,133.349,1,1
ST-003009,SaaS,Seed,15,24,4.81,10.687,234.898,5.676,39.28,96.0,5.38,0.1216,0.2936,174.481,1,0
ST-003010,D2C,Pre-seed,4,19,6.63,7.87,288.807,1.476,48.04,65.67,3.42,0.1591,0.6562,10.401,0,0
ST-003011,Fintech,Seed,16,12,15.97,9.951,45.722,5.28,34.44,69.84,5.02,0.3113,,104.67,1,0
ST-003012,Deeptech,Seed,8,62,5.82,4.828,31.285,2.234,6.81,59.3,7.51,0.0836,0.3836,266.001,2,0
ST-003013,D2C,Series A,13,18,12.66,32.993,70.744,17.294,10.3,38.08,6.09,0.4536,0.6072,1654.505,2,1
ST-003014,D2C,Pre-seed,17,21,10.47,2.387,10.55,0.477,4.06,52.09,6.96,,0.7521,43.646,0,1
ST-003015,Fintech,Series A,28,12,10.69,11.121,119.362,3.648,25.36,71.07,4.86,0.0435,0.206,4010.532,3,0
ST-003016,D2C,Series A,29,23,25.68,10.133,96.977,5.314,23.93,59.47,6.1,0.5241,0.5756,1790.925,2,0
ST-003017,Deeptech,Seed,4,11,12.0,3.264,6.731,1.246,8.3,78.57,5.91,0.4829,0.5267,423.182,2,1
ST-003018,SaaS,Pre-seed,15,12,10.59,3.298,9.3,1.083,26.2,96.0,3.02,1.8031,2.5824,22.293,1,0
ST-003019,Fintech,Seed,6,23,1.88,15.581,669.718,6.446,39.86,80.25,,2.3925,3.0333,53.084,1,0
ST-003020,SaaS,Series A,9,44,18.62,10.358,289.359,4.423,13.94,80.16,8.88,0.3778,0.5764,882.425,2,0
ST-003021,Edtech,Pre-seed,1,11,13.82,8.897,93.076,3.865,-7.44,63.18,14.35,0.1691,0.1275,12.764,0,0
ST-003022,D2C,Series A,12,26,10.32,37.25,537.131,17.695,23.59,56.88,11.24,0.1756,1.0051,1242.829,3,0
ST-003023,Edtech,Series A,5,29,6.59,23.629,255.371,12.14,-11.68,74.05,15.71,0.2316,0.1971,591.429,1,1
ST-003024,Healthtech,Seed,8,29,1.98,2.202,23.112,0.735,-1.49,71.36,11.06,,0.3276,401.686,2,0
ST-003025,Fintech,Seed,3,6,11.82,28.005,359.368,7.943,21.3,57.83,6.83,0.0393,0.1552,184.87,0,0
ST-003026,SaaS,Seed,19,31,8.35,6.229,14.768,4.067,28.49,71.77,6.89,0.0844,1.1573,44.625,1,0
ST-003027,Fintech,Seed,9,25,24.48,33.4,236.741,22.812,17.5,62.93,10.86,0.3029,0.4396,87.431,1,0
ST-003028,Agritech,Series A,41,26,12.71,8.429,23.458,3.141,-7.27,60.44,10.68,0.3435,0.6107,1576.489,4,1
ST-003029,Healthtech,Pre-seed,2,54,9.11,4.186,38.271,1.139,75.49,63.54,6.59,0.07,0.3978,14.083,0,0
ST-003030,Fintech,Pre-seed,10,10,29.23,5.555,45.98,3.515,6.04,85.38,5.55,1.5237,1.8645,30.061,0,0
ST-003031,Agritech,Pre-seed,1,20,8.32,1.814,12.714,0.709,26.55,41.31,4.65,0.4752,,13.973,0,0
ST-003032,SaaS,Series A,11,59,23.17,4.407,44.659,3.215,1.73,71.46,7.55,0.0591,0.1304,1506.783,2,0
ST-003033,Fintech,Pre-seed,3,32,1.59,0.927,8.909,0.275,-2.74,65.99,12.73,0.1237,0.5401,43.197,1,0
ST-003034,SaaS,Series A,8,19,32.82,118.632,1368.418,82.538,15.09,76.29,2.69,0.125,0.7202,1209.397,3,0
ST-003035,Deeptech,Seed,5,22,15.91,3.445,57.311,1.183,6.21,49.34,4.44,0.6983,1.1651,95.574,1,0
ST-003036,D2C,Pre-seed,2,19,4.36,1.23,6.364,0.564,19.0,49.11,2.55,2.2521,3.1895,9.544,0,0
ST-003037,Healthtech,Series A,5,21,27.3,25.64,92.064,14.781,0.23,64.49,15.32,0.1453,0.1468,590.474,2,1
ST-003038,SaaS,Seed,5,9,1.19,2.651,7.434,1.824,18.33,68.3,7.36,0.4234,0.3822,138.244,0,1
ST-003039,SaaS,Pre-seed,4,13,3.26,1.211,3.669,0.837,1.24,75.62,15.58,0.2444,0.4027,19.318,0,1
ST-003040,D2C,Pre-seed,8,22,11.56,0.511,9.878,0.189,39.61,56.03,1.6,1.1056,2.5957,50.752,1,0
ST-003041,Fintech,Pre-seed,5,13,18.71,6.429,131.23,1.044,23.26,65.14,14.01,0.0779,0.1268,11.858,0,0
ST-003042,Deeptech,Pre-seed,8,16,10.42,2.767,15.62,2.093,14.37,49.07,19.88,0.0434,0.1216,13.265,0,1
ST-003043,D2C,Pre-seed,2,34,2.11,6.437,63.323,0.686,16.65,44.13,2.72,0.1815,0.6874,29.609,0,0
ST-003044,Edtech,Seed,5,19,4.72,6.157,24.439,2.975,7.58,53.61,8.32,0.2485,0.4079,270.198,1,1
ST-003045,D2C,Pre-seed,6,16,5.73,4.308,16.564,1.285,19.51,67.66,3.47,3.0416,5.3544,31.401,0,1
ST-003046,Deeptech,Pre-seed,5,18,11.22,4.314,56.934,1.68,48.45,67.8,7.83,0.1415,0.7292,41.903,1,0
ST-003047,Edtech,Pre-seed,2,12,7.68,2.783,20.381,0.622,5.0,94.06,16.34,,0.1949,60.475,0,0
ST-003048,D2C,Pre-seed,7,27,17.77,2.127,17.049,0.857,20.37,49.12,,0.7612,1.5936,20.958,0,0
ST-003049,Deeptech,Series A,7,12,1.97,12.332,248.131,7.1,-2.12,54.17,9.11,0.2414,0.3688,1610.959,2,0
ST-003050,Fintech,Pre-seed,2,12,12.76,2.367,30.811,1.171,-35.12,58.54,26.91,0.1133,0.4729,25.206,0,1
ST-003051,Deeptech,Pre-seed,5,19,3.29,17.784,122.197,10.337,29.87,63.04,41.17,0.0419,0.0826,34.393,0,1
ST-003052,SaaS,Seed,6,16,20.89,5.556,163.047,1.7,38.15,77.08,8.14,0.8459,0.5674,56.48,1,0
ST-003053,D2C,Series A,7,50,12.86,2.91,22.507,2.532,23.15,37.44,6.68,1.5359,0.9573,532.827,3,1
ST-003054,Agritech,Seed,4,20,7.68,8.19,36.298,4.703,64.53,66.57,9.07,0.2111,0.2939,55.598,1,0
ST-003055,Healthtech,Series A,5,23,6.41,9.522,48.377,3.253,6.45,63.43,12.5,0.1301,0.1575,799.05,1,1
ST-003056,Edtech,Series A,8,14,10.87,12.063,289.692,7.915,-4.81,69.88,14.14,0.188,0.4532,2331.309,2,0
ST-003057,Healthtech,Seed,12,17,17.42,7.303,63.234,0.746,40.36,65.42,4.85,1.6522,1.1471,398.438,1,0
ST-003058,SaaS,Series A,12,35,10.51,41.385,394.482,21.905,40.17,86.54,3.58,0.2831,0.679,2053.994,3,0
ST-003059,SaaS,Pre-seed,7,10,7.65,2.926,91.661,2.057,40.06,62.77,5.68,0.1545,0.1902,17.133,0,0
ST-003060,Fintech,Series A,14,9,4.02,34.387,287.379,6.704,-8.7,,19.64,0.059,0.2679,452.793,1,0
ST-003061,Healthtech,Series A,7,22,7.4,28.329,291.371,15.629,-0.68,83.27,15.46,0.3604,0.5099,1240.186,2,1
ST-003062,Edtech,Series A,4,24,17.5,4.656,52.197,2.858,-20.5,66.49,19.23,0.0941,0.387,1976.371,3,0
ST-003063,Fintech,Seed,4,16,14.18,11.419,155.751,2.129,56.93,72.54,4.68,1.114,2.4503,75.606,1,0
ST-003064,Deeptech,Seed,4,39,19.03,6.634,167.387,1.875,-3.82,66.77,10.09,0.3177,0.5342,379.25,1,0
ST-003065,Fintech,Pre-seed,2,52,3.84,2.181,31.677,0.582,-8.34,63.88,19.09,0.2231,0.2238,11.195,0,1
ST-003066,Edtech,Seed,11,22,2.09,2.731,44.02,0.416,13.31,55.24,6.75,0.7656,1.0431,39.106,1,0
ST-003067,Edtech,Pre-seed,7,13,13.36,6.132,213.126,3.279,19.46,51.97,4.26,0.1758,0.9857,25.282,0,0
ST-003068,SaaS,Seed,25,26,2.61,49.55,186.715,14.911,29.49,70.91,3.92,0.2081,0.4489,114.308,1,0
ST-003069,D2C,Seed,4,40,,4.345,21.442,1.944,12.76,40.43,2.85,0.9642,1.2648,120.867,1,1
ST-003070,Edtech,Pre-seed,10,11,13.64,3.965,46.351,0.364,2.73,58.62,9.69,0.2615,0.7345,8.177,0,0
ST-003071,SaaS,Pre-seed,10,26,10.3,4.824,66.486,2.098,8.69,67.83,13.5,0.1144,0.1921,12.345,0,0
ST-003072,Deeptech,Pre-seed,3,15,3.41,4.082,46.295,0.594,4.33,68.13,6.86,1.829,2.6441,56.454,0,1
ST-003073,Agritech,Seed,8,35,8.37,18.729,74.316,15.475,44.77,68.21,2.25,1.0327,1.7977,175.895,1,0
ST-003074,D2C,Seed,13,11,7.41,37.735,1373.376,10.712,15.37,37.72,5.36,0.2734,1.1688,165.322,1,0
ST-003075,Agritech,Seed,6,42,10.61,4.421,102.339,2.543,28.83,33.17,9.93,0.0541,0.1211,46.095,2,0
ST-003076,Deeptech,Pre-seed,4,19,,20.843,137.432,6.741,12.61,58.65,8.73,0.2575,0.9293,40.233,0,0
ST-003077,Fintech,Series A,7,30,3.9,12.89,374.114,8.161,-24.36,84.66,27.58,0.3688,0.6367,2136.951,3,0
ST-003078,Healthtech,Seed,1,10,,4.409,32.462,3.008,50.0,48.37,3.71,0.3535,0.5413,105.064,2,0
ST-003079,Healthtech,Pre-seed,4,8,7.8,4.187,41.393,0.521,29.19,48.67,8.37,0.0912,,6.122,0,0
ST-003080,Fintech,Pre-seed,2,20,19.77,9.736,35.359,1.824,25.14,41.95,6.21,0.3716,0.4253,11.905,0,1
ST-003081,SaaS,Seed,3,27,9.0,6.855,93.419,2.18,-29.03,84.84,23.99,0.0666,0.1242,207.581,2,0
ST-003082,SaaS,Pre-seed,5,14,12.8,6.561,312.154,1.705,14.08,71.0,5.09,0.2402,1.138,5.154,1,0
ST-003083,D2C,Pre-seed,2,24,20.79,4.768,210.197,1.828,49.39,57.68,8.05,0.2492,0.4232,9.078,0,0
ST-003084,Agritech,Pre-seed,6,8,10.28,9.4,69.346,3.92,44.21,59.97,6.97,,0.5313,10.116,0,0
ST-003085,D2C,Pre-seed,5,6,6.65,5.935,33.081,3.194,12.43,64.44,6.88,0.2304,0.296,14.426,0,0
ST-003086,Fintech,Pre-seed,3,18,18.19,15.676,93.176,10.778,42.61,80.06,7.38,0.4418,1.5323,12.648,0,0
ST-003087,SaaS,Pre-seed,4,7,22.26,2.08,63.269,0.744,49.97,64.57,3.95,0.1289,0.8983,19.721,1,0
ST-003088,Edtech,Series A,5,9,12.15,10.758,202.652,1.301,10.75,63.93,,0.5082,1.3208,3710.1,3,0
ST-003089,Healthtech,Seed,10,12,5.1,8.857,176.424,3.483,43.18,75.53,3.35,0.2606,0.7806,55.469,1,0
ST-003090,Deeptech,Seed,7,26,6.18,6.193,117.64,3.945,42.24,,8.35,0.218,0.8575,87.513,1,0
ST-003091,Deeptech,Seed,7,23,22.11,5.546,179.835,1.22,33.12,53.84,2.19,1.6045,0.6998,138.309,0,0
ST-003092,Deeptech,Seed,9,40,13.61,15.08,342.05,6.1,35.15,58.76,5.03,0.0459,0.2672,61.034,0,0
ST-003093,Agritech,Pre-seed,3,20,6.96,5.729,39.255,1.484,-1.34,51.45,11.86,0.1258,0.361,13.688,0,0
ST-003094,Deeptech,Pre-seed,2,8,1.81,6.484,70.339,2.77,33.48,61.25,7.62,0.1746,0.4176,40.258,1,1
ST-003095,Edtech,Pre-seed,7,23,13.8,7.277,44.642,4.044,14.36,59.52,2.39,1.1678,2.9736,14.832,0,0
ST-003096,SaaS,Seed,10,14,12.2,3.339,68.725,1.617,-3.49,71.7,8.79,3.1703,1.928,50.127,1,0
ST-003097,SaaS,Seed,4,17,13.63,5.576,47.02,4.039,47.43,86.96,3.59,1.1336,4.6956,18.783,1,0
ST-003098,Edtech,Pre-seed,5,11,4.52,1.452,24.535,0.357,14.53,65.03,6.92,0.4872,1.4303,15.128,0,0
ST-003099,Fintech,Seed,14,10,6.68,11.028,105.782,6.346,20.42,91.25,,0.252,,57.322,1,0
ST-003100,SaaS,Series A,20,80,16.71,20.111,91.693,4.117,16.96,69.79,3.39,1.1135,3.3452,439.747,2,0
ST-003101,Deeptech,Pre-seed,3,10,0.78,15.711,265.883,4.332,-15.69,57.36,16.36,0.0573,0.1878,21.548,0,0
ST-003102,SaaS,Seed,2,6,6.62,3.166,16.758,0.308,9.29,67.43,7.07,0.1918,0.3077,383.064,1,1
ST-003103,Deeptech,Seed,3,29,2.42,14.975,81.072,5.27,31.75,62.03,16.76,0.0787,0.4148,84.737,1,0
ST-003104,D2C,Seed,5,5,4.09,21.819,732.188,3.96,15.8,45.72,,0.1795,0.3809,41.66,1,0
ST-003105,D2C,Seed,15,18,15.13,3.772,23.879,3.066,8.09,53.77,8.7,0.2149,0.4125,97.218,1,0
ST-003106,D2C,Seed,4,31,7.57,3.186,13.085,1.687,22.5,40.14,15.57,0.0896,,68.259,1,1
ST-003107,Fintech,Pre-seed,3,6,3.49,1.801,11.572,0.748,39.56,47.77,8.59,0.568,0.7423,27.362,0,1
ST-003108,D2C,Seed,4,20,11.55,12.163,288.739,2.487,-18.82,62.04,20.3,0.1076,0.1828,194.673,1,0
ST-003109,SaaS,Series A,7,20,,8.395,40.024,5.518,11.8,91.9,2.7,,2.8194,841.646,3,1
ST-003110,Deeptech,Pre-seed,4,10,7.36,8.436,189.421,3.39,17.4,68.37,5.22,0.9479,1.9459,37.285,0,0
ST-003111,Fintech,Series A,5,45,9.52,16.354,245.884,12.092,51.16,77.78,7.6,0.2421,,647.038,3,0
ST-003112,Fintech,Pre-seed,8,13,19.1,19.044,392.074,7.609,42.33,69.09,2.73,0.2343,0.5862,34.128,1,0
ST-003113,D2C,Seed,6,29,9.52,13.682,277.418,4.953,-13.49,,20.83,0.0307,0.137,143.968,0,0
ST-003114,D2C,Seed,29,33,6.29,4.349,19.72,2.243,43.64,38.03,4.69,0.1337,0.4783,612.818,2,0
ST-003115,Edtech,Seed,3,18,11.12,5.231,55.172,1.256,12.33,62.41,4.42,0.3839,0.9601,400.768,2,0
ST-003116,D2C,Series A,27,13,11.62,26.208,450.314,12.924,-19.8,60.49,18.18,0.2507,1.3316,642.944,1,0
ST-003117,SaaS,Pre-seed,9,29,5.87,1.787,6.136,0.943,-11.21,96.0,17.27,0.1587,0.2435,25.447,0,1
ST-003118,D2C,Seed,5,18,7.57,18.173,305.286,9.091,44.17,51.61,7.43,0.1453,0.4609,66.949,1,0
ST-003119,Fintech,Seed,5,19,8.18,8.331,253.24,3.414,25.05,31.63,2.69,0.1118,0.4662,87.048,1,0
ST-003120,Fintech,Series A,6,19,,34.21,174.467,14.014,-6.64,,15.7,0.052,0.4091,2022.5,2,0
ST-003121,SaaS,Seed,4,33,0.86,6.416,15.099,2.444,48.74,96.0,8.41,,1.2607,202.854,2,0
ST-003122,Fintech,Series A,10,12,10.71,13.104,148.092,8.061,28.91,64.66,8.15,0.5788,1.0347,844.027,4,0
ST-003123,Fintech,Series A,10,23,14.42,11.648,649.256,4.618,8.62,56.96,7.33,0.3021,0.7019,472.831,2,0
ST-003124,Edtech,Pre-seed,1,8,16.76,11.816,126.351,2.185,23.28,77.57,4.15,0.6266,1.5043,22.886,0,1
ST-003125,SaaS,Series A,42,19,2.25,11.445,46.624,5.399,-4.42,78.1,12.17,0.0539,0.08,476.883,2,1
ST-003126,SaaS,Series A,9,40,2.18,130.065,2473.187,48.786,55.98,78.02,2.23,1.915,4.4605,2559.684,3,0
ST-003127,Healthtech,Pre-seed,4,30,5.23,5.164,68.471,2.442,-7.91,44.63,13.03,0.0976,0.711,10.225,0,0
ST-003128,SaaS,Seed,4,17,12.97,4.005,48.59,3.076,-11.56,63.85,15.53,0.2236,0.1728,70.203,0,0
ST-003129,D2C,Pre-seed,3,20,15.49,1.294,79.768,0.315,21.09,57.2,3.13,1.5161,0.7222,11.747,0,0
ST-003130,Deeptech,Seed,5,23,1.9,27.823,128.448,13.66,76.0,44.4,5.44,0.3171,0.2721,157.565,2,0
ST-003131,Edtech,Pre-seed,4,8,9.69,2.953,32.371,1.818,-12.52,86.46,23.65,0.3455,0.4335,48.784,1,0
ST-003132,Deeptech,Seed,6,27,14.95,20.709,222.991,7.278,32.62,79.94,13.17,0.1863,0.1974,130.986,1,0
ST-003133,SaaS,Pre-seed,6,9,,20.533,233.143,10.801,18.47,70.52,3.56,0.9949,1.3537,12.317,0,0
ST-003134,SaaS,Seed,7,15,10.22,11.96,62.272,6.769,23.89,74.4,13.88,0.1138,0.1338,19.148,1,0
ST-003135,D2C,Pre-seed,6,4,3.04,5.164,17.904,1.931,40.98,55.76,9.64,0.1914,0.5902,31.362,0,0
ST-003136,D2C,Seed,6,29,12.12,18.76,633.63,11.285,1.11,64.8,8.57,0.3305,0.4114,114.677,1,0
ST-003137,Agritech,Seed,7,33,7.26,12.129,411.778,10.158,10.09,53.86,7.59,0.5739,0.6232,82.617,1,0
ST-003138,SaaS,Seed,5,24,6.72,2.977,148.29,1.129,1.02,74.84,10.2,0.4528,0.2921,97.002,1,0
ST-003139,Agritech,Pre-seed,7,16,9.92,9.264,55.027,3.693,46.43,47.75,1.51,0.3181,1.3969,14.502,0,0
ST-003140,Fintech,Pre-seed,5,12,,5.038,48.662,1.214,43.72,69.23,2.38,0.2597,1.427,17.221,1,0
ST-003141,Fintech,Seed,6,30,5.37,30.262,1153.21,1.718,-8.11,62.09,17.19,0.0532,0.1444,154.901,1,0
ST-003142,SaaS,Series A,9,50,,20.391,136.22,12.141,22.0,95.42,2.03,0.7249,1.8111,1487.176,3,0
ST-003143,Deeptech,Pre-seed,4,10,1.88,14.1,88.184,5.099,39.02,50.37,14.22,0.0292,0.103,46.356,0,0
ST-003144,SaaS,Seed,6,18,2.1,6.286,113.346,1.054,-17.89,87.05,,0.1018,0.3975,90.415,0,0
ST-003145,Agritech,Pre-seed,4,8,5.82,1.19,3.232,0.896,46.15,60.38,7.43,0.7014,0.7615,37.498,1,1
ST-003146,D2C,Seed,4,20,8.12,11.643,29.488,7.587,14.13,48.11,2.02,0.6664,1.3042,166.927,2,1
ST-003147,D2C,Pre-seed,6,13,9.53,8.184,543.729,1.388,7.48,45.51,11.34,0.121,0.526,37.944,0,0
ST-003148,D2C,Seed,10,18,24.35,5.196,44.499,3.151,44.83,47.73,8.73,0.7578,1.2243,134.773,1,0
ST-003149,Agritech,Pre-seed,12,25,9.77,3.066,61.044,1.397,40.75,42.42,8.43,0.0877,0.2235,21.555,0,0
ST-003150,SaaS,Pre-seed,3,30,,0.783,4.627,0.379,-11.74,90.52,20.02,0.0783,0.3961,11.405,0,0
ST-003151,SaaS,Pre-seed,6,7,,3.449,41.722,0.98,32.14,80.56,13.75,0.0471,0.5135,4.467,1,0
ST-003152,Healthtech,Pre-seed,1,19,4.3,1.881,20.779,0.585,31.29,60.23,3.28,0.1965,0.8576,10.861,0,0
ST-003153,Fintech,Seed,10,40,10.92,14.476,58.352,3.851,-30.29,55.95,24.76,0.0641,0.0647,31.101,1,1
ST-003154,SaaS,Series A,4,30,12.87,18.014,156.509,3.804,25.78,96.0,3.0,10.0534,14.7197,639.582,2,0
ST-003155,SaaS,Seed,3,11,11.71,7.47,146.232,2.184,6.84,91.43,10.34,0.1691,0.855,80.584,0,0
ST-003156,Fintech,Series A,12,38,9.55,49.522,711.748,34.511,37.71,51.94,4.35,0.6476,0.9167,1582.16,2,0
ST-003157,SaaS,Seed,4,27,9.08,8.789,89.996,3.171,-2.46,88.22,9.24,0.2249,0.9112,117.747,0,0
ST-003158,SaaS,Pre-seed,2,21,3.5,4.434,6.272,2.747,19.58,75.3,5.22,0.9238,6.5068,19.37,1,0
ST-003159,Deeptech,Pre-seed,3,14,6.32,7.537,116.892,3.162,5.76,48.0,4.56,0.146,0.6725,22.203,0,0
ST-003160,Fintech,Pre-seed,6,21,20.78,3.423,27.15,0.737,3.65,59.95,9.22,0.0685,0.5054,41.007,0,0
ST-003161,Deeptech,Pre-seed,2,65,5.27,12.208,70.959,5.326,-28.95,63.71,,0.1819,0.1996,18.274,0,1
ST-003162,Deeptech,Series A,10,7,8.49,11.342,74.483,5.6,36.38,56.42,3.86,3.7676,2.4566,785.448,3,1
ST-003163,SaaS,Seed,5,15,8.1,10.018,119.315,3.267,39.87,81.44,8.95,0.6039,0.8331,77.147,1,1
ST-003164,D2C,Seed,10,16,10.93,18.657,201.273,8.303,17.01,51.12,,0.3014,0.6953,47.723,1,0
ST-003165,Healthtech,Seed,11,3,8.06,4.234,31.817,1.874,23.28,73.33,5.28,,0.2821,137.424,1,1
ST-003166,D2C,Pre-seed,1,48,7.14,1.541,50.416,0.256,1.59,73.43,,0.8064,1.1177,32.654,0,0
ST-003167,SaaS,Seed,12,10,14.64,3.484,29.382,2.03,38.07,79.1,4.87,0.698,1.4625,186.694,1,0
ST-003168,SaaS,Pre-seed,3,8,9.76,14.272,28.328,9.665,22.18,77.33,10.21,0.2611,0.4443,32.749,1,1
ST-003169,SaaS,Pre-seed,4,5,9.09,2.488,16.555,0.478,18.31,83.17,3.44,0.2551,1.009,7.962,1,0
ST-003170,Healthtech,Pre-seed,2,12,5.55,1.95,17.394,1.156,47.9,70.75,4.73,1.7602,4.0862,37.944,0,0
ST-003171,Deeptech,Pre-seed,5,21,,7.784,142.272,1.852,-10.32,70.07,16.04,0.2485,0.3887,13.591,0,1
ST-003172,D2C,Seed,30,19,10.03,1.092,6.609,0.401,-25.28,37.05,21.88,0.0437,0.1868,79.381,1,1
ST-003173,D2C,Pre-seed,4,9,15.57,2.037,8.986,0.722,26.34,74.67,2.01,0.346,5.0986,9.15,0,0
ST-003174,Deeptech,Pre-seed,3,21,18.98,16.55,285.349,3.437,12.62,45.04,12.04,0.1243,0.3855,6.667,0,0
ST-003175,D2C,Series A,9,23,10.59,7.47,90.836,4.423,-9.84,57.8,13.65,0.1407,0.2284,1406.636,2,1
ST-003176,SaaS,Series A,4,42,27.09,11.731,66.292,9.833,17.61,90.27,3.21,2.3285,1.8186,1585.773,3,0
ST-003177,Agritech,Seed,15,13,6.86,8.401,67.047,2.456,23.13,36.58,1.36,1.6921,3.2537,102.406,1,0
ST-003178,Fintech,Seed,8,13,6.83,12.333,266.509,4.46,33.96,70.96,5.17,1.8815,1.9863,72.679,1,0
ST-003179,SaaS,Seed,3,31,17.54,5.036,100.453,2.26,-7.66,62.79,14.97,0.2163,,80.876,1,0
ST-003180,Edtech,Pre-seed,2,8,9.37,5.031,87.693,1.554,8.41,57.88,12.07,0.0292,0.1993,32.824,1,0
ST-003181,Deeptech,Seed,6,7,5.69,32.445,278.273,10.848,21.78,57.26,4.02,0.9326,1.2224,40.348,1,1
ST-003182,Fintech,Pre-seed,7,16,8.31,24.25,16.472,0.838,40.28,69.56,5.79,0.3163,0.4961,12.348,0,1
ST-003183,Edtech,Pre-seed,2,22,3.89,2.395,15.079,1.308,36.11,80.7,8.94,,0.6196,37.772,0,1
ST-003184,SaaS,Series A,20,9,7.45,13.122,39.103,5.654,3.65,74.38,15.15,0.2137,0.3048,612.775,2,1
ST-003185,SaaS,Seed,6,32,3.53,12.23,93.257,4.384,26.4,86.0,6.21,1.4075,1.0323,146.398,1,1
ST-003186,SaaS,Series A,6,8,,14.496,201.069,9.329,3.07,92.18,8.37,0.3296,1.636,2291.536,2,0
ST-003187,D2C,Seed,5,14,9.96,7.08,52.448,0.828,6.83,47.36,12.53,0.1639,0.1511,121.884,0,1
ST-003188,Agritech,Seed,18,19,1.17,2.228,120.843,0.519,8.95,51.94,11.66,0.6626,1.4264,93.416,0,0
ST-003189,SaaS,Seed,3,39,3.57,3.268,16.092,0.596,2.01,65.97,6.63,0.9028,1.8815,80.257,1,1
ST-003190,Fintech,Seed,4,41,4.74,11.46,68.903,3.538,30.93,,6.13,0.1081,0.1863,152.623,2,0
ST-003191,SaaS,Seed,11,21,6.27,5.104,22.725,3.425,35.05,72.75,8.82,0.2303,0.7768,231.155,1,0
ST-003192,SaaS,Pre-seed,4,12,12.18,3.015,30.438,1.549,8.59,96.0,9.24,0.3906,0.3291,114.193,0,1
ST-003193,Healthtech,Seed,4,16,6.11,8.481,58.22,4.268,19.15,78.35,4.28,0.6203,1.7755,78.986,0,1
ST-003194,D2C,Pre-seed,7,46,20.31,21.863,73.334,11.108,8.93,61.73,5.26,0.2333,0.3039,22.037,1,0
ST-003195,D2C,Seed,12,36,5.23,5.423,113.708,0.713,-4.18,52.08,18.89,0.2062,0.4835,122.255,2,0
ST-003196,Fintech,Pre-seed,5,20,1.28,14.136,110.51,9.554,-5.9,73.74,14.36,0.703,0.9316,113.173,0,1
ST-003197,Healthtech,Seed,4,22,3.75,22.835,110.707,15.861,52.21,58.48,4.5,0.2792,0.6826,198.708,1,0
ST-003198,SaaS,Pre-seed,3,17,9.86,6.881,271.902,1.711,1.38,77.9,9.71,0.1742,0.6779,6.589,0,0
ST-003199,SaaS,Pre-seed,5,4,3.87,2.096,29.523,1.313,30.34,59.65,,0.1694,0.3451,41.421,0,0
ST-003200,Deeptech,Seed,3,2,5.12,12.642,255.094,2.776,23.69,60.3,,0.3517,0.6472,56.34,0,0
ST-003201,D2C,Pre-seed,9,14,17.45,3.058,17.4,1.652,-8.02,,19.36,0.1337,0.1805,8.443,0,1
ST-003202,Deeptech,Series A,29,12,20.85,93.563,537.578,45.478,22.9,51.22,6.45,0.0761,0.184,1598.43,2,0
ST-003203,Deeptech,Seed,5,22,2.65,15.393,392.704,10.052,21.7,68.04,6.2,0.6282,2.7141,67.406,1,0
ST-003204,D2C,Pre-seed,5,17,7.09,3.474,16.136,1.531,16.49,61.51,4.45,0.5236,1.1281,8.192,0,1
ST-003205,Deeptech,Pre-seed,8,5,9.7,21.615,273.709,16.138,7.85,45.65,8.99,0.1678,0.9415,29.213,1,0
ST-003206,Edtech,Series A,34,26,15.07,9.664,216.739,3.807,13.94,92.41,2.96,1.0492,2.0114,1363.681,3,0
ST-003207,SaaS,Seed,16,23,6.06,10.992,23.354,7.177,25.43,87.99,5.55,0.0884,0.6976,321.147,1,0
ST-003208,SaaS,Pre-seed,1,19,9.65,6.396,62.083,0.701,-1.08,96.0,8.23,1.4571,0.9255,18.588,0,1
ST-003209,SaaS,Pre-seed,3,11,16.79,4.954,22.082,1.698,47.18,74.43,4.33,1.6081,2.5614,13.639,1,0
ST-003210,SaaS,Seed,9,25,8.49,6.844,84.102,2.731,29.93,96.0,3.7,0.8729,1.1599,47.796,1,0
ST-003211,Fintech,Series A,7,30,0.67,34.922,210.659,15.318,-36.51,75.28,28.2,0.1116,0.2378,387.804,2,1
ST-003212,D2C,Pre-seed,12,21,7.04,2.573,13.952,0.879,12.29,44.77,3.93,0.1622,0.5423,12.005,1,0
ST-003213,Agritech,Pre-seed,11,13,,7.913,28.726,4.048,61.72,39.9,6.75,0.0074,,44.641,0,0
ST-003214,Healthtech,Pre-seed,2,37,4.71,3.78,30.636,1.96,24.51,63.11,3.37,0.4319,1.0567,7.998,0,0
ST-003215,SaaS,Pre-seed,3,33,,10.107,14.842,6.362,1.78,90.57,13.18,0.1394,0.5563,40.143,0,1
ST-003216,D2C,Seed,4,20,1.14,16.479,639.789,6.216,28.93,48.85,12.32,0.2162,0.2923,38.789,1,0
ST-003217,Fintech,Series A,9,16,19.96,28.378,319.977,9.114,-30.48,68.97,23.06,,0.1782,485.524,2,0
ST-003218,SaaS,Series A,9,15,15.69,13.264,386.029,1.712,19.65,76.64,7.16,0.2359,0.8434,724.201,3,0
ST-003219,Fintech,Seed,11,26,21.88,22.066,192.001,15.546,4.97,53.45,7.65,0.3712,0.3185,107.22,2,1
ST-003220,Fintech,Pre-seed,2,6,28.38,7.856,81.718,4.001,17.9,,8.59,0.7906,0.8643,23.542,0,0
ST-003221,Fintech,Series A,2,32,9.42,1.886,9.579,0.577,-13.93,57.77,,0.0834,0.2018,892.334,2,1
ST-003222,Agritech,Pre-seed,1,6,5.63,1.97,33.403,0.381,7.96,62.46,12.0,0.3388,0.7004,23.228,0,1
ST-003223,D2C,Pre-seed,2,15,11.26,4.574,14.956,2.758,-37.84,57.24,27.95,0.0203,0.0539,7.303,1,1
ST-003224,D2C,Seed,4,26,,9.49,295.382,3.893,2.5,66.36,8.96,0.7518,,168.906,1,0
ST-003225,SaaS,Pre-seed,4,9,5.61,6.418,37.691,2.52,19.54,77.85,4.4,1.0109,1.8627,39.626,1,1
ST-003226,Agritech,Series A,5,37,5.49,39.717,829.17,21.525,37.39,51.53,2.61,1.8667,3.6357,1372.649,2,0
ST-003227,D2C,Series A,5,19,,22.673,117.767,14.035,65.75,31.81,7.9,0.0762,0.1986,2096.683,2,0
ST-003228,SaaS,Seed,4,19,5.19,1.648,30.105,0.667,-1.7,75.9,10.11,0.3272,1.3052,192.366,1,0
ST-003229,D2C,Seed,3,5,11.67,8.945,31.673,1.97,26.12,,6.67,0.3065,,30.325,1,1
ST-003230,Edtech,Pre-seed,3,5,3.11,8.146,23.821,2.285,9.95,67.86,5.29,2.9869,3.3654,33.824,0,1
ST-003231,Edtech,Pre-seed,3,3,,3.679,76.517,1.557,10.72,62.82,5.04,0.108,0.3066,31.725,1,0
ST-003232,SaaS,Seed,10,29,18.66,8.555,206.8,2.416,17.37,75.11,8.95,0.9904,0.7294,110.581,1,0
ST-003233,Healthtech,Seed,3,15,31.38,6.212,45.473,2.762,12.17,65.68,2.09,0.9084,2.2261,169.335,1,0
ST-003234,SaaS,Series A,8,38,,28.035,202.903,15.268,53.21,78.71,1.32,1.5556,4.8956,1889.701,3,0
ST-003235,SaaS,Pre-seed,3,2,31.09,2.991,18.527,1.413,10.73,96.0,3.93,1.5364,3.3901,16.132,1,0
ST-003236,SaaS,Pre-seed,6,20,11.79,5.911,35.395,4.319,-7.02,84.78,13.85,0.3554,1.2504,12.343,0,0
ST-003237,Deeptech,Pre-seed,4,3,2.67,8.14,183.738,2.695,20.85,52.13,4.33,1.1472,1.1172,17.496,1,1
ST-003238,Fintech,Seed,12,11,8.95,10.372,97.681,2.186,-7.05,79.92,12.36,0.0143,0.1434,365.033,1,0
ST-003239,Fintech,Seed,3,18,26.96,14.135,34.026,11.133,7.75,56.93,15.24,0.1629,0.2055,297.275,1,1
ST-003240,Fintech,Series A,10,18,20.66,22.094,294.008,5.487,36.26,63.69,10.35,10.9493,4.6271,548.326,2,1
ST-003241,Deeptech,Pre-seed,3,19,6.76,14.998,78.893,8.362,11.79,46.47,1.17,1.4289,1.4295,29.678,0,1
ST-003242,Healthtech,Seed,3,13,1.46,14.434,449.536,5.638,26.43,,3.38,0.0955,1.4787,204.703,0,0
ST-003243,Deeptech,Pre-seed,4,14,11.39,12.64,75.106,6.364,12.6,73.1,6.25,0.3121,1.4579,33.967,1,1
ST-003244,Fintech,Pre-seed,11,8,2.52,3.004,42.485,2.396,22.48,70.06,6.04,1.7494,1.7652,13.722,0,0
ST-003245,SaaS,Pre-seed,2,23,11.18,2.127,21.644,0.571,2.38,62.99,7.75,0.0767,0.3784,6.673,1,0
ST-003246,Healthtech,Seed,6,21,12.08,9.276,67.173,2.936,32.54,58.78,10.78,0.2185,1.1539,37.441,2,0
ST-003247,Fintech,Seed,3,24,20.03,17.111,438.537,7.363,-12.17,70.93,14.55,0.9784,0.8756,168.5,0,0
ST-003248,Agritech,Pre-seed,2,15,1.63,5.203,20.0,4.157,0.18,55.2,10.59,0.1031,0.5242,101.975,0,0
ST-003249,Deeptech,Seed,4,30,,6.668,72.731,3.087,17.21,56.08,4.78,0.2462,0.4331,342.864,1,0
ST-003250,Edtech,Series A,8,17,7.86,21.849,227.453,5.519,31.32,75.46,5.76,0.1738,0.6292,582.96,2,0
ST-003251,Deeptech,Pre-seed,3,16,23.39,3.805,19.658,1.35,21.44,64.44,3.58,0.1863,0.7997,41.946,1,0
ST-003252,Healthtech,Pre-seed,3,70,14.52,7.519,97.613,2.348,27.76,61.33,,0.1326,0.561,29.352,1,0
ST-003253,Fintech,Seed,2,9,9.47,12.261,94.785,2.845,-10.09,70.61,13.68,0.5134,1.0361,223.255,2,1
ST-003254,Edtech,Seed,4,35,,5.529,20.453,4.384,8.86,65.45,7.57,0.577,0.7774,51.883,0,1
ST-003255,SaaS,Series A,14,64,8.42,9.622,66.067,6.193,19.01,82.62,3.58,0.8171,2.6439,1519.132,2,0
ST-003256,Agritech,Pre-seed,2,22,17.57,3.906,29.433,0.271,18.17,54.1,11.22,0.1,0.3923,23.91,0,1
ST-003257,SaaS,Seed,5,3,,7.844,50.158,3.379,-7.21,93.18,13.55,0.4936,1.5373,263.256,2,1
ST-003258,Fintech,Series A,12,12,8.27,8.994,99.341,3.265,-3.71,73.2,13.07,0.0578,0.1275,1569.988,3,0
ST-003259,Healthtech,Pre-seed,2,19,8.57,7.141,126.654,1.241,14.24,63.04,9.39,0.0083,0.0297,25.685,0,0
ST-003260,SaaS,Seed,8,19,5.64,16.993,129.033,5.629,31.18,77.55,5.65,1.2001,0.9563,131.349,1,1
ST-003261,SaaS,Series A,4,48,3.98,26.301,132.031,5.192,58.1,89.29,7.97,0.2151,0.7958,713.104,4,0
ST-003262,D2C,Pre-seed,7,39,4.49,5.082,81.006,1.41,-5.9,51.49,11.08,0.1604,0.3229,18.256,1,0
ST-003263,SaaS,Seed,8,18,9.12,5.344,39.327,1.278,16.56,80.94,,0.1068,0.5056,56.056,1,0
ST-003264,Edtech,Series A,10,23,,13.667,225.079,5.321,-7.41,63.65,13.77,0.0494,0.1262,1110.853,3,0
ST-003265,Fintech,Pre-seed,8,11,10.0,4.737,115.8,1.185,16.49,68.72,8.22,0.1628,0.5537,25.521,0,0
ST-003266,SaaS,Seed,5,25,17.79,8.081,67.945,4.329,7.41,74.66,8.82,0.1375,0.4622,51.066,1,0
ST-003267,SaaS,Seed,4,11,20.89,14.501,58.408,9.908,24.07,66.14,,0.4612,0.8324,54.881,1,0
ST-003268,D2C,Series A,24,21,28.05,13.75,119.082,8.027,-27.75,65.31,26.59,0.208,0.2936,1096.044,4,1
ST-003269,Deeptech,Series A,32,14,,5.844,35.369,2.59,7.02,75.62,11.47,0.2666,1.1264,1161.476,4,0
ST-003270,SaaS,Series A,7,26,,25.171,73.529,20.097,16.28,83.66,1.51,2.5735,7.3081,442.02,3,0
ST-003271,Deeptech,Pre-seed,4,29,12.68,7.959,50.991,3.788,21.3,63.94,,0.5146,1.4162,14.085,0,0
ST-003272,Healthtech,Seed,12,8,,9.878,36.973,5.338,22.39,60.65,4.95,0.2946,1.2341,70.687,1,0
ST-003273,D2C,Series A,10,20,,6.38,27.163,4.81,17.32,53.76,,0.1866,0.6419,489.281,2,0
ST-003274,D2C,Seed,9,39,7.43,4.261,78.489,2.14,41.9,49.37,4.35,0.0789,0.439,282.993,2,0
ST-003275,D2C,Seed,10,46,22.33,4.635,67.62,0.872,43.43,50.32,5.61,1.2488,2.2871,249.054,1,0
ST-003276,Agritech,Pre-seed,3,11,17.63,2.331,24.98,1.779,12.61,41.4,12.51,0.1585,,8.09,0,0
ST-003277,Edtech,Series A,13,15,,8.752,119.892,5.294,3.07,86.84,11.9,0.0325,0.1783,607.705,2,0
ST-003278,Healthtech,Pre-seed,4,1,14.05,1.977,4.585,0.832,21.21,51.03,7.6,0.1879,0.2892,23.874,1,1
ST-003279,Fintech,Pre-seed,2,31,,24.515,93.367,19.13,33.96,77.49,5.16,3.479,4.269,25.406,1,1
ST-003280,SaaS,Series A,5,39,7.44,41.742,1373.182,21.657,14.87,73.45,1.84,0.7577,1.6356,307.813,1,0
ST-003281,D2C,Series A,7,24,5.17,18.144,1017.292,6.4,-8.86,26.6,13.3,0.0156,0.0369,1337.954,3,0
ST-003282,SaaS,Series A,18,67,8.42,13.815,102.064,3.474,34.15,92.66,1.94,0.8861,2.3637,1155.95,2,0
ST-003283,Fintech,Seed,11,19,14.66,37.159,195.251,14.186,23.8,70.12,6.93,0.1329,,167.797,1,0
ST-003284,SaaS,Pre-seed,6,31,23.96,12.418,25.417,3.121,53.93,67.31,,0.6625,2.153,13.13,0,0
ST-003285,SaaS,Seed,8,15,12.77,4.337,22.636,2.389,-0.2,89.62,11.51,0.0856,1.0764,64.854,1,0
ST-003286,D2C,Pre-seed,5,13,5.93,4.841,68.956,2.75,21.99,44.38,6.7,,0.3431,14.318,0,0
ST-003287,Healthtech,Series A,12,27,4.17,14.894,388.274,3.647,23.09,83.39,3.82,0.9962,1.5453,395.928,2,0
ST-003288,Edtech,Seed,8,12,11.28,5.356,23.948,1.3,10.8,51.87,2.92,0.398,1.6393,253.326,1,0
ST-003289,SaaS,Pre-seed,5,26,1.68,3.424,31.013,0.597,-2.9,75.42,11.04,0.3879,0.8715,35.25,0,1
ST-003290,Edtech,Pre-seed,2,17,35.0,3.191,14.189,1.857,22.91,76.4,6.52,0.1902,0.6651,43.678,0,0
ST-003291,Fintech,Pre-seed,2,4,12.6,6.061,26.494,1.551,7.98,63.68,3.79,0.5508,1.5633,11.259,1,1
ST-003292,D2C,Series A,5,41,19.92,17.367,133.06,10.384,14.58,39.39,5.62,2.0707,,173.546,2,0
ST-003293,Healthtech,Seed,12,11,16.93,24.973,483.366,10.944,16.37,65.88,2.49,1.2275,1.7797,176.81,1,0
ST-003294,Edtech,Pre-seed,11,9,12.46,1.899,20.187,0.942,-5.21,79.47,15.31,0.1699,0.4315,9.027,1,1
ST-003295,Edtech,Pre-seed,1,13,,6.81,86.799,2.044,7.88,66.81,4.36,0.4797,1.803,20.289,0,0
ST-003296,Deeptech,Pre-seed,10,21,15.19,2.757,76.83,0.91,8.41,56.02,,0.2551,0.2866,25.136,0,0
ST-003297,D2C,Pre-seed,4,20,6.97,4.803,43.901,2.068,18.41,40.03,2.22,0.1237,0.7016,5.262,0,0
ST-003298,Edtech,Series A,19,48,9.3,26.4,246.952,14.829,23.97,62.41,,0.5262,2.1728,1085.623,3,0
ST-003299,Edtech,Seed,9,23,,9.795,138.947,4.988,22.25,55.1,7.41,0.7061,0.8583,84.675,0,0
ST-003300,SaaS,Pre-seed,9,5,2.82,3.072,13.677,0.619,35.3,95.81,4.52,0.6534,1.498,7.248,0,1
ST-003301,Deeptech,Seed,7,10,9.08,14.06,312.505,3.706,18.79,66.15,1.6,0.4681,1.9384,556.558,1,0
ST-003302,Fintech,Pre-seed,2,5,8.33,17.112,189.322,13.58,58.95,54.19,7.53,0.0767,0.3822,38.041,0,0
ST-003303,Fintech,Pre-seed,4,5,,3.401,33.544,2.131,25.2,62.07,1.46,,3.8541,76.432,1,1
ST-003304,Deeptech,Seed,9,15,13.29,17.222,81.004,10.91,-12.5,66.58,16.27,0.0853,0.1285,38.348,1,1
ST-003305,D2C,Pre-seed,3,31,10.56,8.115,151.528,1.304,8.86,55.52,,0.1103,0.4976,16.234,1,0
ST-003306,SaaS,Seed,9,21,9.07,5.588,158.749,3.248,82.57,81.25,5.24,3.365,3.7015,160.804,1,0
ST-003307,SaaS,Series A,10,30,17.74,49.376,561.488,33.15,-14.14,79.58,16.63,0.0347,0.1182,1170.444,3,0
ST-003308,SaaS,Series A,7,35,15.92,62.974,512.612,16.802,24.04,82.28,4.8,0.8479,1.9419,377.578,1,0
ST-003309,Healthtech,Pre-seed,2,32,16.73,10.176,398.682,3.234,64.45,58.41,2.65,1.4754,2.9689,49.614,0,0
ST-003310,SaaS,Seed,5,12,8.41,16.269,84.518,12.776,-10.24,94.16,16.2,1.6601,0.8316,153.741,1,1
ST-003311,Deeptech,Pre-seed,4,29,6.82,1.722,46.408,1.105,50.35,66.03,17.59,0.018,0.0829,31.008,0,0
ST-003312,Deeptech,Seed,2,31,10.4,4.425,25.606,0.965,48.82,61.49,3.91,0.6521,0.9288,543.812,2,1
ST-003313,Healthtech,Pre-seed,2,12,12.38,4.356,28.096,0.848,11.45,51.32,3.39,0.4776,0.7457,11.161,1,1
ST-003314,Healthtech,Seed,2,12,14.43,5.522,80.731,4.374,-23.69,56.57,,0.0475,0.1494,107.374,1,0
ST-003315,Fintech,Pre-seed,3,14,4.65,8.172,9.428,3.465,30.2,61.43,7.7,0.1039,0.2399,27.043,0,0
ST-003316,SaaS,Series A,21,48,11.84,1.822,102.188,0.507,12.57,78.3,5.31,1.7233,3.9649,686.171,2,0
ST-003317,D2C,Series A,5,41,19.07,23.214,690.0,15.306,10.52,50.27,4.89,0.5096,1.0646,477.856,2,0
ST-003318,SaaS,Pre-seed,6,12,5.14,3.399,17.682,0.974,31.55,96.0,6.9,0.3071,0.4919,3.77,0,1
ST-003319,SaaS,Seed,36,35,1.49,5.002,145.7,1.315,16.21,84.23,2.14,1.2815,1.9666,176.19,0,0
ST-003320,Fintech,Pre-seed,9,24,0.78,20.55,219.649,6.655,-15.83,53.14,17.12,0.1941,0.6567,16.068,0,0
ST-003321,SaaS,Seed,7,25,6.76,5.919,30.634,3.757,13.53,89.78,1.31,3.8387,4.7785,177.43,0,0
ST-003322,Edtech,Pre-seed,7,36,3.98,1.06,6.02,0.04,25.08,52.46,4.7,1.4337,2.1579,62.864,1,1
ST-003323,D2C,Pre-seed,2,19,12.92,5.628,93.066,4.228,27.82,53.28,4.42,0.628,1.4916,27.249,0,0
ST-003324,Agritech,Seed,2,20,11.53,8.951,147.044,6.374,42.8,47.48,9.2,0.0411,0.1418,212.0,1,0
ST-003325,Healthtech,Seed,6,5,1.88,7.823,96.636,3.556,-24.8,69.59,20.71,0.0861,0.1212,60.723,1,1
ST-003326,Agritech,Seed,8,30,18.51,36.949,209.028,3.076,37.16,58.07,9.13,0.1482,0.2002,171.124,2,1
ST-003327,Edtech,Seed,12,11,5.49,7.564,72.88,6.098,7.91,69.15,6.39,,1.1458,52.97,0,0
ST-003328,Agritech,Pre-seed,3,8,4.43,7.369,139.879,5.327,21.35,40.79,7.25,1.3476,1.7308,50.371,0,0
ST-003329,Edtech,Pre-seed,4,17,11.13,4.284,153.763,1.9,35.67,60.41,7.82,0.3106,0.6583,10.429,0,0
ST-003330,SaaS,Seed,7,10,6.39,18.445,130.343,9.662,-0.03,87.88,10.92,1.0441,0.5577,56.252,0,1
ST-003331,Deeptech,Seed,6,24,10.47,9.025,81.75,1.121,7.86,60.23,,0.1404,0.8561,32.643,1,0
ST-003332,Fintech,Pre-seed,4,18,8.13,2.422,12.727,0.143,29.25,88.28,3.58,0.7966,1.7484,6.127,0,0
ST-003333,SaaS,Pre-seed,2,17,19.87,6.695,59.064,2.822,4.98,83.77,,0.5101,0.3656,17.098,0,1
ST-003334,Fintech,Seed,7,18,10.63,12.374,214.837,6.272,22.86,76.79,23.86,0.1768,0.2784,42.588,0,0
ST-003335,Fintech,Seed,7,30,7.45,17.684,736.809,10.781,-6.71,63.82,11.13,0.3172,0.7544,52.591,1,0
ST-003336,Fintech,Series A,8,28,8.86,12.257,202.737,7.128,39.82,58.8,5.2,0.2753,0.5816,1187.063,2,0
ST-003337,Healthtech,Seed,9,24,17.26,12.529,413.029,3.562,31.7,75.81,4.23,0.6661,0.6419,115.428,1,0
ST-003338,Deeptech,Seed,12,12,4.69,3.634,36.5,2.878,-0.17,50.28,,0.1208,0.617,158.491,0,0
ST-003339,Fintech,Seed,9,19,13.39,7.062,134.113,3.632,38.78,52.45,1.96,0.0973,0.3879,52.112,1,0
ST-003340,Healthtech,Pre-seed,2,9,9.21,2.787,18.698,1.146,26.22,48.41,2.71,0.5158,0.5029,41.231,1,1
ST-003341,Fintech,Pre-seed,4,15,9.42,7.442,85.206,2.834,-2.68,72.07,20.65,,0.2635,21.826,1,0
ST-003342,Agritech,Pre-seed,2,10,4.0,2.504,13.856,0.286,31.77,44.66,11.69,0.4413,0.5527,5.725,1,1
ST-003343,SaaS,Series A,11,22,6.79,5.268,150.895,2.298,29.31,65.39,1.98,3.0706,2.8836,2661.722,2,0
ST-003344,SaaS,Pre-seed,2,15,5.82,2.562,44.347,1.982,-15.95,96.0,29.1,0.1293,,15.653,0,0
ST-003345,Edtech,Seed,14,18,9.18,10.005,147.698,3.179,-35.22,42.98,25.91,0.0617,0.2261,73.832,0,0
ST-003346,D2C,Seed,10,30,2.93,8.526,69.542,4.741,7.31,43.49,10.38,0.1498,0.1758,294.185,2,1
ST-003347,Agritech,Pre-seed,8,22,1.35,2.075,64.539,1.688,1.81,69.84,9.59,0.3324,0.8938,16.514,0,0
ST-003348,Healthtech,Series A,19,11,6.36,31.08,988.643,12.366,27.64,63.65,5.82,0.6586,0.5869,1417.612,3,0
ST-003349,Agritech,Seed,5,17,17.48,20.983,976.112,1.441,1.8,79.09,10.37,0.0672,0.2366,73.779,0,0
ST-003350,Edtech,Pre-seed,3,17,12.6,6.531,84.209,2.354,4.65,75.61,12.3,0.4187,0.7805,9.943,0,0
ST-003351,SaaS,Seed,18,13,8.53,1.403,7.939,0.349,53.87,69.03,3.76,1.4951,4.4221,138.446,0,1
ST-003352,SaaS,Seed,6,22,4.24,8.765,30.506,7.092,42.26,90.25,14.97,0.3334,0.3362,47.486,1,0
ST-003353,SaaS,Pre-seed,2,11,0.7,3.483,24.773,2.243,-14.67,75.77,22.47,0.0583,0.5277,14.899,0,0
ST-003354,Fintech,Seed,12,19,5.46,2.303,14.705,2.009,44.2,65.21,4.14,,0.2725,71.839,1,0
ST-003355,Edtech,Seed,7,11,7.72,2.568,10.488,1.695,48.8,55.95,5.23,0.6778,0.2913,26.409,1,1
ST-003356,Fintech,Pre-seed,10,15,,9.257,95.469,2.895,14.47,60.81,5.48,0.0774,0.4004,10.756,0,0
ST-003357,Healthtech,Series A,12,31,11.98,19.414,83.023,10.778,6.19,70.97,,0.2735,0.684,644.339,2,1
ST-003358,Edtech,Seed,6,29,11.78,6.891,28.491,2.725,-23.78,57.02,21.38,0.091,0.2817,109.95,2,1
ST-003359,D2C,Seed,16,20,6.28,4.858,31.921,3.666,-12.29,26.71,19.8,0.0135,0.0404,91.987,1,0
ST-003360,D2C,Pre-seed,1,47,8.05,8.829,83.472,1.417,15.11,52.51,7.2,0.0656,0.2697,18.025,0,0
ST-003361,Fintech,Pre-seed,3,19,7.93,2.148,14.974,1.181,7.55,65.3,5.87,0.9686,1.4941,11.656,0,1
ST-003362,Fintech,Seed,4,29,11.25,5.264,32.45,3.687,8.74,78.12,6.88,0.5205,0.4453,206.942,1,1
ST-003363,Healthtech,Seed,2,37,4.58,7.054,283.977,4.497,23.46,54.56,2.84,2.6443,3.9095,92.997,1,0
ST-003364,Healthtech,Seed,11,13,35.0,2.956,24.52,1.561,53.24,74.24,,0.1701,0.2314,175.995,1,0
ST-003365,Fintech,Seed,4,27,2.91,5.287,14.314,1.677,3.57,75.86,11.97,0.4742,1.0943,96.175,1,1
ST-003366,Fintech,Pre-seed,7,18,4.63,11.183,64.607,6.217,5.1,73.68,8.13,0.5345,1.2088,45.406,0,1
ST-003367,D2C,Seed,8,27,10.17,4.225,47.167,1.035,13.16,33.15,5.6,0.2809,0.4594,95.809,0,0
ST-003368,D2C,Series A,15,37,24.19,260.76,53.04,16.154,8.96,47.34,9.56,0.2922,0.4256,415.386,2,1
ST-003369,SaaS,Seed,5,12,5.91,11.672,121.291,3.598,51.55,91.93,3.7,0.5633,1.9944,57.726,1,0
ST-003370,Edtech,Seed,4,51,4.12,5.76,49.299,0.899,11.83,60.91,5.09,1.7632,2.0198,140.558,1,0
ST-003371,Deeptech,Series A,11,24,7.22,7.898,110.001,2.188,33.58,34.92,7.57,0.0179,0.0672,1048.561,2,0
ST-003372,SaaS,Pre-seed,7,13,13.64,4.038,53.543,0.501,71.82,74.55,2.5,0.7658,1.6963,3.359,0,0
ST-003373,Agritech,Seed,6,4,14.1,1.487,16.846,0.407,52.44,41.57,6.92,0.3176,0.5057,111.661,1,0
ST-003374,SaaS,Series A,7,41,12.56,9.672,55.296,7.892,10.65,75.32,22.03,0.5113,0.611,1148.02,3,0
ST-003375,Edtech,Seed,3,31,25.84,7.747,54.073,3.956,6.16,51.11,4.73,0.0913,0.5179,356.314,1,0
ST-003376,Edtech,Pre-seed,4,14,14.15,6.349,71.419,3.356,-2.62,75.52,15.53,0.1027,0.0759,7.556,1,0
ST-003377,SaaS,Series A,7,8,16.01,12.689,141.255,0.805,16.65,88.69,2.46,0.1343,0.4087,840.547,2,0
ST-003378,Deeptech,Pre-seed,4,17,,3.859,70.0,0.677,-15.66,48.01,15.53,0.1135,0.2387,41.775,1,0
ST-003379,Edtech,Pre-seed,3,6,3.73,2.068,8.562,0.635,64.5,62.24,3.99,0.2234,0.4321,12.164,0,1
ST-003380,Deeptech,Pre-seed,3,29,7.84,4.268,28.97,1.92,6.01,48.4,9.68,0.3097,0.3076,14.462,1,1
ST-003381,Fintech,Seed,7,17,4.7,15.635,240.668,5.312,16.79,73.35,6.96,0.2156,0.2999,22.356,1,0
ST-003382,Agritech,Pre-seed,5,8,5.04,4.566,20.434,1.199,23.19,40.98,4.68,0.0473,0.4916,30.979,0,0
ST-003383,Deeptech,Seed,21,22,6.72,11.273,84.553,4.114,-9.2,,12.87,0.2511,,36.907,1,0
ST-003384,Healthtech,Series A,16,28,11.07,26.734,547.114,7.274,35.51,64.1,4.61,0.5899,2.6072,2109.439,3,0
ST-003385,SaaS,Seed,17,26,23.46,7.392,41.319,2.889,25.94,,1.75,0.8244,3.0082,304.595,1,0
ST-003386,D2C,Seed,4,11,13.27,2.967,59.873,1.974,10.26,66.44,8.99,0.1615,0.4409,187.449,1,0
ST-003387,Healthtech,Series A,4,37,,7.636,72.008,5.901,22.5,55.08,3.99,0.0886,0.5227,1101.411,3,0
ST-003388,Deeptech,Series A,10,21,6.83,33.834,290.054,16.924,12.77,66.06,,0.2891,0.7691,1122.321,3,0
ST-003389,Edtech,Pre-seed,7,3,,1.262,21.45,0.186,17.24,76.71,2.84,0.1411,1.5135,5.356,0,0
ST-003390,Fintech,Pre-seed,6,15,2.73,3.958,44.526,0.923,3.48,52.56,10.92,0.1799,0.9541,48.386,0,0
ST-003391,SaaS,Seed,13,18,14.39,6.806,80.22,1.656,18.57,79.11,1.79,1.204,3.518,115.246,1,0
ST-003392,D2C,Series A,2,22,1.49,7.062,83.068,2.976,23.38,38.42,,0.0815,0.2888,1276.591,2,0
ST-003393,Deeptech,Seed,14,23,9.66,3.447,26.867,1.949,-1.28,67.96,12.83,0.0503,0.1124,58.318,1,1
ST-003394,SaaS,Pre-seed,5,40,17.15,1.656,4.467,1.016,23.58,81.15,4.05,0.1329,0.9585,41.379,0,0
ST-003395,D2C,Seed,2,19,8.93,2.108,36.883,0.937,-24.43,57.79,21.37,0.4944,0.7867,31.157,1,0
ST-003396,Deeptech,Seed,10,20,20.16,17.79,119.766,5.692,42.13,75.95,4.17,0.1193,0.4261,102.614,0,0
ST-003397,SaaS,Seed,7,14,,9.837,254.6,1.588,-9.66,96.0,15.39,0.1498,0.3782,266.405,1,0
ST-003398,SaaS,Series A,13,22,0.66,8.191,38.126,4.755,-21.67,70.2,,0.1715,0.2384,450.881,1,1
ST-003399,D2C,Seed,12,26,2.92,28.990000000000002,95.297,0.592,5.53,,7.23,0.1392,0.4263,174.949,2,0
ST-003400,D2C,Seed,8,27,6.96,17.967,131.137,3.406,20.88,35.01,4.18,2.0767,0.8129,22.098,1,1
ST-003401,SaaS,Seed,3,39,11.11,10.146,201.356,2.306,9.88,94.48,10.04,0.1098,0.4569,100.744,0,0
ST-003402,Agritech,Seed,6,5,5.39,4.347,30.643,2.294,33.22,60.27,3.7,0.3519,2.2466,705.623,1,0
ST-003403,Healthtech,Seed,2,31,,20.844,267.625,6.375,11.17,70.47,3.15,0.618,1.0217,213.786,2,0
ST-003404,Deeptech,Seed,9,28,12.65,12.646,89.361,4.192,12.02,64.04,4.81,0.801,1.4758,185.562,1,1
ST-003405,Deeptech,Seed,15,7,4.46,14.4,91.735,4.677,13.5,53.49,7.02,0.0849,0.1747,68.102,1,1
ST-003406,Agritech,Seed,3,39,4.56,3.21,25.381,1.601,52.29,52.99,5.28,0.0903,0.4093,142.741,1,0
ST-003407,Healthtech,Seed,4,8,2.41,2.976,55.288,0.928,7.8,66.69,7.19,0.0345,0.2175,124.381,2,0
ST-003408,Fintech,Pre-seed,2,22,20.16,1.681,32.22,0.108,70.86,69.24,5.14,0.217,1.1835,20.371,0,0
ST-003409,Edtech,Seed,5,5,,29.135,493.488,10.494,58.33,59.88,4.56,,1.1893,60.126,2,0
ST-003410,SaaS,Seed,8,11,9.63,4.072,35.912,2.051,-8.2,96.0,13.31,0.1293,0.3846,203.492,1,0
ST-003411,D2C,Pre-seed,3,23,3.16,4.245,225.964,1.499,37.72,34.8,3.17,1.5309,0.9602,20.114,0,0
ST-003412,SaaS,Pre-seed,6,23,22.75,5.371,15.166,3.899,5.33,77.4,8.28,0.137,0.279,87.872,0,0
ST-003413,Healthtech,Pre-seed,7,14,4.57,4.56,35.188,1.743,21.39,79.08,6.04,0.5533,2.3469,32.266,0,0
ST-003414,SaaS,Series A,20,45,2.52,12.666,17.935,5.665,-18.29,92.22,19.73,0.1551,0.6511,3562.26,2,1
ST-003415,Fintech,Series A,5,31,4.47,16.827,275.833,8.469,13.55,54.03,1.76,0.5373,1.0982,2499.476,4,0
ST-003416,SaaS,Seed,15,33,4.03,10.439,54.114,4.988,75.47,57.89,8.57,0.2903,0.2,56.973,1,0
ST-003417,Healthtech,Pre-seed,10,15,,2.189,24.049,0.294,2.09,51.67,7.01,0.0892,0.3679,8.451,0,0
ST-003418,Agritech,Seed,16,10,5.33,4.95,27.758,2.849,33.03,,2.32,1.4889,1.9527,94.2,1,0
ST-003419,SaaS,Seed,6,10,9.11,1.407,15.715,0.188,20.1,82.67,2.72,1.8109,,273.883,1,1
ST-003420,Agritech,Series A,6,19,14.28,3.405,35.643,2.813,4.87,51.63,7.32,0.051,0.2313,957.332,3,0
ST-003421,Agritech,Pre-seed,2,9,7.31,1.394,9.377,0.104,44.58,58.33,4.68,0.2536,0.6537,6.711,0,0
ST-003422,Fintech,Pre-seed,2,8,7.35,9.629,136.818,1.198,9.42,,10.05,0.1496,0.6241,10.941,1,0
ST-003423,D2C,Seed,6,6,7.18,6.375,45.495,3.298,16.79,58.49,8.89,0.371,,85.005,1,0
ST-003424,Edtech,Pre-seed,7,13,2.52,5.609,35.391,1.057,24.09,75.33,1.82,1.4644,3.2048,14.567,0,0
ST-003425,SaaS,Seed,14,6,14.03,9.749,215.679,0.989,43.22,58.26,1.77,6.2654,4.9486,159.301,1,0
ST-003426,Healthtech,Seed,5,16,17.24,10.693,105.613,6.935,9.42,63.97,10.55,0.0611,,219.568,2,0
ST-003427,SaaS,Pre-seed,4,4,22.06,1.955,4.088,0.831,66.59,79.64,4.51,0.6289,2.4743,12.202,0,0
ST-003428,Deeptech,Seed,6,16,6.52,12.088,84.105,7.348,-20.05,61.01,18.14,0.1908,0.2358,149.419,1,1
ST-003429,Deeptech,Seed,4,26,21.23,13.756,85.536,1.618,4.99,55.35,10.37,0.1781,0.3523,60.846,1,1
ST-003430,Agritech,Series A,16,14,15.22,63.504,2450.218,28.489,42.06,34.27,9.6,0.0277,0.0952,944.813,2,0
ST-003431,Healthtech,Seed,8,23,3.46,6.912,45.898,1.786,5.64,68.04,,0.7733,0.9364,309.585,0,1
ST-003432,Healthtech,Pre-seed,4,18,4.58,7.842,29.448,5.534,22.69,70.64,3.19,9.1907,6.9157,8.706,1,1
ST-003433,Deeptech,Seed,8,13,9.25,10.476,134.424,3.633,-2.66,37.7,8.47,0.0676,0.1516,83.705,2,1
ST-003434,Fintech,Seed,9,6,7.35,6.016,102.373,1.3,-12.27,87.0,18.41,0.0458,,19.359,1,0
ST-003435,SaaS,Seed,9,41,2.95,13.819,64.937,6.64,6.7,92.33,7.19,2.4768,2.9898,80.861,0,0
ST-003436,Healthtech,Seed,4,31,9.2,34.614,527.666,3.44,33.41,53.11,3.07,0.3749,2.0663,296.555,1,0
ST-003437,Fintech,Pre-seed,7,10,9.36,6.289,79.938,1.731,6.36,55.91,4.72,0.1782,0.5331,12.386,1,0
ST-003438,Fintech,Seed,7,43,15.1,6.1,18.488,2.144,15.65,,5.69,0.5979,3.1977,70.167,1,0
ST-003439,SaaS,Seed,5,30,5.74,10.346,183.851,1.605,7.0,83.42,6.03,0.6336,0.738,90.382,2,1
ST-003440,Healthtech,Pre-seed,4,23,4.69,5.66,33.676,2.281,33.34,69.82,5.5,,0.9711,17.446,1,1
ST-003441,Fintech,Seed,8,8,2.37,49.205,263.766,5.987,-16.12,73.41,21.98,0.2151,0.3216,88.463,1,1
ST-003442,SaaS,Series A,20,31,,24.152,988.201,10.173,13.67,88.45,3.37,,3.4572,1976.361,2,0
ST-003443,SaaS,Seed,3,35,,3.773,17.636,1.961,10.21,69.78,17.95,0.1677,,34.408,1,1
ST-003444,Fintech,Pre-seed,9,17,23.95,13.038,198.287,5.966,-0.08,66.46,10.49,1.0788,2.1888,13.1,1,0
ST-003445,Deeptech,Seed,6,23,14.43,20.016,314.559,7.585,43.08,61.78,7.74,0.295,1.6533,170.436,1,0
ST-003446,Fintech,Pre-seed,3,22,5.77,10.212,14.821,8.998,-17.4,65.4,17.79,0.8458,,13.59,0,1
ST-003447,D2C,Seed,4,37,8.77,10.688,66.034,4.484,25.14,55.12,7.01,,0.3612,146.693,1,1
ST-003448,D2C,Seed,3,24,,16.035,86.913,3.157,27.06,59.85,,0.8918,1.9251,90.724,1,1
ST-003449,Fintech,Pre-seed,1,22,6.48,7.152,139.614,2.445,10.77,58.88,7.9,0.2964,1.9432,8.239,0,0
ST-003450,Agritech,Pre-seed,6,19,9.87,2.955,50.276,1.366,59.89,51.61,21.19,0.032,0.1362,14.502,0,0
ST-003451,D2C,Series A,34,49,24.68,16.37,671.856,10.095,25.08,42.18,2.66,0.5327,0.8916,2480.743,3,0
ST-003452,Healthtech,Pre-seed,1,17,4.01,4.258,18.427,1.814,3.95,58.33,5.16,0.2401,1.6772,3.425,0,0
ST-003453,SaaS,Series A,6,30,19.75,18.098,958.121,7.494,28.93,63.93,3.51,0.7451,1.9321,1370.381,3,0
ST-003454,SaaS,Seed,10,38,10.32,7.824,92.305,5.394,7.61,86.54,8.05,0.2368,0.7955,95.542,1,0
ST-003455,Deeptech,Seed,6,15,14.22,9.132,334.589,2.888,9.01,89.53,6.7,0.4112,1.2261,88.589,1,0
ST-003456,Agritech,Pre-seed,6,43,8.55,3.114,35.194,0.981,42.68,56.6,3.91,0.0403,0.2817,19.343,0,0
ST-003457,Deeptech,Pre-seed,4,11,5.03,5.964,40.776,2.223,30.41,83.18,,1.091,0.5222,33.632,0,1
ST-003458,Deeptech,Pre-seed,3,8,19.08,1.658,8.436,0.471,41.58,72.2,3.84,0.2302,0.7512,12.818,0,0
ST-003459,SaaS,Seed,5,26,6.14,15.45,367.764,7.867,-34.64,73.72,,0.0587,0.5899,234.773,1,0
ST-003460,Agritech,Series A,2,17,13.69,16.729,200.398,5.88,23.55,56.67,,0.916,0.9275,1579.928,3,1
ST-003461,Edtech,Series A,5,48,,8.02,90.761,2.655,48.02,75.64,2.97,1.6651,,1127.749,2,0
ST-003462,Agritech,Pre-seed,7,51,3.81,5.432,106.866,3.018,-4.39,60.06,13.22,0.2869,0.7698,25.422,0,0
ST-003463,SaaS,Pre-seed,8,9,1.51,2.676,55.144,0.418,22.79,74.07,5.52,0.6082,3.1747,25.255,0,0
ST-003464,Fintech,Pre-seed,9,8,7.88,3.612,25.118,1.766,14.5,,,0.1519,0.4356,18.089,1,1
ST-003465,D2C,Series A,13,13,10.33,19.463,202.791,12.863,31.35,66.39,6.41,0.2067,0.4137,1900.801,2,0
ST-003466,Agritech,Pre-seed,1,3,8.76,9.941,137.463,3.144,7.81,34.9,7.89,0.0967,,26.418,0,0
ST-003467,Healthtech,Pre-seed,3,10,2.34,5.662,61.682,1.309,35.97,74.37,5.35,0.7142,1.297,13.949,0,0
ST-003468,Fintech,Seed,14,34,3.86,5.706,94.401,3.839,11.73,80.99,3.74,1.213,2.0656,701.789,2,0
ST-003469,Fintech,Seed,17,27,14.06,7.743,120.555,4.591,74.89,49.15,4.34,0.4909,0.4667,185.529,2,0
ST-003470,Deeptech,Pre-seed,9,14,5.66,11.018,72.949,7.05,26.98,51.09,3.69,0.0247,0.226,20.77,1,0
ST-003471,Edtech,Seed,5,25,9.07,8.699,322.839,0.937,65.93,63.96,5.4,0.1036,0.2676,43.907,1,0
ST-003472,Edtech,Pre-seed,2,6,5.35,6.773,43.571,1.559,32.98,76.64,2.05,0.9775,1.1649,46.089,0,0
ST-003473,Healthtech,Pre-seed,4,17,13.01,6.145,68.611,0.393,11.41,63.08,2.11,0.3981,1.9025,40.361,0,0
ST-003474,Edtech,Pre-seed,4,19,5.39,5.913,46.064,2.521,20.26,60.94,3.23,2.2155,1.1191,16.492,0,0
ST-003475,Healthtech,Pre-seed,10,18,7.41,19.721,128.317,9.231,27.53,63.87,3.02,0.4654,0.4628,5.146,0,0
ST-003476,Edtech,Series A,12,16,16.5,4.704,40.434,2.3,-31.81,71.77,26.94,0.0596,0.1668,4127.147,3,1
ST-003477,Agritech,Seed,6,13,8.89,38.466,853.235,21.875,38.1,,3.58,1.618,3.6094,51.07,1,0
ST-003478,Deeptech,Seed,7,28,4.24,22.478,212.345,11.635,21.45,75.88,6.78,0.3285,1.0927,146.37,1,0
ST-003479,Deeptech,Pre-seed,5,23,11.66,39.576,1770.635,4.475,30.86,58.37,,4.4103,5.6043,10.082,0,0
ST-003480,Healthtech,Seed,9,5,2.34,4.368,29.718,1.955,30.88,71.15,17.81,0.173,0.3006,80.224,0,1
ST-003481,Edtech,Series A,6,7,4.1,16.404,114.973,10.23,-10.79,55.37,15.2,0.1325,0.2679,1024.725,3,1
ST-003482,D2C,Pre-seed,2,49,,4.543,18.977,0.849,21.22,51.99,6.25,0.5697,0.7687,46.34,1,1
ST-003483,Agritech,Series A,24,27,13.23,24.601,110.82,14.328,16.52,46.42,3.42,3.5206,3.9114,3701.885,4,1
ST-003484,Healthtech,Seed,2,22,11.1,12.435,70.069,6.774,-8.28,57.44,13.62,0.1598,1.0132,115.427,1,0
ST-003485,D2C,Seed,17,12,12.31,10.038,66.503,2.564,48.33,64.96,6.36,1.1567,1.3431,403.67,1,0
ST-003486,D2C,Pre-seed,1,13,,7.097,50.28,2.261,58.67,40.76,4.99,0.4329,0.841,13.53,1,0
ST-003487,D2C,Seed,4,14,18.84,7.184,102.788,2.495,9.7,42.35,8.72,0.1577,0.1932,89.95,1,0
ST-003488,D2C,Seed,11,34,9.83,5.352,37.413,2.167,28.53,28.98,9.0,0.058,0.0895,114.604,1,1
ST-003489,SaaS,Series A,10,38,5.6,19.616,439.156,17.326,15.03,72.26,16.49,0.2636,0.2361,2164.53,3,0
ST-003490,Edtech,Series A,4,27,4.38,8.579,98.268,4.838,8.65,48.33,9.18,1.2337,1.2258,2452.967,2,1
ST-003491,Healthtech,Pre-seed,5,18,9.73,4.229,67.391,1.857,9.81,75.96,6.16,1.9139,3.4701,33.497,0,0
ST-003492,SaaS,Series A,11,30,17.85,50.15,27.788,2.084,-10.33,86.05,14.66,0.0724,0.1338,1700.968,3,1
ST-003493,Agritech,Series A,9,25,3.03,13.557,132.366,4.997,23.76,60.87,3.33,1.3645,3.7262,789.045,2,0
ST-003494,Healthtech,Seed,4,28,,4.544,60.272,1.986,4.2,68.11,7.68,0.2865,2.5719,102.88,1,0
ST-003495,SaaS,Pre-seed,4,35,7.41,3.767,61.638,0.387,31.65,71.45,5.66,0.8991,2.3834,47.265,1,0
ST-003496,Agritech,Pre-seed,3,15,16.15,1.624,38.826,0.157,9.58,60.99,10.99,0.1802,0.2975,21.571,0,0
ST-003497,D2C,Pre-seed,17,9,2.06,3.994,12.972,2.595,-5.81,45.88,14.73,0.8693,0.4288,16.05,0,1
ST-003498,D2C,Pre-seed,3,18,24.01,7.741,465.534,2.346,4.4,,7.88,0.1682,0.1653,10.5,1,0
ST-003499,Edtech,Series A,8,17,7.34,8.111,377.94,4.757,23.21,36.96,2.49,0.0547,0.3941,2185.987,2,0
ST-003500,Agritech,Pre-seed,3,5,1.71,1.812,20.738,1.157,11.39,38.87,3.46,1.4617,5.3604,27.742,1,0
ST-003501,Edtech,Seed,19,10,2.97,11.415,205.123,1.553,-2.31,59.25,12.53,0.09,0.2534,71.614,2,0
ST-003502,Healthtech,Seed,2,37,26.15,17.114,238.939,5.423,50.84,66.37,6.91,0.0946,0.3104,119.504,1,0
ST-003503,SaaS,Seed,8,21,12.07,10.026,60.062,2.398,-11.49,64.67,19.92,0.1749,,102.355,1,1
ST-003504,D2C,Pre-seed,3,13,6.75,2.897,7.874,1.53,45.89,73.01,8.64,0.8783,2.5248,26.128,0,0
ST-003505,D2C,Seed,3,23,29.9,4.93,22.351,2.065,40.68,61.89,2.78,2.0125,3.9567,29.919,0,0
ST-003506,Healthtech,Seed,4,15,9.55,6.984,15.999,5.302,35.6,77.32,3.34,0.225,1.0642,89.118,2,0
ST-003507,Edtech,Seed,8,38,15.52,6.231,299.007,1.045,33.05,82.81,8.2,0.3484,0.7236,58.192,1,0
ST-003508,Agritech,Pre-seed,2,48,3.82,1.025,7.067,0.376,2.31,57.99,13.79,0.3379,0.4576,12.195,0,1
ST-003509,D2C,Seed,7,15,6.56,3.823,109.944,2.027,5.41,35.59,8.13,0.1946,0.5447,133.358,1,0
ST-003510,Fintech,Pre-seed,11,15,9.44,12.816,77.981,7.487,58.91,73.04,12.65,0.371,0.6358,58.914,0,1
ST-003511,Deeptech,Seed,7,24,5.98,13.298,121.378,8.338,39.23,52.58,,0.0605,0.203,128.207,2,0
ST-003512,D2C,Seed,3,9,18.69,18.769,177.708,9.93,27.59,45.45,7.39,0.1688,0.3925,94.012,1,0
ST-003513,Deeptech,Pre-seed,2,4,11.83,12.423,66.347,6.382,6.66,,8.67,0.0598,0.2596,12.234,0,0
ST-003514,Deeptech,Series A,8,40,2.96,17.519,868.189,8.884,-2.97,51.8,9.04,0.708,0.8803,325.352,1,0
ST-003515,Deeptech,Pre-seed,3,13,,4.827,60.471,1.122,-5.74,51.23,11.42,0.0501,0.317,14.762,0,0
ST-003516,D2C,Series A,11,18,4.47,29.806,1108.595,13.947,1.1,58.57,9.96,0.1926,0.5719,1738.104,3,0
ST-003517,Healthtech,Series A,12,29,12.02,29.328,464.066,12.586,10.08,53.99,13.68,,0.183,1223.36,3,0
ST-003518,SaaS,Pre-seed,11,9,5.95,7.853,279.176,0.845,22.25,78.6,10.79,0.2023,0.8882,14.742,0,0
ST-003519,Healthtech,Pre-seed,4,12,1.71,4.584,54.401,1.053,44.03,62.07,3.32,0.6458,2.3341,63.603,0,0
ST-003520,D2C,Pre-seed,2,7,10.71,4.488,36.181,1.879,63.67,54.39,8.79,0.0467,0.1637,18.004,1,0
ST-003521,Healthtech,Series A,21,8,5.71,14.13,44.993,8.314,47.4,71.05,2.98,1.0575,3.2585,465.313,2,0
ST-003522,Agritech,Seed,14,15,20.44,6.541,155.833,1.659,-9.21,44.69,11.28,0.035,0.1279,293.323,1,0
ST-003523,SaaS,Pre-seed,4,9,3.36,2.355,59.095,1.523,2.89,63.6,19.68,0.0756,0.1483,32.659,0,0
ST-003524,Fintech,Seed,5,11,4.7,9.452,219.216,3.361,-2.72,82.07,8.44,0.4329,1.4595,380.686,2,0
ST-003525,Edtech,Pre-seed,6,16,6.83,3.025,25.743,0.572,41.95,42.24,0.96,1.2758,2.0688,33.405,0,0
ST-003526,Edtech,Seed,5,30,11.13,4.673,95.3,1.794,34.08,71.47,5.77,0.7473,1.0292,178.087,1,0
ST-003527,SaaS,Seed,2,30,,13.061,45.19,7.624,7.39,81.48,6.37,0.5498,0.9091,383.881,1,0
ST-003528,SaaS,Pre-seed,5,25,6.56,1.397,7.007,0.239,17.01,84.88,6.12,0.4864,0.364,12.396,0,1
ST-003529,Agritech,Series A,18,16,9.64,16.603,136.145,5.582,21.09,55.39,14.67,0.7944,0.8188,766.419,2,1
ST-003530,Edtech,Pre-seed,9,15,2.21,1.748,11.269,0.416,31.08,64.38,8.77,0.8639,1.6064,8.472,0,1
ST-003531,SaaS,Seed,4,14,4.75,4.013,63.221,1.691,44.15,81.08,6.89,1.5679,1.2646,413.185,2,1
ST-003532,SaaS,Seed,7,13,6.07,4.268,88.049,1.417,22.46,,3.01,0.9761,1.7369,35.741,1,0
ST-003533,Edtech,Series A,12,16,,17.482,104.631,13.097,12.26,69.94,3.74,0.3876,1.5315,272.998,1,1
ST-003534,SaaS,Seed,7,10,12.94,1.454,64.653,0.429,26.78,51.42,6.99,0.8123,1.5098,40.958,2,0
ST-003535,D2C,Series A,11,27,27.11,16.781,162.046,6.07,12.25,47.24,3.89,0.3546,0.6314,1044.822,2,0
ST-003536,Agritech,Pre-seed,4,30,4.97,3.667,100.223,0.921,28.06,60.8,7.95,0.2066,0.4253,24.881,0,0
ST-003537,SaaS,Series A,11,17,11.98,7.039,80.834,1.14,12.75,74.06,5.69,2.0233,,1142.865,3,1
ST-003538,Healthtech,Pre-seed,6,10,18.63,5.278,59.633,1.071,44.69,68.09,4.46,0.0944,0.232,23.708,1,0
ST-003539,SaaS,Seed,13,5,18.03,3.085,27.789,1.448,44.99,93.23,9.59,0.3452,1.2473,110.192,1,0
ST-003540,Fintech,Pre-seed,2,23,4.0,5.046,97.8,1.635,15.51,69.03,4.34,0.3328,1.4057,13.537,1,0
ST-003541,Deeptech,Series A,9,6,17.37,8.913,91.115,4.686,60.29,59.36,2.26,2.2276,3.7164,812.543,1,0
ST-003542,Healthtech,Series A,8,24,3.07,74.334,314.519,15.24,20.9,,10.27,0.0425,0.2533,1532.231,2,0
ST-003543,Deeptech,Seed,4,12,3.01,21.295,360.378,14.51,26.97,56.98,5.02,0.111,0.2982,98.348,1,0
ST-003544,SaaS,Seed,2,17,8.72,8.824,124.179,0.695,48.31,87.47,4.39,,1.6925,219.607,2,0
ST-003545,Fintech,Seed,6,21,6.04,5.015,187.345,2.917,60.6,,,0.2379,0.4409,73.333,0,0
ST-003546,Edtech,Pre-seed,5,17,21.5,2.784,6.43,2.271,44.34,62.75,3.59,0.3488,2.0483,22.079,0,0
ST-003547,Edtech,Seed,6,32,1.64,5.493,53.742,1.837,25.01,72.71,22.8,0.2399,0.3981,79.284,1,0
ST-003548,Deeptech,Seed,6,5,8.81,13.632,36.343,8.439,10.15,61.91,3.24,2.4661,7.1407,270.467,1,1
ST-003549,SaaS,Seed,8,30,15.71,9.845,124.539,2.608,24.73,87.13,6.16,1.3196,3.0744,320.094,2,0
ST-003550,Agritech,Pre-seed,9,18,1.5,4.173,48.931,2.008,32.18,34.73,,0.5688,0.58,17.187,0,1
ST-003551,Agritech,Series A,8,39,6.34,16.661,575.075,9.864,25.35,56.65,7.97,0.0722,0.4526,476.178,2,0
ST-003552,Healthtech,Pre-seed,2,16,15.43,4.096,64.858,1.489,14.78,45.38,4.07,0.8957,1.6491,43.198,0,0
ST-003553,Fintech,Seed,6,8,,12.765,77.26,8.0,2.14,65.04,14.99,0.4004,,319.272,2,1
ST-003554,Healthtech,Pre-seed,12,15,8.2,2.924,20.549,1.718,23.74,84.33,4.12,0.8339,1.1116,37.781,0,0
ST-003555,Fintech,Pre-seed,2,23,16.5,2.421,56.213,0.553,5.5,74.24,6.88,0.0468,0.1802,7.074,0,0
ST-003556,Agritech,Pre-seed,6,25,11.39,13.425,34.591,5.267,-16.1,55.59,18.74,0.1899,1.2506,14.264,0,0
ST-003557,Edtech,Pre-seed,8,15,4.81,4.58,88.152,0.228,0.41,57.8,,0.6541,0.8389,21.726,0,1
ST-003558,Deeptech,Seed,1,17,23.91,42.041,282.776,12.705,7.99,74.97,11.36,0.2663,0.8181,157.146,1,0
ST-003559,Healthtech,Seed,8,22,7.33,7.275,48.77,4.532,0.77,66.42,7.75,0.4145,0.6891,92.566,1,1
ST-003560,Healthtech,Seed,9,32,,50.302,583.205,33.197,21.75,37.48,8.53,2.7606,1.3786,118.73,1,1
ST-003561,D2C,Seed,5,15,8.51,8.216,30.676,4.004,-9.45,,19.16,0.0862,0.314,61.096,1,0
ST-003562,Edtech,Pre-seed,3,20,7.81,7.747,15.728,5.464,-5.74,70.01,16.18,0.1018,0.1188,8.811,1,1
ST-003563,Deeptech,Pre-seed,3,41,11.12,6.122,109.734,1.88,44.77,55.52,4.82,0.2033,0.7329,7.701,0,0
ST-003564,SaaS,Seed,5,62,12.43,8.321,43.348,4.63,36.37,93.91,3.77,1.017,3.3468,56.475,1,0
ST-003565,Deeptech,Seed,5,32,2.33,10.541,126.926,4.248,23.15,45.58,6.68,0.7427,1.2813,187.798,0,0
ST-003566,Agritech,Seed,5,17,6.89,4.767,63.377,2.356,46.07,53.91,5.73,0.1991,0.5824,229.72,2,0
ST-003567,Agritech,Pre-seed,3,7,11.44,7.188,28.388,3.168,3.14,45.09,6.37,0.4214,1.6851,13.62,1,0
ST-003568,Edtech,Series A,21,28,8.3,12.376,90.046,4.551,30.56,68.73,8.49,0.3066,0.2325,1332.311,2,1
ST-003569,Agritech,Pre-seed,2,36,5.65,6.453,30.734,3.692,13.97,45.95,3.38,0.3061,0.8627,23.931,0,0
ST-003570,Fintech,Seed,2,19,13.84,19.122,29.197,10.667,47.67,68.65,3.45,0.4138,1.3027,41.902,1,0
ST-003571,D2C,Pre-seed,8,29,13.77,11.213,72.587,7.27,22.75,64.61,9.32,0.5379,1.0753,113.7,1,0
ST-003572,SaaS,Seed,6,32,0.08,10.007,110.982,2.64,-2.16,64.62,12.33,0.1643,1.0568,84.974,1,0
ST-003573,Fintech,Pre-seed,3,16,9.69,1.755,13.878,1.122,46.47,90.65,4.56,1.485,3.9333,20.538,0,0
ST-003574,Edtech,Seed,6,31,11.07,5.164,25.457,4.053,7.97,96.0,5.98,0.0451,0.4405,32.279,1,0
ST-003575,Fintech,Pre-seed,4,7,6.92,5.114,14.554,1.25,-6.95,62.47,13.46,,0.3962,24.559,0,0
ST-003576,Fintech,Seed,5,18,9.11,10.065,28.641,3.473,48.25,83.38,4.93,0.0549,0.4178,199.717,1,0
ST-003577,Agritech,Pre-seed,5,21,7.32,9.169,45.161,5.703,31.16,61.86,13.04,0.0993,0.3746,29.875,0,0
ST-003578,Fintech,Seed,3,20,10.82,22.605,309.48,6.929,-1.93,,8.33,0.4913,2.4202,170.693,1,0
ST-003579,D2C,Pre-seed,3,8,5.76,3.649,25.693,1.735,15.54,39.62,21.54,0.3216,0.632,17.449,0,1
ST-003580,SaaS,Pre-seed,1,26,5.93,22.191,151.879,0.966,14.93,71.6,19.49,0.0441,0.4025,18.392,0,0
ST-003581,D2C,Seed,13,25,7.35,6.035,223.16,1.815,-2.56,42.74,11.05,0.3233,0.3685,159.612,2,1
ST-003582,Agritech,Pre-seed,3,18,11.0,2.927,54.01,0.573,-0.31,47.32,11.49,0.0368,0.2783,5.731,0,0
ST-003583,Edtech,Pre-seed,6,33,11.93,1.546,31.939,0.243,15.62,,5.57,0.3444,0.7252,9.122,0,0
ST-003584,D2C,Series A,14,36,19.67,4.836,86.161,2.69,35.34,39.34,,0.9923,0.9525,557.944,2,0
ST-003585,Deeptech,Series A,14,5,,9.38,54.106,2.898,32.21,69.07,5.43,0.1484,0.5149,351.529,3,0
ST-003586,Agritech,Series A,10,26,1.27,27.014,498.738,15.675,3.14,68.99,10.51,0.1871,0.4128,571.137,1,0
ST-003587,Edtech,Pre-seed,5,18,13.78,5.79,272.143,3.525,35.18,57.02,9.95,0.126,0.4445,8.971,1,0
ST-003588,Edtech,Seed,3,16,8.64,3.442,49.1,1.524,47.49,93.85,1.63,0.313,2.607,73.362,1,0
ST-003589,Agritech,Seed,3,5,1.55,7.305,80.022,4.426,-1.84,36.21,11.22,0.3269,0.3582,292.494,0,1
ST-003590,Fintech,Pre-seed,4,10,,9.307,27.911,3.984,33.11,54.96,5.73,0.3601,2.304,8.843,0,0
ST-003591,Agritech,Seed,4,4,16.41,1.572,11.124,0.805,16.49,31.24,4.15,0.2397,0.9137,116.36,0,0
ST-003592,Fintech,Pre-seed,9,49,5.76,18.655,350.01,6.218,11.95,48.13,1.89,0.2825,1.1512,10.019,0,0
ST-003593,Agritech,Series A,13,23,9.62,27.784,417.413,20.594,15.02,64.55,5.14,0.7506,0.5471,1057.19,3,0
ST-003594,SaaS,Seed,4,26,4.85,13.244,72.031,3.43,33.23,76.71,3.65,0.1902,0.6206,115.35,1,0
ST-003595,SaaS,Seed,5,10,3.54,17.558,291.623,5.372,-10.32,81.48,14.62,0.0804,0.3879,86.378,1,0
ST-003596,Deeptech,Seed,7,5,14.83,2.634,16.659,0.564,16.2,53.99,4.98,0.0506,0.4413,46.306,1,0
ST-003597,Agritech,Pre-seed,4,12,5.28,3.032,58.351,2.002,9.99,37.22,2.84,1.3882,1.1803,7.954,0,1
ST-003598,Deeptech,Pre-seed,5,11,6.71,14.795,272.748,4.526,18.12,38.37,4.24,0.2128,0.406,16.167,0,1
ST-003599,Deeptech,Seed,7,23,8.51,11.395,295.33,7.128,12.29,32.87,3.38,0.0182,0.2585,117.196,0,0
ST-003600,Edtech,Seed,3,16,4.78,11.099,71.506,6.676,0.4,62.88,7.95,0.2337,0.1416,105.51,1,1
ST-003601,Fintech,Seed,2,61,34.12,28.298,564.896,10.071,55.77,71.48,6.71,0.2537,1.2732,267.177,1,0
ST-003602,SaaS,Pre-seed,3,30,13.6,6.402,75.185,1.585,-37.29,70.23,26.04,0.0254,0.0723,58.928,0,1
ST-003603,Edtech,Seed,9,43,,5.401,100.727,1.328,28.15,40.58,6.89,0.4143,0.6377,77.695,1,0
ST-003604,SaaS,Pre-seed,3,16,15.65,5.839,37.465,3.419,29.82,90.63,8.34,0.2745,0.5033,18.457,0,0
ST-003605,Deeptech,Pre-seed,8,18,9.82,1.795,8.979,0.646,19.32,68.1,4.69,0.1061,1.3204,9.319,0,0
ST-003606,SaaS,Series A,10,46,10.62,20.147,358.609,6.432,20.51,64.82,9.46,0.1178,0.496,845.455,2,0
ST-003607,SaaS,Seed,14,15,7.44,12.676,229.944,3.058,29.53,67.05,19.21,0.135,0.292,537.247,1,0
ST-003608,Fintech,Seed,13,25,6.61,11.12,57.768,2.843,5.13,74.8,10.28,0.772,1.106,335.383,2,1
ST-003609,SaaS,Series A,19,19,15.66,32.665,668.696,13.662,7.0,58.9,6.59,0.0923,,415.943,3,0
ST-003610,SaaS,Pre-seed,2,22,3.48,4.714,59.214,2.573,11.05,65.09,,0.7246,1.4123,7.28,0,1
ST-003611,D2C,Series A,10,11,17.94,16.52,108.355,9.579,24.73,62.3,1.63,3.7947,5.0534,909.101,2,0
ST-003612,Fintech,Seed,13,14,8.98,37.314,527.101,15.082,27.0,,19.47,0.0876,0.1812,194.221,1,0
ST-003613,Healthtech,Seed,7,23,2.46,4.449,39.199,0.459,-5.83,61.7,,0.0887,,68.802,1,0
ST-003614,Deeptech,Pre-seed,5,20,1.94,16.291,215.16,13.451,16.48,43.25,5.9,0.2825,0.5979,6.722,0,0
ST-003615,Healthtech,Pre-seed,2,25,4.9,11.913,58.175,4.025,4.94,73.88,5.41,0.0976,0.7453,15.975,0,0
ST-003616,D2C,Seed,20,9,5.53,14.259,420.78,9.701,-3.33,45.33,15.87,0.0146,0.0591,104.65,1,0
ST-003617,Fintech,Pre-seed,2,18,2.02,3.892,81.682,2.014,7.94,77.41,7.32,0.196,0.3832,57.51,1,0
ST-003618,SaaS,Pre-seed,1,5,11.43,4.937,105.301,0.881,-5.61,74.38,13.08,0.0515,,28.403,0,0
ST-003619,Fintech,Seed,5,16,12.64,5.59,245.275,3.851,-21.48,53.56,19.56,0.0912,0.1772,180.693,1,0
ST-003620,Deeptech,Seed,1,20,12.19,7.641,275.539,3.084,18.16,54.82,2.99,,0.5569,225.114,1,0
ST-003621,Healthtech,Pre-seed,2,15,14.66,5.088,126.33,0.791,37.67,51.8,3.26,,,17.131,0,0
ST-003622,Fintech,Seed,30,46,5.89,5.28,217.484,1.742,9.93,60.38,2.94,0.977,1.6899,425.471,2,0
ST-003623,Edtech,Series A,8,24,10.33,10.529,110.444,6.349,34.28,55.72,5.62,0.111,0.5455,936.391,2,0
ST-003624,Agritech,Seed,3,27,14.57,3.075,25.006,1.502,32.59,36.1,12.55,0.0249,0.1174,61.637,1,0
ST-003625,D2C,Seed,6,23,11.53,12.415,281.185,6.965,-1.87,54.61,12.95,0.2562,0.3204,353.258,2,0
ST-003626,Healthtech,Seed,4,19,9.68,28.773,328.307,7.925,-0.95,66.29,9.33,0.1499,1.0661,81.404,1,0
ST-003627,Deeptech,Pre-seed,7,22,18.37,29.08,566.862,17.409,-12.24,45.0,17.68,0.0145,0.0474,9.376,1,0
ST-003628,D2C,Pre-seed,2,18,,1.924,9.966,0.801,22.82,65.68,1.07,2.5506,1.5079,12.171,0,0
ST-003629,D2C,Series A,12,24,6.3,8.014,68.161,3.867,25.55,37.9,13.44,0.0366,0.0984,2383.752,3,0
ST-003630,SaaS,Seed,3,17,8.97,7.128,28.351,1.464,16.2,89.32,3.61,0.1999,0.7,34.216,1,0
ST-003631,SaaS,Seed,31,15,8.95,13.358,73.345,3.652,0.03,51.21,12.48,0.0711,0.1051,148.26,0,0
ST-003632,Deeptech,Series A,14,17,8.7,20.533,409.076,4.825,13.07,52.83,4.84,0.0743,0.8219,891.726,3,0
ST-003633,Healthtech,Pre-seed,4,17,2.17,10.056,31.186,7.024,32.28,40.61,7.0,0.3253,0.4216,19.837,1,1
ST-003634,Edtech,Pre-seed,3,16,15.84,5.405,26.497,1.792,30.12,55.5,19.32,0.0488,0.1624,10.58,0,0
ST-003635,Healthtech,Seed,4,40,10.31,2.695,17.17,0.893,26.97,65.58,1.45,2.6654,3.9355,84.685,1,1
ST-003636,SaaS,Pre-seed,2,6,0.68,4.358,13.867,3.471,24.26,83.3,5.81,0.664,1.0115,28.368,1,0
ST-003637,Agritech,Seed,4,47,1.45,3.024,42.047,1.06,40.19,41.62,5.9,0.121,0.3009,331.745,1,0
ST-003638,SaaS,Series A,29,12,18.26,10.227,397.777,5.838,-5.92,80.55,,0.2554,0.3468,1144.851,3,0
ST-003639,Agritech,Seed,4,19,5.45,5.484,87.163,4.49,3.37,53.41,7.39,0.3447,0.6338,169.408,0,0
ST-003640,Healthtech,Pre-seed,1,20,,8.565,60.66,2.176,-2.07,54.04,15.45,,0.1064,59.722,0,1
ST-003641,Fintech,Seed,3,11,3.68,10.596,147.467,1.442,7.53,73.5,7.05,1.1906,0.9718,550.949,2,1
ST-003642,SaaS,Pre-seed,7,7,35.0,2.992,21.803,0.54,48.29,81.58,5.0,0.0606,0.1134,17.458,1,0
ST-003643,Agritech,Series A,9,21,7.65,63.885,2039.875,11.552,-1.43,44.11,10.64,0.0338,0.3029,568.735,3,0
ST-003644,SaaS,Pre-seed,4,23,5.65,2.199,19.528,1.281,1.94,96.0,9.39,0.6111,0.9688,5.24,0,1
ST-003645,SaaS,Series A,21,36,15.09,18.883,168.637,5.401,-21.28,75.68,23.1,0.0543,0.12,8440.004,4,0
ST-003646,D2C,Seed,4,9,3.2,13.6,232.877,6.584,29.32,34.27,6.95,0.3312,0.8117,175.767,1,0
ST-003647,Fintech,Seed,9,18,16.44,12.203,235.888,1.703,15.15,76.92,,0.5886,4.2203,290.274,2,0
ST-003648,Fintech,Seed,4,6,7.11,5.662,59.035,2.658,45.02,72.95,4.19,0.4961,1.5224,160.577,1,0
ST-003649,Fintech,Pre-seed,6,9,,2.849,37.741,1.623,46.66,43.73,9.03,0.9405,1.2039,5.303,0,0
ST-003650,Agritech,Seed,5,36,9.82,11.514,261.278,1.98,-7.67,28.31,22.71,0.0681,0.0517,92.131,2,1
ST-003651,Fintech,Series A,9,27,6.77,43.935,2875.814,5.599,12.75,71.32,13.27,0.6172,0.7727,436.53,1,0
ST-003652,SaaS,Series A,17,15,2.16,14.765,469.878,5.752,40.86,72.31,12.69,0.4878,1.2147,1257.267,3,0
ST-003653,Fintech,Pre-seed,6,30,8.9,2.185,11.844,0.368,1.75,69.41,10.53,0.1989,0.2123,6.704,0,1
ST-003654,SaaS,Seed,6,13,4.36,8.063,142.771,0.45,36.31,75.69,9.11,0.1209,0.6593,335.626,1,0
ST-003655,Fintech,Series A,8,23,8.73,61.599,3134.882,25.12,-38.06,71.89,30.21,0.0325,0.0598,653.981,2,0
ST-003656,SaaS,Series A,27,7,14.2,7.429,65.615,5.195,12.91,,3.26,0.6836,3.7745,577.8,2,0
ST-003657,SaaS,Seed,9,12,11.52,6.367,295.822,2.947,2.49,59.4,,0.9298,1.6586,24.357,1,0
ST-003658,Edtech,Pre-seed,3,18,0.51,3.833,195.921,2.06,39.49,53.99,4.44,0.4565,0.6087,4.018,1,0
ST-003659,Deeptech,Series A,7,25,6.29,52.016,316.672,19.632,6.2,73.63,11.34,0.3894,0.475,699.662,2,1
ST-003660,SaaS,Pre-seed,7,12,5.02,2.853,20.844,1.366,34.36,84.92,7.93,0.1725,0.5498,12.387,1,0
ST-003661,SaaS,Pre-seed,4,15,5.51,5.92,53.095,2.35,28.15,87.73,4.71,1.6775,,14.322,1,0
ST-003662,Deeptech,Seed,6,28,9.32,33.768,88.706,21.6,-0.19,81.63,10.24,0.0992,0.3053,40.266,1,0
ST-003663,Deeptech,Pre-seed,4,14,5.73,2.228,71.798,0.522,35.82,69.15,3.37,0.7461,0.784,17.781,0,0
ST-003664,D2C,Series A,12,28,4.3,6.262,84.589,5.372,25.59,47.39,4.13,0.5352,1.2989,736.16,2,0
ST-003665,Fintech,Pre-seed,4,11,2.78,5.271,14.64,2.206,-14.54,53.72,17.44,0.1056,0.2163,15.43,0,1
ST-003666,Edtech,Seed,13,19,6.06,14.263,184.71,6.009,26.65,80.19,6.05,11.3247,,82.253,1,0
ST-003667,SaaS,Series A,22,7,13.51,19.478,100.355,9.232,4.26,95.48,9.05,1.4577,3.4388,1330.474,2,0
ST-003668,SaaS,Series A,14,17,13.95,33.111,340.042,15.837,23.96,83.46,3.14,0.7699,3.1487,462.668,2,0
ST-003669,Fintech,Series A,24,24,9.94,6.075,3.802,5.144,19.5,88.42,3.77,0.528,3.5037,813.438,3,0
ST-003670,Healthtech,Series A,10,22,1.17,23.593,206.782,14.917,35.42,66.11,4.69,0.4634,1.8148,2008.183,3,0
ST-003671,Fintech,Pre-seed,6,11,9.29,0.726,10.935,0.422,37.1,68.72,6.71,2.0402,1.6653,55.309,0,0
ST-003672,Healthtech,Series A,19,13,19.65,47.815,254.706,36.062,-2.27,76.21,10.6,0.6085,,356.927,1,1
ST-003673,Fintech,Series A,19,24,3.0,48.702,123.666,27.621,3.35,73.44,6.29,0.0978,0.4151,1595.517,3,0
ST-003674,Fintech,Seed,11,18,5.88,8.527,112.327,1.042,10.38,76.39,3.4,0.8377,,164.433,1,0
ST-003675,Agritech,Pre-seed,6,19,13.59,0.729,7.576,0.164,39.58,28.34,6.02,0.2127,0.7247,31.166,1,0
ST-003676,Deeptech,Pre-seed,13,10,1.34,5.57,210.086,1.317,8.71,61.95,8.13,0.2353,0.3945,11.358,0,0
ST-003677,Fintech,Seed,4,26,5.97,24.131,247.747,20.132,22.42,62.5,3.56,1.6115,3.5569,298.982,1,0
ST-003678,Healthtech,Seed,6,9,22.47,12.934,128.561,4.948,34.67,56.78,2.82,2.3288,2.5888,60.011,1,0
ST-003679,Fintech,Pre-seed,3,5,20.9,21.346,95.261,4.024,18.15,65.39,2.21,0.3187,0.9203,3.835,0,1
ST-003680,SaaS,Pre-seed,3,31,21.0,3.374,35.776,0.705,53.51,74.34,2.28,0.6003,1.0472,22.213,0,0
ST-003681,D2C,Seed,2,10,6.04,36.232,1759.74,19.098,4.24,55.88,7.72,0.0284,0.2065,93.887,1,0
ST-003682,SaaS,Pre-seed,9,17,,0.974,8.858,0.68,28.43,68.67,2.01,2.6799,4.5846,13.148,0,1
ST-003683,Edtech,Series A,5,19,9.53,7.804,185.596,3.01,22.41,47.04,5.49,0.1431,1.5204,1413.943,3,0
ST-003684,Edtech,Pre-seed,4,32,4.17,1.446,2.169,0.454,19.75,65.31,6.73,0.1706,0.5458,17.281,0,0
ST-003685,SaaS,Pre-seed,2,22,5.16,7.092,86.597,3.994,-27.73,96.0,21.34,0.1661,0.3363,12.054,0,0
ST-003686,SaaS,Pre-seed,6,5,10.92,1.745,13.416,1.031,11.3,76.15,3.08,1.6006,2.3495,20.634,0,0
ST-003687,Fintech,Series A,6,48,1.21,42.681,615.867,12.188,-22.52,65.01,21.31,0.2147,0.4374,1589.576,3,1
ST-003688,Deeptech,Series A,5,36,7.29,38.905,550.043,20.609,3.63,54.75,7.14,0.2568,0.4442,1225.624,3,0
ST-003689,Healthtech,Pre-seed,4,12,8.82,5.702,77.474,0.67,15.46,90.63,5.59,0.727,1.6772,8.856,0,0
ST-003690,Fintech,Pre-seed,2,7,12.3,5.191,43.135,1.446,65.39,78.32,8.85,0.3203,0.629,34.635,0,0
ST-003691,SaaS,Seed,4,21,1.65,3.743,32.412,0.804,31.38,75.36,4.44,0.0629,0.4015,268.742,1,0
ST-003692,Healthtech,Pre-seed,4,18,7.35,7.712,31.908,0.626,-4.62,60.68,9.84,0.3441,1.2732,23.911,0,1
ST-003693,SaaS,Seed,10,6,14.74,5.53,47.706,1.832,19.71,73.3,,0.2871,1.2608,498.482,2,0
ST-003694,Healthtech,Pre-seed,2,17,26.25,8.663,142.132,4.878,25.86,83.45,4.11,0.2665,1.3235,16.717,0,0
ST-003695,D2C,Seed,3,30,4.17,24.556,214.926,8.696,17.62,31.04,6.81,0.112,0.1953,79.258,1,1
ST-003696,Edtech,Pre-seed,4,16,18.07,2.925,65.963,0.353,17.39,56.19,19.26,0.126,0.1296,8.745,0,0
ST-003697,Fintech,Seed,9,18,,27.779,124.579,11.423,3.86,77.73,6.77,0.0991,0.2951,103.628,1,1
ST-003698,SaaS,Seed,15,17,19.98,9.117,25.047,4.559,23.08,96.0,3.27,0.412,0.9591,199.694,2,0
ST-003699,SaaS,Pre-seed,2,9,1.3,6.379,49.769,1.258,22.49,81.78,5.91,0.2472,0.5189,13.266,0,1
ST-003700,Edtech,Pre-seed,3,29,12.82,1.41,26.61,0.649,31.27,63.93,8.26,0.0359,0.3851,19.588,0,0
ST-003701,Deeptech,Pre-seed,8,12,17.8,3.924,13.841,0.982,34.63,58.38,16.32,0.2098,0.7135,45.154,0,1
ST-003702,Fintech,Pre-seed,13,18,8.05,3.391,164.409,0.324,33.94,68.81,3.92,,2.0495,21.29,0,0
ST-003703,Healthtech,Series A,5,10,6.47,48.169,3063.58,6.527,16.25,86.09,3.02,0.3916,1.0838,1059.312,3,0
ST-003704,D2C,Pre-seed,2,14,,3.385,65.979,0.876,13.6,52.8,3.16,0.1236,0.3857,9.107,0,0
ST-003705,SaaS,Pre-seed,5,21,16.89,6.525,50.253,0.836,32.57,77.92,3.88,,0.7645,9.423,0,0
ST-003706,SaaS,Pre-seed,3,12,4.35,3.93,27.067,1.059,-0.26,86.37,10.22,0.4801,1.8478,12.801,1,1
ST-003707,Fintech,Seed,4,16,4.09,8.301,37.288,5.241,-36.43,78.3,28.76,0.3031,0.3337,35.66,1,1
ST-003708,D2C,Series A,12,22,0.86,5.541,43.048,3.468,-22.49,37.58,21.65,0.0836,0.1139,386.754,1,1
ST-003709,Edtech,Seed,16,24,7.48,1.77,17.867,0.539,-23.86,69.8,19.59,,0.2638,59.019,1,1
ST-003710,D2C,Seed,3,20,2.49,6.541,16.401,4.251,27.31,48.26,2.06,2.3344,4.1072,88.009,0,0
ST-003711,Agritech,Series A,26,56,7.59,11.448,193.561,7.566,16.79,39.34,4.7,0.2489,0.6181,2328.192,4,0
ST-003712,D2C,Pre-seed,3,31,3.68,2.315,11.261,0.508,33.54,43.33,3.21,3.8225,5.4092,13.36,0,1
ST-003713,Deeptech,Series A,12,17,5.33,26.204,192.659,8.611,24.87,,3.54,0.3975,1.1865,4244.476,4,1
ST-003714,D2C,Seed,17,33,6.02,34.323,266.477,6.065,37.29,42.52,8.33,0.0672,0.1921,70.405,1,0
ST-003715,Agritech,Pre-seed,5,4,9.17,11.187,158.532,2.742,40.74,72.58,7.32,0.587,0.1669,5.907,0,1
ST-003716,Agritech,Seed,5,16,9.69,7.226,191.535,3.65,35.35,52.21,4.05,0.2449,1.3424,68.089,1,0
ST-003717,D2C,Pre-seed,6,5,6.8,4.414,15.368,3.48,37.3,51.82,9.02,0.116,0.3691,30.972,0,0
ST-003718,Agritech,Pre-seed,3,22,5.76,5.882,96.77,5.017,51.4,59.22,9.37,0.1155,0.2368,23.051,0,0
ST-003719,Deeptech,Series A,14,18,5.28,27.373,116.271,19.75,57.72,57.27,11.05,0.4834,0.6487,2684.658,4,1
ST-003720,Edtech,Pre-seed,3,7,1.91,5.633,34.077,1.622,18.57,62.11,12.34,0.1276,0.461,40.709,1,0
ST-003721,D2C,Seed,11,29,16.91,9.88,236.489,3.339,47.77,64.39,,0.5077,0.7744,170.499,1,0
ST-003722,Healthtech,Series A,4,12,4.18,18.977,73.721,4.393,1.76,79.48,14.43,0.2982,0.518,392.633,2,1
ST-003723,Agritech,Seed,3,27,8.25,4.439,23.219,3.371,4.41,61.98,7.83,0.2834,0.5362,120.284,0,1
ST-003724,Edtech,Pre-seed,2,18,2.88,4.558,24.029,1.134,51.82,65.78,10.11,0.5399,0.9671,34.021,0,1
ST-003725,Agritech,Seed,6,17,12.62,1.38,10.924,0.63,17.64,55.86,4.36,0.5291,1.028,78.932,1,0
ST-003726,Agritech,Series A,4,35,8.42,16.3,115.752,11.467,-20.98,43.05,20.88,0.1491,0.1165,495.815,1,1
ST-003727,Deeptech,Pre-seed,3,8,10.21,1.396,4.234,0.219,-8.17,59.09,12.47,0.2953,0.8932,17.533,0,1
ST-003728,Fintech,Pre-seed,2,4,2.78,6.522,97.778,3.34,0.77,55.05,8.17,0.1702,0.2292,25.521,0,1
ST-003729,D2C,Seed,16,9,10.56,3.967,64.522,1.281,-9.17,56.77,16.5,0.0437,0.0911,86.596,1,1
ST-003730,D2C,Series A,5,56,1.34,38.583,1045.023,13.16,25.25,66.1,8.77,,0.3629,499.695,3,0
ST-003731,Deeptech,Pre-seed,2,9,4.83,6.596,60.642,0.397,-1.13,45.59,9.05,0.0445,0.1009,42.948,1,1
ST-003732,Deeptech,Pre-seed,4,12,3.11,6.193,54.019,2.228,11.13,77.3,11.21,0.081,0.166,7.627,0,1
ST-003733,Healthtech,Series A,29,46,8.33,23.535,519.773,12.371,1.25,69.89,15.27,0.1646,0.2877,1043.635,2,0
ST-003734,Healthtech,Pre-seed,4,12,,2.571,33.997,0.689,-11.67,54.44,17.66,0.096,0.2417,7.894,0,0
ST-003735,SaaS,Pre-seed,4,22,11.76,8.951,122.814,5.059,-10.65,84.81,19.55,0.0657,0.2677,22.256,0,0
ST-003736,Deeptech,Seed,14,43,20.07,19.524,204.467,16.687,34.64,74.92,,0.7887,2.2128,239.562,2,0
ST-003737,Fintech,Pre-seed,7,20,8.58,3.624,33.347,1.405,23.86,81.63,2.19,0.4305,1.9732,31.521,0,0
ST-003738,D2C,Pre-seed,5,15,12.79,1.956,22.756,0.539,-48.0,61.29,32.49,,0.0347,19.303,0,0
ST-003739,Agritech,Seed,4,29,15.47,5.195,47.101,4.024,2.17,47.91,14.68,0.2479,0.4252,27.117,1,1
ST-003740,Edtech,Seed,8,4,15.35,6.017,88.522,1.086,34.25,56.68,10.4,0.0582,0.3843,385.967,1,0
ST-003741,SaaS,Seed,3,15,2.66,3.384,11.891,2.666,27.36,81.98,2.52,2.3047,4.0912,40.763,1,0
ST-003742,SaaS,Pre-seed,3,32,4.1,2.776,39.881,0.509,61.63,83.32,2.5,4.0075,3.9781,14.462,0,0
ST-003743,Agritech,Seed,15,12,14.32,4.44,69.229,0.995,10.09,49.64,3.9,0.802,2.1262,300.246,2,0
ST-003744,Healthtech,Seed,14,3,20.21,7.665,59.922,2.407,23.39,56.28,1.62,0.4065,1.3486,55.423,1,0
ST-003745,SaaS,Series A,13,24,3.87,12.307,196.264,5.592,-4.54,70.9,11.45,0.0233,0.1928,590.714,2,0
ST-003746,D2C,Seed,2,26,4.34,11.026,385.154,2.398,-16.98,55.83,20.52,0.0475,0.1909,135.328,1,0
ST-003747,Fintech,Seed,3,16,,10.202,135.265,2.258,23.15,60.22,0.87,0.8727,,42.803,1,0
ST-003748,Deeptech,Series A,7,31,5.76,29.305,332.171,16.78,5.75,66.86,,0.3111,1.6217,1049.506,2,0
ST-003749,Fintech,Series A,9,26,14.91,22.857,183.938,21.174,69.97,64.71,,0.3944,0.623,1303.645,3,0
ST-003750,SaaS,Pre-seed,2,65,12.35,3.352,8.421,0.604,4.65,,12.01,0.1735,0.564,28.409,0,0
ST-003751,SaaS,Series A,9,34,16.26,23.157,207.059,10.646,5.16,69.03,9.58,0.1431,0.22,211.419,1,1
ST-003752,Healthtech,Series A,30,26,6.42,2.355,121.426,0.992,15.7,67.41,5.32,0.2283,0.5634,2213.709,4,0
ST-003753,Edtech,Pre-seed,5,3,5.52,2.622,24.962,1.195,36.75,63.96,9.65,0.0626,0.1505,16.023,0,1
ST-003754,D2C,Pre-seed,4,10,4.4,2.686,15.653,0.721,34.97,36.15,6.7,0.077,0.221,11.902,1,0
ST-003755,Edtech,Seed,3,10,19.9,7.086,81.591,2.413,-19.38,64.48,19.33,0.043,0.2866,114.482,0,0
ST-003756,Fintech,Seed,2,40,2.78,6.318,46.695,2.645,42.95,58.51,,0.1291,0.7123,138.875,1,0
ST-003757,Fintech,Seed,3,9,2.49,14.81,223.286,3.822,12.07,50.66,2.27,1.164,2.6964,157.911,1,0
ST-003758,Fintech,Seed,2,16,8.76,16.816,223.034,5.37,-40.75,76.3,33.24,0.1661,0.3032,69.403,0,1
ST-003759,Deeptech,Pre-seed,4,19,5.45,2.207,22.332,0.889,17.06,45.37,6.87,0.1487,0.755,56.795,0,0
ST-003760,SaaS,Pre-seed,5,11,15.55,4.531,67.269,2.242,-4.38,86.99,13.48,0.1154,0.3103,99.971,0,0
ST-003761,Deeptech,Series A,6,18,2.31,8.723,44.003,2.672,38.85,83.14,5.28,0.123,0.6713,1449.197,3,0
ST-003762,Fintech,Pre-seed,4,18,6.93,7.356,95.553,2.905,24.24,57.66,13.27,1.6871,0.8532,26.282,1,1
ST-003763,SaaS,Seed,15,12,1.57,5.281,73.087,3.617,38.09,87.13,9.37,0.2219,0.5226,153.756,2,0
ST-003764,Fintech,Pre-seed,13,17,6.14,2.918,17.574,1.953,42.07,63.53,11.08,0.0626,0.333,18.79,0,0
ST-003765,SaaS,Seed,10,29,8.62,2.156,37.721,0.99,5.91,84.74,9.56,0.5818,0.6097,59.35,0,0
ST-003766,Agritech,Seed,6,13,7.67,6.361,67.356,3.271,20.75,32.51,9.73,0.0942,0.0831,51.25,1,0
ST-003767,Healthtech,Pre-seed,6,7,7.3,2.011,7.344,1.018,40.87,67.5,6.49,0.7513,0.6812,24.756,0,1
ST-003768,Fintech,Seed,14,45,,3.428,7.353,1.873,20.17,69.15,4.6,0.1416,0.3543,79.555,2,1
ST-003769,D2C,Seed,2,45,3.7,8.87,35.103,7.123,-1.8,74.52,14.53,0.4141,0.6128,139.039,1,1
ST-003770,D2C,Pre-seed,10,15,10.36,8.139,79.71,1.157,47.33,25.52,,0.1078,0.3218,32.641,0,0
ST-003771,Deeptech,Pre-seed,3,16,7.1,7.943,517.159,1.427,17.53,52.68,9.91,0.0598,0.259,43.364,0,0
ST-003772,Deeptech,Seed,4,20,6.21,4.088,49.181,1.532,-1.03,,8.74,0.0866,0.1309,110.014,1,0
ST-003773,D2C,Seed,5,15,11.14,7.031,52.24,2.939,55.73,57.68,4.34,0.3897,1.2652,224.906,0,0
ST-003774,Agritech,Seed,8,18,9.1,11.096,197.886,4.922,-24.51,50.64,20.9,0.4383,1.068,75.963,1,0
ST-003775,Agritech,Seed,3,5,10.8,6.162,52.52,2.244,1.5,65.91,24.47,0.2127,0.1323,92.669,1,1
ST-003776,Edtech,Pre-seed,3,6,25.34,4.291,111.793,0.664,4.95,67.71,6.82,,0.7188,28.117,0,0
ST-003777,D2C,Pre-seed,5,12,7.05,2.956,105.737,1.038,35.43,49.49,4.86,0.7613,2.4595,30.477,0,0
ST-003778,SaaS,Seed,7,13,2.57,5.601,82.922,1.257,8.14,62.95,3.37,2.3737,8.0949,58.935,1,0
ST-003779,D2C,Seed,8,9,3.79,4.825,14.925,1.631,1.12,54.43,,0.0961,0.0889,44.54,1,1
ST-003780,Deeptech,Series A,8,21,19.79,34.087,306.368,20.144,35.91,74.68,3.13,2.0749,4.3792,472.93,3,0
ST-003781,SaaS,Pre-seed,6,23,6.03,6.272,55.369,2.026,33.41,71.1,11.99,,0.057,30.791,0,1
ST-003782,Agritech,Seed,12,12,12.38,4.558,205.085,1.683,9.46,47.14,,0.0384,0.0869,95.736,1,0
ST-003783,Deeptech,Seed,12,4,7.65,19.722,366.989,6.322,20.4,42.42,2.85,0.0874,0.297,136.764,1,0
ST-003784,SaaS,Pre-seed,5,18,,1.381,3.542,1.161,-6.67,87.11,17.09,0.3514,0.2906,21.373,1,1
ST-003785,Healthtech,Seed,11,15,9.03,7.839,266.798,3.171,10.69,61.21,2.67,0.3286,0.3917,124.734,0,0
ST-003786,Deeptech,Seed,11,29,4.61,4.322,38.22,2.338,14.03,66.92,,,2.056,90.215,1,0
ST-003787,Deeptech,Pre-seed,20,5,5.08,2.647,28.201,0.438,-10.19,57.15,13.88,0.1233,0.3186,20.309,0,1
ST-003788,SaaS,Pre-seed,8,7,7.69,1.443,11.127,0.22,-17.72,80.94,31.81,0.0796,0.3018,26.375,0,1
ST-003789,Fintech,Pre-seed,4,12,1.85,3.248,43.129,2.83,8.63,67.32,15.91,0.0363,0.2456,36.154,0,0
ST-003790,D2C,Series A,6,13,12.19,23.22,214.514,8.978,36.16,49.86,10.47,0.2683,0.2304,1960.833,3,1
ST-003791,SaaS,Pre-seed,3,30,5.54,3.646,57.346,1.202,29.18,82.25,19.4,0.1334,0.2988,26.881,0,0
ST-003792,Fintech,Pre-seed,3,6,13.31,3.42,58.08,0.208,4.41,72.68,7.15,,3.224,43.451,0,0
ST-003793,SaaS,Pre-seed,5,12,12.98,3.404,19.975,2.029,71.48,96.0,7.9,0.3797,1.0566,29.068,0,0
ST-003794,SaaS,Pre-seed,2,44,6.86,0.878,16.685,0.267,-5.51,92.72,11.31,0.7384,0.6931,5.948,0,1
ST-003795,Healthtech,Pre-seed,8,5,8.63,6.987,221.168,2.278,28.55,82.32,,0.1665,0.3396,32.624,0,0
ST-003796,D2C,Seed,3,19,10.43,1.538,7.402,0.755,4.4,35.14,9.77,0.029,0.1283,138.688,2,1
ST-003797,D2C,Pre-seed,1,12,6.01,2.434,21.756,1.345,42.49,39.68,2.46,0.3154,0.7338,50.468,0,1
ST-003798,Agritech,Pre-seed,4,20,1.47,3.353,19.945,2.333,14.61,64.2,4.86,0.4371,1.563,4.23,1,0
ST-003799,Edtech,Pre-seed,2,18,8.98,4.678,56.746,1.183,11.98,55.87,5.32,0.236,1.0022,4.078,0,0
ST-003800,Fintech,Pre-seed,2,18,15.42,6.185,10.362,5.748,37.24,85.82,5.22,0.3098,0.2858,60.971,1,0
ST-003801,SaaS,Pre-seed,3,26,4.48,3.722,13.73,1.791,13.53,76.39,14.2,0.4172,0.562,70.345,1,1
ST-003802,SaaS,Seed,4,30,13.8,21.103,204.765,8.013,31.01,80.41,2.7,2.6187,3.8013,67.247,0,0
ST-003803,Fintech,Seed,6,13,2.91,42.555,880.472,25.59,13.2,,3.39,1.0213,2.1899,125.682,1,1
ST-003804,SaaS,Seed,4,13,6.52,7.427,76.837,1.836,-39.66,82.13,25.69,0.1671,0.3656,58.32,2,1
ST-003805,SaaS,Pre-seed,3,22,7.26,3.589,49.108,0.893,62.28,96.0,7.4,0.3677,1.5114,38.381,0,0
ST-003806,SaaS,Series A,10,24,7.81,12.616,243.259,8.73,24.89,96.0,8.05,0.8431,1.1739,947.855,2,0
ST-003807,D2C,Seed,12,23,3.95,4.998,69.327,1.426,9.02,69.53,9.77,0.033,,55.417,0,0
ST-003808,Healthtech,Pre-seed,10,15,2.94,6.067,102.51,2.753,45.65,88.1,4.89,0.4779,2.763,13.168,0,0
ST-003809,Deeptech,Seed,7,14,6.7,28.61,592.401,22.41,-4.81,52.96,11.33,0.3047,1.2541,123.513,1,0
ST-003810,Agritech,Seed,7,26,11.35,1.132,33.45,0.724,-3.64,40.87,10.01,0.1121,0.7817,343.657,2,0
ST-003811,Healthtech,Pre-seed,3,9,,4.097,192.357,1.819,-12.71,64.8,18.8,0.155,0.3167,17.533,0,0
ST-003812,SaaS,Pre-seed,5,45,7.12,11.266,90.164,4.213,12.79,85.58,,,1.9605,25.87,0,1
ST-003813,Healthtech,Seed,8,48,25.35,11.768,331.186,2.31,1.61,46.8,6.88,0.3218,0.3206,129.994,1,0
ST-003814,SaaS,Pre-seed,9,51,9.48,5.196,65.091,1.069,10.9,90.73,9.66,0.0675,0.1761,10.683,0,0
ST-003815,Edtech,Series A,3,25,6.68,3.933,74.087,1.886,-16.86,55.55,17.9,0.2662,0.4761,350.724,2,0
ST-003816,Edtech,Pre-seed,3,12,7.6,5.628,63.442,3.339,2.59,62.5,10.03,,0.156,8.285,1,1
ST-003817,Edtech,Pre-seed,5,34,22.33,7.02,201.413,1.216,26.56,75.18,0.7,1.5872,6.1781,29.291,0,0
ST-003818,Fintech,Pre-seed,4,16,11.61,6.014,20.191,5.062,45.68,73.22,4.88,0.403,0.8495,22.818,0,1
ST-003819,D2C,Pre-seed,2,25,4.62,2.526,39.825,0.556,17.94,48.83,4.36,2.1818,2.1274,6.853,0,1
ST-003820,Agritech,Series A,5,34,12.3,17.912,98.087,4.974,3.54,54.67,18.76,0.3361,0.3573,3403.853,4,1
ST-003821,D2C,Series A,17,14,3.47,7.039,46.488,3.735,27.23,55.22,4.33,0.1378,0.6068,1278.009,4,0
ST-003822,Healthtech,Series A,6,29,8.43,7.314,51.783,4.695,38.73,56.37,0.86,4.9951,4.5083,2615.682,3,0
ST-003823,Healthtech,Seed,2,29,17.13,15.798,178.316,12.619,39.08,66.61,4.35,1.013,0.9847,267.671,0,0
ST-003824,SaaS,Seed,11,18,8.49,16.265,209.673,7.709,26.24,81.95,5.02,0.3982,1.9423,41.253,1,0
ST-003825,D2C,Pre-seed,5,6,3.25,2.373,74.348,0.917,1.17,49.52,15.92,0.0294,0.1104,9.511,0,0
ST-003826,Healthtech,Pre-seed,4,34,7.94,2.0,51.894,0.2,15.84,75.74,4.86,0.2434,1.4531,57.178,0,0
ST-003827,Fintech,Series A,6,55,17.05,10.156,93.382,6.639,19.09,71.16,,0.3012,1.1881,2885.694,4,0
ST-003828,Fintech,Seed,6,20,4.36,11.501,496.878,5.498,-36.04,83.66,27.64,0.4089,1.3918,199.117,1,0
ST-003829,Deeptech,Seed,13,16,,4.953,62.441,2.68,16.08,52.56,27.62,0.0294,0.0796,96.506,1,0
ST-003830,Healthtech,Seed,2,7,17.64,22.347,84.34,9.4,51.72,61.98,,0.6207,1.6972,100.407,1,1
ST-003831,Edtech,Seed,2,21,10.28,4.653,18.081,2.907,2.06,50.26,8.97,0.0661,0.3075,54.076,1,0
ST-003832,Healthtech,Pre-seed,3,11,8.17,6.026,117.413,1.495,-21.12,52.41,25.11,0.1119,0.1465,73.479,0,1
ST-003833,Edtech,Seed,6,7,,3.808,11.367,2.03,1.52,62.89,7.53,0.8842,1.7086,48.543,1,1
ST-003834,Edtech,Seed,5,31,5.11,9.901,143.32,2.383,0.76,72.21,8.56,0.8328,0.951,248.492,1,1
ST-003835,Fintech,Series A,15,30,,30.863,403.686,1.172,37.14,62.5,3.58,,1.208,1726.612,4,1
ST-003836,Edtech,Pre-seed,8,10,12.38,1.014,38.49,0.629,72.31,55.01,1.7,0.5229,1.8762,19.77,0,0
ST-003837,D2C,Pre-seed,5,40,29.18,2.483,9.568,1.262,20.27,51.79,9.13,0.3792,1.1933,19.515,0,0
ST-003838,SaaS,Seed,9,18,4.4,6.601,193.486,1.169,-2.4,63.67,9.99,0.3068,0.3675,188.706,2,0
ST-003839,Agritech,Series A,12,24,,8.922,103.616,3.251,-11.42,34.08,16.64,0.0247,0.118,1118.395,2,0
ST-003840,Fintech,Series A,10,20,15.08,35.789,301.33,19.304,35.65,58.99,3.52,0.4974,0.7611,1461.242,3,0
ST-003841,D2C,Seed,3,33,8.08,5.047,221.623,1.155,30.69,52.35,6.11,1.267,2.4543,165.744,0,0
ST-003842,D2C,Pre-seed,2,21,7.85,6.777,47.541,3.41,41.6,38.41,16.15,0.0163,0.0705,16.309,1,0
ST-003843,D2C,Pre-seed,2,3,2.29,5.742,32.34,1.478,5.9,49.07,6.94,0.274,0.6567,13.338,0,0
ST-003844,Healthtech,Seed,6,19,8.98,8.204,49.944,4.862,49.76,,3.71,0.9303,1.8464,85.62,0,1
ST-003845,Deeptech,Pre-seed,4,25,7.6,10.307,34.252,7.154,20.66,63.18,2.29,0.0722,0.8525,17.172,0,0
ST-003846,Edtech,Seed,3,7,6.15,2.149,6.909,0.754,0.53,86.01,9.68,0.1923,0.5457,81.146,1,1
ST-003847,D2C,Series A,11,33,9.99,14.216,107.056,5.831,-29.11,49.8,21.27,0.0566,0.1334,915.13,3,1
ST-003848,D2C,Pre-seed,2,22,3.71,2.319,7.056,0.647,6.21,63.67,15.05,0.1039,0.2031,39.126,0,1
ST-003849,SaaS,Pre-seed,2,8,4.3,3.572,13.796,1.676,5.96,88.87,6.22,0.6451,1.1588,15.201,0,1
ST-003850,Fintech,Pre-seed,3,13,9.11,3.714,17.878,1.512,-5.49,63.69,11.17,0.2248,0.5395,34.39,0,1
ST-003851,Edtech,Pre-seed,2,6,19.77,3.544,52.764,0.357,26.39,56.44,4.45,0.5533,0.77,12.398,0,0
ST-003852,Fintech,Seed,9,13,7.02,10.044,45.745,2.566,0.96,69.78,12.74,1.339,1.8159,111.322,1,1
ST-003853,Fintech,Pre-seed,3,13,8.1,5.755,81.305,3.388,-2.98,53.72,11.45,0.1221,0.2163,47.601,0,1
ST-003854,Edtech,Pre-seed,6,23,7.91,3.86,8.784,0.342,-2.26,64.62,16.79,0.0966,0.3499,17.341,0,1
ST-003855,Healthtech,Pre-seed,3,26,3.58,6.995,29.395,3.792,-12.8,61.39,,0.0721,0.3218,17.634,1,0
ST-003856,SaaS,Pre-seed,3,18,,1.558,10.176,0.666,5.01,94.98,6.41,2.3966,1.7455,10.234,0,1
ST-003857,Agritech,Seed,20,16,,9.81,84.993,4.854,4.05,44.19,8.62,0.1619,0.4504,141.335,2,1
ST-003858,Edtech,Seed,2,29,,2.188,17.018,1.553,10.36,71.86,5.3,0.2663,0.5484,61.743,1,1
ST-003859,D2C,Seed,14,20,10.52,1.038,4.408,0.56,23.52,37.31,8.84,0.0424,,77.879,1,0
ST-003860,SaaS,Seed,17,23,3.46,30.575,1910.715,2.205,47.65,91.54,8.27,0.4307,0.8437,196.714,2,0
ST-003861,Edtech,Pre-seed,6,26,4.95,1.727,51.83,0.717,38.22,83.66,3.71,3.1784,3.4952,10.59,0,0
ST-003862,SaaS,Seed,5,28,1.85,5.352,8.404,1.593,-17.33,72.87,15.96,0.1614,0.6129,131.455,1,1
ST-003863,D2C,Pre-seed,9,19,17.97,1.059,16.485,0.536,35.76,49.58,7.2,0.2174,0.8082,13.42,0,0
ST-003864,Fintech,Series A,8,30,5.79,13.776,107.126,5.9,36.74,96.0,,3.1101,6.1868,645.712,2,1
ST-003865,Deeptech,Pre-seed,2,10,9.42,6.939,63.98,3.035,32.91,49.87,,0.1716,0.5282,10.538,0,1
ST-003866,Fintech,Seed,5,12,7.78,11.881,135.065,4.314,6.02,52.01,9.68,0.0901,0.4325,168.973,2,0
ST-003867,Healthtech,Pre-seed,3,44,0.86,1.941,10.36,0.693,47.75,65.49,15.54,0.1351,0.7212,6.555,0,0
ST-003868,Fintech,Seed,3,12,2.94,7.248,90.657,1.249,-3.36,56.28,26.88,0.0568,0.1873,289.012,1,1
ST-003869,Healthtech,Pre-seed,8,27,7.55,6.037,199.96,2.006,39.4,67.11,6.46,0.2921,0.4417,39.436,1,0
ST-003870,Edtech,Series A,6,19,11.24,14.79,698.269,6.623,35.77,76.58,1.45,1.8443,1.8417,1285.894,2,0
ST-003871,Fintech,Pre-seed,4,23,10.66,5.711,54.857,1.882,27.49,56.74,2.48,2.0242,3.0425,16.916,0,0
ST-003872,SaaS,Series A,4,6,2.61,24.471,88.299,9.694,-23.76,65.82,21.68,0.0349,0.1515,1785.447,3,1
ST-003873,SaaS,Seed,6,8,3.57,6.831,44.741,3.455,19.74,93.28,4.0,0.5104,1.6853,335.189,0,1
ST-003874,SaaS,Pre-seed,2,28,,10.511,82.768,2.465,34.48,96.0,5.36,5.4227,3.816,7.064,0,1
ST-003875,Deeptech,Pre-seed,2,4,10.6,4.841,174.253,0.827,18.01,54.65,5.42,0.633,0.4067,9.741,0,0
ST-003876,Edtech,Pre-seed,4,11,2.47,5.597,20.678,1.822,15.27,82.23,2.38,14.458,6.2328,17.162,1,1
ST-003877,SaaS,Series A,19,45,10.02,23.943,46.105,12.886,6.15,96.0,10.07,0.1097,,950.879,2,0
ST-003878,Deeptech,Series A,13,34,7.51,6.74,53.156,2.128,2.93,65.84,7.18,0.9149,1.6709,789.618,3,1
ST-003879,SaaS,Pre-seed,5,12,6.56,5.299,32.923,4.513,15.0,83.54,5.52,,1.2895,57.45,0,0
ST-003880,Edtech,Pre-seed,4,9,20.14,2.141,5.558,1.669,42.16,74.47,15.43,0.046,0.1023,11.382,0,0
ST-003881,D2C,Pre-seed,3,38,7.02,1.959,14.458,1.027,2.23,57.57,7.38,0.1366,0.2376,10.491,0,1
ST-003882,Deeptech,Pre-seed,6,10,,4.405,90.364,1.412,25.24,33.31,5.48,0.1501,0.2413,11.077,0,1
ST-003883,D2C,Seed,4,23,12.88,8.716,26.022,6.297,-40.98,46.71,29.33,0.0227,0.1319,85.914,0,0
ST-003884,Edtech,Pre-seed,6,33,12.54,1.1,8.622,0.701,5.97,52.6,5.57,0.417,1.6288,9.398,0,0
ST-003885,Deeptech,Pre-seed,8,21,17.37,6.096,89.276,0.657,31.99,48.06,,0.2106,0.8927,24.265,0,0
ST-003886,SaaS,Series A,6,43,12.01,12.102,281.354,2.527,35.12,85.53,3.1,0.1738,,1183.779,3,0
ST-003887,Deeptech,Seed,4,15,11.71,24.185,227.119,5.625,-7.86,56.94,17.67,0.1486,0.7045,89.777,1,0
ST-003888,Agritech,Seed,4,10,7.94,4.308,120.952,3.581,21.45,52.36,7.42,0.4218,0.5058,64.713,1,0
ST-003889,Deeptech,Pre-seed,2,23,27.59,14.082,82.575,8.156,33.36,56.57,14.13,0.0453,0.1526,24.013,1,1
ST-003890,Fintech,Series A,8,40,3.72,25.244,544.76,12.595,-3.01,65.95,15.27,0.4245,0.2974,5901.062,4,0
ST-003891,SaaS,Seed,14,26,10.8,7.213,106.99,5.174,-19.71,81.86,22.71,0.1958,0.2724,30.325,1,0
ST-003892,D2C,Seed,3,11,3.4,19.411,28.988,8.047,-12.94,,13.45,0.0445,0.1932,197.033,1,0
ST-003893,Healthtech,Pre-seed,9,55,7.93,18.477,604.508,6.096,-16.64,70.13,22.47,0.3081,0.4734,12.403,0,0
ST-003894,Healthtech,Series A,8,11,7.77,14.596,84.331,5.863,28.75,52.7,8.02,0.1226,0.377,712.369,2,1
ST-003895,Deeptech,Seed,23,21,7.91,6.722,62.32,1.624,17.46,53.14,3.19,0.1014,0.6759,129.647,1,0
ST-003896,Healthtech,Series A,7,43,1.71,23.131,675.513,8.943,4.76,70.54,,0.2058,0.4538,526.509,2,0
ST-003897,Fintech,Seed,6,20,,3.581,22.921,2.197,-3.43,65.04,16.21,0.2085,0.4034,201.533,0,1
ST-003898,Edtech,Seed,4,28,30.73,2.548,25.768,0.975,38.41,72.65,5.71,0.8914,1.7077,94.436,0,0
ST-003899,SaaS,Seed,4,6,8.53,18.934,531.689,2.037,10.79,81.76,8.48,0.7111,1.2737,182.08,1,0
ST-003900,SaaS,Series A,23,31,14.63,21.365,322.52,5.764,20.44,84.32,6.66,0.3418,0.5822,463.602,2,0
ST-003901,SaaS,Pre-seed,5,8,10.0,2.079,9.341,0.5,-2.38,96.0,12.53,0.2476,0.5275,15.634,0,1
ST-003902,Agritech,Pre-seed,7,18,25.68,33.915,785.044,17.233,-8.04,56.42,14.08,0.0197,,19.456,0,0
ST-003903,D2C,Seed,3,8,10.08,2.868,33.983,1.636,36.5,69.29,10.56,0.2809,0.5444,46.08,1,0
ST-003904,Healthtech,Seed,9,29,8.56,13.853,46.12,6.141,16.97,,2.12,1.2179,2.3502,34.819,1,1
ST-003905,Fintech,Seed,3,25,2.8,5.622,66.499,1.294,18.79,57.93,5.66,0.2738,0.6614,75.668,1,0
ST-003906,D2C,Seed,3,21,2.9,27.971,507.991,3.568,22.04,,12.17,0.1443,0.1587,106.711,0,1
ST-003907,Agritech,Seed,7,33,5.09,4.638,48.028,0.509,35.97,49.63,,0.7481,1.5112,56.757,1,0
ST-003908,Deeptech,Seed,7,27,6.87,9.331,29.31,3.945,39.68,59.47,8.04,0.0637,0.2265,62.327,1,0
ST-003909,Healthtech,Pre-seed,4,6,3.15,1.259,2.734,0.941,-6.76,66.95,14.02,1.0118,1.089,22.348,0,1
ST-003910,Agritech,Series A,16,37,8.51,58.33,467.842,32.498,8.26,37.8,4.55,0.0636,0.2026,1231.498,4,0
ST-003911,Healthtech,Pre-seed,7,23,8.29,2.967,45.68,0.693,-4.93,39.03,16.76,0.0394,0.1435,9.016,0,0
ST-003912,Edtech,Seed,16,12,21.73,9.188,138.273,7.282,18.96,74.93,12.04,0.0116,0.0864,133.125,1,0
ST-003913,Agritech,Series A,5,23,23.69,13.066,64.038,5.182,5.55,36.22,6.69,0.0812,0.2321,1996.818,3,0
ST-003914,Fintech,Pre-seed,10,12,12.9,3.501,23.856,0.899,10.18,62.39,,0.5027,0.7142,9.364,0,1
ST-003915,Edtech,Pre-seed,12,47,13.13,0.683,1.525,0.106,12.02,65.09,5.95,0.4657,1.0353,13.54,0,1
ST-003916,Fintech,Pre-seed,3,7,16.19,4.418,38.332,1.987,10.93,67.09,4.53,0.5668,0.9297,25.931,0,1
ST-003917,Healthtech,Seed,2,15,10.13,7.291,232.518,3.478,68.23,71.6,9.96,0.1825,0.3716,190.98,2,0
ST-003918,Healthtech,Pre-seed,2,15,16.75,5.823,149.426,0.785,-23.86,70.32,,1.4256,1.4038,9.877,1,1
ST-003919,D2C,Pre-seed,3,17,2.58,18.983,161.019,6.669,13.55,50.62,2.71,0.5999,1.3193,55.197,0,1
ST-003920,Edtech,Series A,35,19,14.06,19.81,126.57,13.896,-17.69,73.26,18.27,0.4653,2.4494,812.324,2,0
ST-003921,SaaS,Pre-seed,4,17,3.3,7.164,35.692,4.877,20.22,70.69,4.54,0.668,3.6313,9.735,0,0
ST-003922,Agritech,Seed,4,26,3.68,5.457,51.404,2.505,-14.47,43.75,16.06,0.0349,0.1245,55.67,1,0
ST-003923,Fintech,Seed,4,13,16.06,3.875,38.92,1.364,13.91,96.0,3.61,1.0101,1.3937,238.357,1,0
ST-003924,Deeptech,Pre-seed,2,12,4.7,4.89,37.079,1.708,1.41,59.68,7.6,0.602,1.9495,18.002,0,0
ST-003925,SaaS,Pre-seed,7,42,3.78,2.273,8.745,1.725,39.38,91.68,4.15,0.289,0.5917,18.631,0,0
ST-003926,Healthtech,Series A,10,3,10.6,16.383,86.261,8.263,-17.45,50.37,19.66,0.2851,0.542,748.151,2,1
ST-003927,Healthtech,Seed,23,32,4.34,6.212,94.696,2.418,-13.2,71.08,15.01,0.0653,0.3268,76.17,1,0
ST-003928,Agritech,Pre-seed,6,27,3.79,1.06,17.878,0.393,-7.28,49.21,11.88,,0.0495,17.742,0,0
ST-003929,SaaS,Seed,10,8,2.33,18.398,1120.12,3.73,23.12,76.15,2.73,0.4928,0.9047,156.071,1,0
ST-003930,Deeptech,Seed,5,51,5.62,10.349,155.978,4.173,19.6,77.35,4.55,0.3391,1.0669,95.639,2,0
ST-003931,Healthtech,Pre-seed,2,15,12.81,3.65,28.734,1.384,10.46,,4.4,0.9708,0.9313,17.474,0,0
ST-003932,Healthtech,Seed,4,34,14.06,4.002,149.857,1.8,28.61,62.69,1.88,0.7112,1.4664,99.187,1,0
ST-003933,Healthtech,Seed,3,21,6.63,6.297,141.28,4.764,-32.43,65.72,23.67,0.0131,0.0696,46.724,1,0
ST-003934,SaaS,Pre-seed,7,4,,2.072,8.181,1.224,11.53,77.84,4.89,0.191,1.1633,15.038,0,0
ST-003935,Edtech,Series A,8,19,11.0,5.272,274.653,2.093,13.25,54.46,3.93,2.4611,3.2137,1532.126,2,0
ST-003936,Fintech,Pre-seed,7,28,16.26,5.855,63.44,2.977,20.38,69.04,4.66,2.7571,3.3798,6.84,0,0
ST-003937,Fintech,Pre-seed,4,29,5.15,3.716,15.008,0.324,18.02,70.74,12.25,0.6669,1.0585,30.062,0,1
ST-003938,D2C,Pre-seed,3,18,6.24,6.943,43.87,1.575,21.93,59.58,5.71,2.468,0.6862,16.293,1,1
ST-003939,Edtech,Seed,3,9,6.92,5.016,29.634,2.477,24.57,73.58,1.66,1.1584,8.1594,93.002,1,0
ST-003940,SaaS,Seed,8,35,6.18,8.026,188.315,5.77,56.06,71.18,3.39,0.1332,0.4897,191.489,1,0
ST-003941,SaaS,Series A,9,15,0.98,15.061,252.926,3.9,28.69,59.57,6.01,1.0382,1.1726,2291.61,2,1
ST-003942,SaaS,Pre-seed,7,18,8.21,5.089,56.557,1.331,-14.94,78.58,16.25,1.2385,,32.067,1,1
ST-003943,SaaS,Seed,4,26,10.02,4.032,47.414,1.106,32.81,67.96,2.76,1.3727,3.2036,96.1,1,0
ST-003944,Healthtech,Seed,9,28,9.59,16.94,853.635,7.923,12.06,61.95,8.3,0.0575,0.1686,84.297,1,0
ST-003945,SaaS,Pre-seed,11,22,22.95,1.649,11.25,0.721,4.7,87.03,7.35,0.0518,0.458,30.676,0,0
ST-003946,Deeptech,Pre-seed,5,9,24.09,6.165,35.782,3.793,-13.71,61.72,15.3,0.1108,0.1869,19.651,0,1
ST-003947,SaaS,Series A,16,18,1.73,5.944,129.719,3.86,7.52,77.2,5.13,0.1891,0.5076,3766.092,3,0
ST-003948,SaaS,Pre-seed,5,9,18.93,3.536,43.065,0.709,20.86,86.66,13.01,0.2299,0.3914,10.31,0,1
ST-003949,Deeptech,Seed,20,29,22.14,21.751,579.497,12.26,30.95,73.56,2.53,0.9794,2.0263,154.312,2,0
ST-003950,Fintech,Seed,8,27,1.22,14.88,60.539,12.879,-7.93,72.62,13.92,,0.3298,46.927,1,0
ST-003951,Edtech,Pre-seed,6,10,12.49,7.274,54.525,5.066,7.96,71.24,6.45,,0.4247,13.954,0,0
ST-003952,Deeptech,Series A,10,36,8.36,17.636,977.404,7.177,3.3,52.29,11.48,0.2121,0.7747,813.595,4,0
ST-003953,Deeptech,Series A,6,36,21.43,42.211,358.726,19.501,1.75,60.05,7.98,0.5019,0.4926,704.928,3,0
ST-003954,D2C,Seed,3,37,20.55,4.713,94.395,2.764,-16.76,,16.81,0.0238,0.101,65.212,1,0
ST-003955,SaaS,Seed,14,26,35.0,5.312,19.268,1.295,-7.1,81.62,17.0,0.1089,0.2585,132.518,1,1
ST-003956,Healthtech,Seed,3,27,12.79,9.737,169.435,5.764,8.88,59.76,22.16,0.0482,0.1336,368.756,2,0
ST-003957,Deeptech,Seed,10,16,,21.121,167.046,3.863,28.41,71.71,,0.1872,0.3954,129.893,1,0
ST-003958,Deeptech,Pre-seed,5,15,4.32,4.032,99.109,0.345,11.85,56.59,3.46,0.5747,0.9215,36.069,0,0
ST-003959,SaaS,Seed,11,35,5.51,12.189,51.631,4.488,-9.91,88.97,31.24,0.1695,0.5517,168.813,1,1
ST-003960,Edtech,Pre-seed,3,11,11.67,4.009,109.173,0.294,11.23,69.78,4.35,0.6197,0.9965,14.961,0,0
ST-003961,Fintech,Seed,4,12,5.31,12.713,130.107,4.903,-10.85,74.18,15.04,0.1657,0.3221,424.393,1,1
ST-003962,SaaS,Seed,8,27,8.32,3.993,79.844,0.153,30.83,91.7,5.55,0.7819,1.8594,149.882,1,0
ST-003963,D2C,Pre-seed,3,4,1.98,3.07,33.558,1.114,48.18,62.53,6.33,0.1689,0.4762,46.524,1,0
ST-003964,Fintech,Series A,5,16,8.74,17.862,142.672,11.055,15.71,80.18,5.77,0.5205,0.4644,664.402,2,0
ST-003965,Fintech,Pre-seed,13,33,1.4,6.64,13.613,5.754,30.88,84.56,8.74,0.4131,1.2192,18.165,0,1
ST-003966,SaaS,Pre-seed,2,37,15.9,2.157,9.517,0.735,1.72,79.78,7.16,0.4781,0.8229,8.758,0,1
ST-003967,Edtech,Pre-seed,2,29,9.06,1.339,25.488,0.342,21.54,54.28,4.38,0.0796,0.2613,20.959,1,0
ST-003968,SaaS,Seed,5,21,4.99,1.591,5.809,0.805,13.91,80.81,9.39,0.0896,0.873,82.126,1,0
ST-003969,Edtech,Pre-seed,8,9,7.2,5.808,44.377,1.972,36.96,96.0,1.32,5.1784,6.8962,12.218,0,1
ST-003970,SaaS,Seed,2,8,5.36,14.581,31.969,12.118,2.03,81.52,7.12,0.1061,0.2353,224.317,1,0
ST-003971,Deeptech,Seed,13,16,4.12,2.695,25.588,1.203,12.76,38.06,7.54,0.0354,0.0645,88.96,1,0
ST-003972,SaaS,Pre-seed,2,6,5.93,4.073,7.178,1.705,-7.22,96.0,14.47,0.1859,,23.74,0,1
ST-003973,Healthtech,Series A,12,51,5.96,12.946,465.794,3.198,26.35,65.81,3.44,8.6757,9.4206,413.745,1,0
ST-003974,SaaS,Pre-seed,3,44,6.69,9.265,163.15,2.7,2.5,73.46,10.56,1.195,3.0236,21.163,0,1
ST-003975,SaaS,Seed,21,16,0.89,6.351,76.083,1.523,7.6,69.82,8.56,1.4733,1.8737,45.722,1,1
ST-003976,SaaS,Pre-seed,4,14,16.7,5.713,64.822,1.566,-2.99,84.29,,,0.355,31.71,0,0
ST-003977,SaaS,Seed,4,30,16.92,5.44,96.577,3.147,10.24,91.02,5.63,0.2306,0.6558,348.512,1,0
ST-003978,SaaS,Series A,8,9,7.84,8.63,58.051,3.858,27.73,90.2,2.53,1.0022,1.0231,2073.635,3,1
ST-003979,Edtech,Pre-seed,4,14,24.82,5.898,93.636,4.208,23.18,77.67,9.76,0.0815,0.239,19.709,1,0
ST-003980,D2C,Pre-seed,4,16,6.26,8.804,62.438,1.079,42.51,32.34,2.02,0.768,1.8969,17.372,0,0
ST-003981,SaaS,Pre-seed,5,6,8.58,1.547,13.784,0.628,1.94,69.82,9.47,1.7969,1.9972,6.568,0,1
ST-003982,Edtech,Pre-seed,4,9,11.2,7.727,22.202,3.847,15.85,67.64,7.92,0.2358,0.5314,33.692,1,1
ST-003983,Healthtech,Series A,4,17,8.42,8.419,374.082,1.262,36.83,76.23,15.96,0.0898,0.2388,2189.802,3,0
ST-003984,SaaS,Seed,5,34,,1.378,7.151,1.003,-5.49,77.99,12.87,0.0245,0.2294,142.099,1,0
ST-003985,Fintech,Seed,9,41,8.15,10.053,167.62,3.383,39.47,43.56,24.65,0.0997,0.1129,201.068,0,0
ST-003986,SaaS,Series A,7,30,2.57,20.392,74.921,13.51,44.84,92.09,,0.4827,1.4109,1226.576,3,1
ST-003987,SaaS,Series A,15,23,4.13,4.753,44.746,3.237,-10.31,52.25,17.74,0.0721,0.0778,1823.139,2,1
ST-003988,Edtech,Series A,10,43,14.64,2.988,14.191,1.887,64.05,62.23,3.33,0.8662,,590.738,2,0
ST-003989,Deeptech,Pre-seed,3,27,34.0,4.187,21.121,1.475,10.13,67.36,13.84,0.1671,0.2012,18.681,1,1
ST-003990,Deeptech,Pre-seed,8,52,4.88,3.803,11.024,1.087,-19.55,67.01,19.9,0.0289,,41.001,1,1
ST-003991,Deeptech,Pre-seed,1,5,6.98,16.029,122.382,10.553,-7.17,40.48,11.95,0.0482,0.2568,8.739,0,0
ST-003992,Edtech,Pre-seed,3,17,6.68,3.424,13.064,2.112,12.61,77.64,10.26,0.0257,,46.808,0,0
ST-003993,SaaS,Pre-seed,8,11,9.46,6.546,255.26,3.09,7.27,96.0,6.15,0.2454,0.377,38.469,0,0
ST-003994,Fintech,Pre-seed,12,5,15.82,6.056,24.907,1.752,-0.66,75.97,8.43,0.5559,0.7447,13.636,0,0
ST-003995,SaaS,Pre-seed,16,17,8.84,11.935,65.384,3.786,-10.14,80.07,14.78,0.0736,0.1718,12.417,0,1
ST-003996,SaaS,Seed,6,55,2.68,3.888,41.274,2.662,-15.11,87.89,21.99,0.04,0.3107,81.641,1,0
ST-003997,SaaS,Pre-seed,5,8,5.19,3.621,18.618,0.541,50.61,74.64,4.59,0.1596,0.7092,6.925,0,0
ST-003998,Edtech,Pre-seed,6,63,10.36,1.097,8.604,0.413,23.38,79.59,,0.1615,1.8433,21.352,0,0
ST-003999,Fintech,Pre-seed,9,27,6.13,9.34,89.985,6.095,36.97,85.46,4.99,0.2089,0.3928,20.473,0,0
ST-004000,SaaS,Seed,8,39,6.31,16.479,296.67,5.28,-5.22,78.06,9.51,0.1453,0.3333,104.31,1,0
ST-004001,D2C,Seed,11,39,6.44,14.544,200.181,2.022,6.16,57.33,29.07,0.1316,0.4848,119.604,1,1
ST-004002,Fintech,Seed,8,26,7.71,9.119,81.347,3.806,-6.85,79.94,13.89,0.2558,0.5672,93.567,1,0
ST-004003,Agritech,Pre-seed,5,13,,1.214,29.808,0.145,5.52,50.22,11.85,0.2843,0.631,20.628,1,0
ST-004004,Fintech,Pre-seed,2,6,14.46,4.893,144.542,0.787,38.36,43.54,11.9,0.2327,0.2762,42.266,0,0
ST-004005,Healthtech,Pre-seed,3,8,2.67,2.842,29.084,0.907,6.92,65.36,5.11,0.285,0.3742,24.539,1,1
ST-004006,SaaS,Pre-seed,3,23,10.21,7.496,119.641,1.992,13.89,48.59,,0.0859,0.8871,33.495,1,0
ST-004007,Edtech,Pre-seed,2,13,5.43,2.497,15.099,0.758,1.99,85.49,17.38,0.1402,0.2271,7.864,0,1
ST-004008,SaaS,Series A,4,14,8.38,10.251,222.893,5.237,29.29,89.36,3.1,0.2811,1.3331,757.899,2,0
ST-004009,SaaS,Pre-seed,3,19,18.51,18.454,338.124,4.171,4.2,79.89,7.72,2.6139,2.0445,26.368,0,1
ST-004010,Healthtech,Pre-seed,3,21,18.25,8.23,73.245,0.714,42.77,74.16,3.21,0.6137,1.465,25.129,0,0
ST-004011,Fintech,Seed,7,30,15.57,21.645,142.279,11.941,7.31,55.71,3.13,0.4076,0.477,24.369,1,1
ST-004012,SaaS,Seed,9,12,20.59,5.11,86.786,3.807,66.38,95.24,4.37,0.4924,0.9869,473.302,2,0
ST-004013,Deeptech,Pre-seed,4,15,30.68,2.707,14.943,1.463,42.16,61.13,4.77,0.3077,1.2959,20.698,1,0
ST-004014,SaaS,Pre-seed,3,10,,8.315,76.684,1.082,15.9,85.33,9.27,0.1178,0.2247,15.379,0,0
ST-004015,Healthtech,Series A,6,12,11.2,49.731,176.567,35.838,15.44,58.94,3.83,0.3218,2.5818,1223.75,4,0
ST-004016,Healthtech,Pre-seed,7,31,3.93,1.833,32.302,1.073,45.79,60.18,3.49,1.3279,3.7943,61.478,1,0
ST-004017,Fintech,Seed,6,34,12.49,6.872,35.845,4.192,22.34,74.58,6.8,0.1678,0.44,46.165,1,0
ST-004018,Edtech,Seed,5,7,8.7,3.367,38.489,1.264,28.1,57.32,8.37,0.4152,0.7579,424.161,2,0
ST-004019,SaaS,Pre-seed,3,17,23.24,5.455,59.34,0.517,61.4,68.51,2.53,3.1348,4.0921,25.421,0,1
ST-004020,D2C,Seed,4,38,13.68,16.962,865.094,8.239,19.83,60.04,1.57,0.934,1.344,88.682,1,0
ST-004021,SaaS,Pre-seed,3,27,3.24,2.959,139.394,0.177,-27.12,87.95,36.91,0.0414,,30.433,0,0
ST-004022,SaaS,Pre-seed,3,9,9.97,2.953,19.785,2.388,20.62,71.53,12.3,0.2524,0.3553,13.56,1,1
ST-004023,Fintech,Pre-seed,3,35,,1.273,4.307,1.005,41.63,69.24,,,2.0303,69.642,0,0
ST-004024,Deeptech,Series A,15,43,8.59,11.036,163.811,3.604,20.61,58.56,4.09,1.6995,3.1517,845.613,3,0
ST-004025,Agritech,Pre-seed,5,20,30.15,10.505,105.806,3.465,-7.32,44.13,14.11,0.0279,0.1923,33.587,0,0
ST-004026,Deeptech,Pre-seed,10,14,13.33,8.525,267.351,3.821,15.21,60.43,3.0,0.1898,0.4852,12.937,0,0
ST-004027,D2C,Series A,21,14,4.03,28.954,1688.782,11.527,45.16,47.7,3.51,0.0991,0.273,1004.521,3,0
ST-004028,D2C,Pre-seed,13,17,3.79,3.114,46.773,0.371,-12.79,57.95,16.5,0.1121,0.1477,17.474,1,1
ST-004029,Edtech,Series A,14,49,4.52,10.232,243.81,3.377,-22.13,71.63,18.55,,0.2319,416.76,2,0
ST-004030,Deeptech,Seed,9,12,5.66,11.608,574.924,5.944,-2.08,52.1,25.96,0.307,,441.258,2,0
ST-004031,Healthtech,Seed,5,46,8.3,11.198,193.407,4.297,39.58,56.81,1.85,0.2926,0.6269,249.853,1,0
ST-004032,Fintech,Seed,10,30,10.46,26.866,129.158,14.245,-27.5,72.81,20.42,0.2951,0.2304,84.463,1,1
ST-004033,D2C,Seed,4,20,18.52,4.78,53.308,2.944,18.04,28.25,8.35,0.1996,0.7483,157.703,1,0
ST-004034,Healthtech,Pre-seed,2,33,14.55,4.191,34.378,2.871,27.42,50.61,,0.4131,1.2791,8.166,0,0
ST-004035,SaaS,Series A,26,24,6.45,7.995,47.33,3.833,14.04,79.98,6.32,0.3588,0.3736,896.672,2,1
ST-004036,Edtech,Series A,5,22,6.49,3.019,35.981,1.476,-17.1,65.55,18.91,0.1473,0.2902,763.007,2,0
ST-004037,Fintech,Series A,13,39,14.04,37.062,166.487,6.143,16.75,78.89,3.96,0.2889,1.4092,1060.616,3,0
ST-004038,Agritech,Seed,4,2,5.62,23.922,67.772,6.799,-7.39,36.44,13.97,,0.4801,68.732,1,1
ST-004039,Fintech,Seed,13,21,11.76,17.309,176.686,7.633,18.56,63.09,,1.2359,,38.335,0,0
ST-004040,Agritech,Seed,14,20,,8.024,81.407,2.897,-3.21,51.92,16.86,0.0547,0.2748,123.562,1,0
ST-004041,Edtech,Pre-seed,5,11,10.77,12.892,525.38,4.155,23.97,63.45,3.19,0.4925,,8.083,0,0
ST-004042,D2C,Seed,14,18,9.81,10.796,78.745,7.891,14.46,39.79,6.49,0.0899,0.4569,425.84,1,0
ST-004043,SaaS,Seed,6,49,5.68,13.17,145.791,7.31,-11.04,75.01,14.83,0.1706,0.2072,54.057,1,1
ST-004044,Deeptech,Seed,25,4,2.96,12.677,116.179,3.157,27.1,60.78,4.0,0.1073,1.8726,214.48,1,0
ST-004045,Edtech,Pre-seed,6,9,2.58,4.194,12.006,0.437,13.92,64.01,2.97,0.3267,0.9447,12.794,0,1
ST-004046,Fintech,Seed,4,13,9.33,9.065,104.845,2.827,22.18,63.85,4.17,0.6564,1.4406,147.939,2,0
ST-004047,Fintech,Seed,7,19,10.39,18.166,252.73,7.377,19.61,55.04,2.42,0.9799,2.745,380.126,2,0
ST-004048,Fintech,Seed,6,17,1.5,4.547,28.95,1.72,36.54,93.16,2.55,0.2596,1.0395,37.547,1,0
ST-004049,Fintech,Series A,9,26,1.45,25.841,344.42,3.656,26.08,69.61,2.91,0.23,1.4575,1316.639,3,0
ST-004050,D2C,Seed,2,5,3.48,4.198,107.419,1.215,23.99,65.35,1.33,8.4244,11.1701,85.0,1,0
ST-004051,Deeptech,Pre-seed,5,19,3.88,8.631,80.235,1.746,-22.96,54.91,19.63,0.2913,0.54,24.711,0,1
ST-004052,D2C,Pre-seed,2,43,4.71,22.704,500.299,17.031,7.81,49.34,5.7,0.6169,0.8552,13.714,1,0
ST-004053,Healthtech,Seed,1,21,9.37,14.676,201.02,5.056,-39.92,68.59,30.99,,0.1391,103.72,1,1
ST-004054,Edtech,Pre-seed,3,14,15.62,7.904,192.495,2.13,-14.54,65.67,14.93,0.0951,0.2581,18.637,0,0
ST-004055,Agritech,Series A,6,23,15.78,24.938,1228.289,8.217,35.93,53.33,4.82,0.1141,0.4841,563.518,2,0
ST-004056,Agritech,Pre-seed,2,13,12.59,0.665,2.921,0.385,4.73,54.61,9.6,0.2809,0.3869,13.279,0,1
ST-004057,Fintech,Pre-seed,1,26,15.33,4.736,118.982,1.183,38.43,65.62,4.2,1.9431,2.9128,9.49,0,0
ST-004058,Deeptech,Pre-seed,2,21,4.01,8.254,240.98,2.883,-2.13,56.9,12.25,0.1389,0.2089,22.017,0,0
ST-004059,Edtech,Seed,6,24,12.37,1.445,38.824,0.432,9.97,78.38,6.52,0.0768,0.3356,162.41,1,0
ST-004060,Agritech,Series A,7,43,13.46,10.615,131.519,3.164,14.49,41.33,3.96,0.942,1.5403,779.618,2,0
ST-004061,Deeptech,Series A,13,35,,20.722,27.783,9.129,43.86,77.19,3.32,2.3296,,816.268,4,1
ST-004062,D2C,Seed,15,4,18.66,3.196,199.772,0.775,33.94,54.43,5.39,0.1438,0.3484,183.611,2,0
ST-004063,SaaS,Series A,14,19,13.86,7.042,11.155,6.162,0.98,78.85,7.89,0.4226,0.7318,1208.719,3,0
ST-004064,Healthtech,Pre-seed,7,6,5.18,12.124,635.386,2.494,4.11,,5.11,0.6942,0.7979,35.823,0,0
ST-004065,SaaS,Seed,12,13,1.76,0.561,1.981,0.26,16.97,91.3,3.19,0.9163,2.1232,109.335,1,0
ST-004066,Agritech,Series A,5,17,9.21,15.833,87.188,4.471,61.68,55.68,3.5,0.6315,1.6323,469.776,1,0
ST-004067,Fintech,Pre-seed,5,10,6.43,12.036,113.119,5.768,16.33,66.93,5.3,0.6217,1.1711,5.766,0,0
ST-004068,D2C,Series A,19,36,2.86,14.574,199.321,8.315,-5.49,30.2,13.56,0.1076,0.2212,3403.234,2,0
ST-004069,Deeptech,Pre-seed,3,24,8.19,16.485,695.015,13.384,-1.47,50.47,9.81,0.5313,0.403,22.398,0,0
ST-004070,SaaS,Pre-seed,2,13,5.71,2.836,17.533,0.713,10.99,82.93,5.59,0.2308,0.281,61.648,0,1
ST-004071,Edtech,Seed,9,28,,3.389,67.954,1.661,20.06,72.52,8.19,0.2396,0.6641,90.079,2,0
ST-004072,D2C,Series A,4,30,1.4,14.761,243.264,10.983,-7.13,48.98,13.55,0.0268,0.0981,1356.94,3,0
ST-004073,Edtech,Pre-seed,2,18,14.87,2.579,13.519,0.705,34.84,,2.83,0.7575,1.048,19.484,1,0
ST-004074,SaaS,Series A,7,22,7.77,9.377,128.152,5.817,-1.85,79.5,10.48,0.0417,0.317,1115.267,3,0
ST-004075,SaaS,Pre-seed,5,5,,3.387,26.517,1.374,42.19,89.26,7.34,0.6582,1.3082,6.761,0,0
ST-004076,Edtech,Seed,7,33,19.67,3.676,60.107,2.315,18.88,91.04,,0.5662,0.812,214.061,1,0
ST-004077,D2C,Seed,12,20,10.58,4.244,41.615,2.034,6.45,50.05,9.77,0.1222,0.3113,95.45,1,1
ST-004078,Healthtech,Pre-seed,2,19,14.71,2.064,50.901,1.358,-44.12,61.85,30.45,0.0464,0.1332,21.191,0,0
ST-004079,SaaS,Seed,3,22,2.34,9.973,95.451,6.456,6.04,82.16,11.95,0.3637,0.8582,46.901,1,0
ST-004080,Edtech,Seed,9,15,2.59,3.167,17.527,0.295,13.88,76.18,5.66,0.4564,1.0189,932.244,2,1
ST-004081,Fintech,Seed,4,14,6.35,4.079,7.767,3.012,14.82,67.82,6.83,0.3192,1.0458,109.655,1,1
ST-004082,Fintech,Pre-seed,3,15,4.96,2.404,79.678,1.223,27.7,77.0,8.18,0.1315,0.7212,30.013,0,0
ST-004083,D2C,Pre-seed,1,26,,4.697,46.475,1.682,7.21,58.36,11.36,1.0535,1.2813,31.396,0,0
ST-004084,Fintech,Series A,12,23,11.16,30.94,255.941,17.711,24.98,87.91,7.85,0.4255,0.5715,224.488,2,0
ST-004085,Healthtech,Seed,16,6,16.99,15.227,213.29,5.501,-5.2,68.34,11.04,1.0082,2.445,59.025,2,1
ST-004086,Deeptech,Series A,5,28,7.73,25.599,254.44,17.834,33.53,59.46,7.42,0.0939,0.3744,1445.43,2,0
ST-004087,Healthtech,Seed,12,15,2.34,13.039,165.389,4.7,35.33,67.14,2.2,5.5091,3.8258,119.134,2,1
ST-004088,Healthtech,Series A,10,15,17.1,16.328,61.417,5.977,19.52,63.29,2.42,2.2724,5.7115,117.274,1,0
ST-004089,SaaS,Pre-seed,1,25,16.58,5.355,81.026,2.806,31.81,84.36,4.58,0.1683,1.1345,8.241,1,0
ST-004090,SaaS,Seed,4,29,6.42,10.145,94.64,4.928,7.96,96.0,11.85,0.2005,0.5428,189.256,1,0
ST-004091,SaaS,Seed,3,22,16.89,4.37,83.009,1.586,10.57,77.17,5.21,0.1167,0.3879,460.512,2,0
ST-004092,D2C,Pre-seed,3,14,2.11,1.867,14.894,0.331,10.81,33.94,3.6,3.3322,8.1987,8.657,0,0
ST-004093,Agritech,Pre-seed,5,12,6.77,9.395,99.865,3.169,43.13,53.81,6.9,0.1711,0.4747,13.876,0,0
ST-004094,SaaS,Seed,20,9,3.38,8.087,12.089,6.71,18.55,84.43,3.68,1.3071,4.6947,122.23,1,0
ST-004095,SaaS,Series A,4,5,14.47,30.183,768.275,12.612,-3.22,93.23,13.59,0.2118,0.2912,1757.683,4,0
ST-004096,Fintech,Seed,5,16,,4.518,49.712,1.421,13.12,66.64,5.21,0.3382,0.3267,200.152,2,1
ST-004097,Healthtech,Pre-seed,2,13,15.65,3.457,4.788,1.834,5.89,58.35,5.7,0.1378,0.4615,23.752,0,0
ST-004098,Healthtech,Series A,5,48,3.14,6.304,49.775,4.488,16.62,56.57,9.34,0.212,0.5014,846.159,2,0
ST-004099,D2C,Pre-seed,4,9,27.0,6.45,87.065,3.648,12.42,41.4,1.86,0.227,1.7645,26.761,0,0
ST-004100,Deeptech,Pre-seed,4,33,6.32,3.841,126.576,1.585,-12.55,,14.66,0.162,0.1496,4.42,0,0
ST-004101,Fintech,Series A,3,18,5.84,12.82,53.506,5.902,-9.64,55.07,17.4,0.0393,0.1647,757.719,3,0
ST-004102,D2C,Seed,6,22,13.79,31.721,1141.204,19.784,6.58,24.16,28.16,0.0572,0.0695,13.877,1,0
ST-004103,Healthtech,Series A,5,28,10.56,27.441,640.232,8.889,41.86,72.26,1.74,0.6439,1.6959,2929.488,3,0
ST-004104,Fintech,Series A,10,30,6.37,30.601,140.173,27.294,-25.52,70.38,22.51,0.0456,0.1612,925.914,3,0
ST-004105,Deeptech,Seed,14,14,5.69,4.82,118.319,1.189,22.8,81.3,1.23,0.9391,2.1582,45.688,1,0
ST-004106,SaaS,Pre-seed,5,14,,1.013,10.117,0.616,49.72,65.97,4.45,0.7926,1.9466,49.797,0,0
ST-004107,D2C,Pre-seed,4,17,7.41,8.147,48.637,3.447,37.27,69.67,,0.2755,0.5814,47.001,0,0
ST-004108,D2C,Series A,7,17,7.63,2.962,102.9,1.028,13.47,46.45,4.95,0.2326,0.549,209.693,2,0
ST-004109,Deeptech,Series A,11,41,,15.289,631.079,7.714,9.23,40.64,12.33,0.3477,0.3603,2357.336,3,0
ST-004110,Healthtech,Pre-seed,5,54,19.07,2.58,8.373,1.601,30.46,41.0,8.0,0.4698,0.5924,10.058,0,1
ST-004111,Fintech,Pre-seed,5,20,3.99,2.675,34.005,1.143,48.67,62.21,3.95,0.2225,0.5005,10.911,1,0
ST-004112,Agritech,Pre-seed,4,20,3.66,2.583,25.307,0.624,32.08,62.03,7.32,0.4693,1.1196,16.411,0,0
ST-004113,Agritech,Pre-seed,4,30,14.94,1.659,30.492,0.071,20.9,55.02,5.08,0.5279,,24.515,0,0
ST-004114,Edtech,Series A,4,35,0.35,5.19,41.09,3.402,39.41,63.02,2.67,2.5179,2.8731,1383.84,2,0
ST-004115,D2C,Pre-seed,2,16,9.08,4.867,160.766,1.782,20.74,60.53,4.72,0.2028,0.8774,20.858,0,0
ST-004116,Fintech,Seed,10,47,5.81,21.496,69.97,2.327,17.44,69.37,6.42,0.3994,1.122,21.057,0,1
ST-004117,Healthtech,Series A,17,17,6.92,4.866,76.497,2.299,27.33,45.67,42.11,0.046,0.1262,2253.177,2,1
ST-004118,Agritech,Seed,7,29,4.09,7.826,64.503,2.143,2.1,66.23,15.26,0.8647,2.0327,93.097,1,0
ST-004119,Fintech,Seed,16,17,4.96,14.731,169.339,2.404,78.31,56.59,7.44,0.136,0.1593,33.306,1,1
ST-004120,Edtech,Pre-seed,5,21,1.51,4.682,9.377,2.58,20.32,55.32,1.74,4.0764,3.2242,41.815,0,1
ST-004121,Deeptech,Pre-seed,3,13,13.8,5.099,163.29,0.812,13.12,55.63,5.5,0.5422,1.2983,28.918,0,0
ST-004122,Agritech,Pre-seed,2,41,6.4,2.309,7.853,0.907,34.73,55.71,11.31,0.3065,0.4599,33.339,0,1
ST-004123,Deeptech,Pre-seed,9,31,15.67,10.324,156.01,3.739,40.02,50.94,6.79,0.7565,1.1889,6.592,0,0
ST-004124,Fintech,Pre-seed,6,21,29.22,6.629,49.692,1.503,2.62,48.65,14.15,0.1462,0.5241,10.023,0,1
ST-004125,Deeptech,Pre-seed,12,27,3.24,1.529,15.58,0.078,-18.89,51.35,21.49,0.1147,0.2335,42.552,0,0
ST-004126,SaaS,Pre-seed,15,9,12.02,3.29,57.649,0.52,10.05,92.91,9.94,0.1855,0.6508,33.608,0,0
ST-004127,Healthtech,Pre-seed,2,6,3.58,4.818,128.327,1.673,22.98,62.97,1.83,0.3741,0.5614,14.532,0,0
ST-004128,Edtech,Series A,5,17,4.49,5.667,32.781,0.454,-1.57,79.3,19.44,0.825,1.5266,1527.104,2,0
ST-004129,Agritech,Pre-seed,1,40,7.37,2.978,21.188,1.264,16.47,57.72,7.97,0.047,0.0988,35.997,0,0
ST-004130,Deeptech,Pre-seed,7,13,26.33,8.518,106.638,3.688,14.31,51.96,9.88,0.9101,0.6462,22.729,0,0
ST-004131,D2C,Series A,15,37,6.03,8.192,119.391,2.71,-20.35,40.1,20.92,0.1396,0.1928,2104.12,2,1
ST-004132,Healthtech,Pre-seed,4,14,7.22,5.474,108.907,1.777,30.89,65.11,6.81,0.0505,0.2799,14.227,0,0
ST-004133,Edtech,Seed,3,18,9.1,3.189,86.069,2.082,34.36,69.17,7.64,2.5389,3.7763,107.041,1,0
ST-004134,Healthtech,Series A,10,19,7.11,6.972,35.195,5.549,18.13,64.28,4.51,0.8557,2.1767,2622.026,3,1
ST-004135,Edtech,Seed,7,15,3.23,10.129,60.823,3.524,23.65,69.26,3.15,1.5256,2.1621,30.667,1,1
ST-004136,SaaS,Pre-seed,6,27,16.52,8.983,121.33,3.621,3.28,80.49,6.8,0.2483,0.3553,73.532,0,0
ST-004137,Edtech,Seed,7,16,5.56,2.773,9.124,1.911,12.99,65.7,4.63,1.3189,3.488,307.225,2,0
ST-004138,Agritech,Seed,9,15,2.3,13.501,216.379,8.537,29.63,43.03,3.02,3.4811,3.6872,87.373,1,0
ST-004139,D2C,Pre-seed,4,17,9.67,4.012,40.206,2.171,-11.7,36.36,14.66,0.0576,0.2205,13.772,0,1
ST-004140,Agritech,Pre-seed,8,14,17.2,0.721,6.85,0.202,-4.46,60.2,19.63,0.2583,0.9474,30.291,0,1
ST-004141,Edtech,Pre-seed,6,10,4.05,1.208,24.622,0.21,-12.94,56.1,24.78,0.0623,0.2099,16.402,0,1
ST-004142,Healthtech,Series A,5,34,6.46,26.319,245.274,13.471,49.37,42.36,4.07,,1.0979,1802.291,3,1
ST-004143,SaaS,Pre-seed,9,19,7.58,1.198,49.44,0.654,11.18,78.18,11.03,0.2289,0.534,48.724,0,0
ST-004144,Fintech,Pre-seed,8,12,5.23,3.336,15.736,2.549,47.17,71.03,4.48,0.2799,2.1765,7.561,1,0
ST-004145,Edtech,Seed,8,12,7.78,6.132,45.717,1.163,13.94,65.14,,2.8161,1.9242,158.046,2,1
ST-004146,Fintech,Series A,12,40,21.52,26.382,1541.557,9.063,51.67,54.85,6.19,,0.4662,3782.484,4,0
ST-004147,SaaS,Pre-seed,11,7,7.9,4.406,27.911,2.353,42.88,94.14,3.24,2.1537,0.9675,19.887,0,0
ST-004148,D2C,Pre-seed,1,23,11.1,12.53,42.851,9.817,2.62,50.55,8.61,0.1179,0.3912,50.794,0,1
ST-004149,Edtech,Pre-seed,8,4,5.85,1.887,19.775,0.196,19.38,79.72,10.88,1.2321,0.9674,36.7,0,1
ST-004150,Edtech,Seed,5,21,9.49,6.981,332.66,2.573,-5.58,66.51,14.5,0.1194,0.3095,138.901,1,0
ST-004151,Fintech,Seed,12,22,10.33,13.818,143.256,8.29,29.4,73.4,6.23,0.0954,0.4523,34.981,1,0
ST-004152,Healthtech,Series A,11,11,13.24,283.68,186.101,12.78,36.63,50.49,4.38,0.8412,0.8348,562.581,4,0
ST-004153,Edtech,Pre-seed,2,7,5.41,7.236,175.597,2.459,56.47,33.23,4.16,0.028,0.256,50.097,0,0
ST-004154,Edtech,Pre-seed,3,18,,2.483,38.916,0.972,45.93,67.39,5.34,0.5795,,13.801,1,0
ST-004155,Healthtech,Pre-seed,7,6,14.15,7.399,128.086,2.592,26.09,48.29,7.84,0.0424,0.1222,8.899,1,0
ST-004156,SaaS,Pre-seed,3,34,5.8,1.981,2.272,1.478,24.43,91.55,6.1,1.0789,1.2507,39.779,0,1
ST-004157,Deeptech,Seed,4,15,3.22,10.83,35.207,8.147,10.33,68.19,,0.2284,1.1719,135.493,2,0
ST-004158,SaaS,Seed,4,43,,10.6,26.769,5.515,53.8,85.42,1.76,0.5382,3.7852,301.163,1,0
ST-004159,Edtech,Pre-seed,6,33,13.85,6.851,33.582,6.02,-1.15,57.76,9.1,0.3636,0.6475,2.833,0,1
ST-004160,SaaS,Seed,18,19,15.23,11.14,391.981,3.528,-6.3,81.89,12.28,0.0903,0.569,115.562,1,0
ST-004161,Healthtech,Pre-seed,1,19,12.25,4.941,9.524,2.618,-6.04,69.09,15.09,0.1807,0.4937,9.186,0,1
ST-004162,Fintech,Seed,35,34,16.87,9.42,47.071,2.147,38.07,72.46,6.18,0.7298,1.3838,357.627,2,0
ST-004163,Agritech,Pre-seed,4,8,20.46,5.269,14.408,2.469,37.22,41.91,7.29,0.6099,,40.585,0,0
ST-004164,Edtech,Seed,9,16,28.05,31.45,618.1,20.219,24.84,46.23,4.09,1.4373,2.0032,288.652,1,0
ST-004165,D2C,Pre-seed,3,37,12.69,7.494,284.84,4.591,23.57,,5.32,0.0539,0.224,87.669,0,0
ST-004166,Fintech,Series A,10,37,,25.149,284.366,17.315,-10.84,67.78,24.94,0.2623,0.3647,636.573,2,1
ST-004167,SaaS,Series A,11,21,2.44,5.282,59.695,3.294,19.7,88.29,5.1,0.3096,1.1052,1660.836,2,0
ST-004168,Edtech,Series A,5,26,3.03,6.781,87.601,2.377,39.9,66.78,1.7,1.1143,2.0721,953.637,2,0
ST-004169,Healthtech,Series A,6,17,4.27,13.45,152.843,5.395,-8.72,61.24,16.57,0.0104,0.0663,284.477,2,0
ST-004170,Edtech,Pre-seed,8,13,15.61,6.536,114.901,2.15,-8.63,65.03,19.83,0.0512,0.0761,30.279,0,0
ST-004171,Deeptech,Seed,2,27,4.52,5.834,29.634,3.396,22.04,54.52,9.69,0.3686,0.2908,77.966,1,1
ST-004172,D2C,Pre-seed,5,13,4.49,6.432,80.683,3.57,33.09,,4.13,0.7259,0.7297,19.975,0,0
ST-004173,Deeptech,Series A,8,34,4.86,23.913,226.18,13.096,31.13,55.42,4.3,0.6448,2.0195,1545.027,3,0
ST-004174,Fintech,Pre-seed,2,6,7.76,6.724,76.137,1.027,42.42,64.42,7.75,0.4837,1.0748,17.299,0,1
ST-004175,Agritech,Pre-seed,13,23,9.67,3.038,16.664,1.746,20.37,59.96,5.43,1.0851,2.5198,30.49,1,1
ST-004176,Healthtech,Seed,3,11,9.65,5.77,8.514,4.192,-19.3,67.95,21.89,0.0586,0.2078,107.589,1,1
ST-004177,Healthtech,Pre-seed,2,15,4.98,2.296,43.92,0.622,27.84,63.96,3.58,2.0601,2.1721,11.149,0,1
ST-004178,Deeptech,Seed,6,13,14.96,17.789,167.484,11.642,40.46,48.56,6.18,0.1234,0.1838,241.923,2,1
ST-004179,D2C,Pre-seed,2,23,,3.833,39.961,1.729,3.94,33.58,7.53,1.1331,1.9629,10.037,0,1
ST-004180,Deeptech,Seed,6,9,13.64,5.273,263.045,2.288,12.62,57.4,4.42,1.4537,3.6826,59.098,1,0
ST-004181,D2C,Series A,11,34,8.11,17.454,242.567,10.674,-31.71,45.87,23.65,0.0603,0.0788,646.646,3,1
ST-004182,SaaS,Seed,7,20,,86.901,638.657,14.714,9.62,76.49,4.26,2.5962,4.4019,97.811,1,1
ST-004183,D2C,Pre-seed,4,14,5.97,3.503,9.731,1.737,50.55,56.78,2.18,0.5155,,44.197,1,1
ST-004184,Edtech,Pre-seed,2,11,4.09,11.169,68.321,5.657,7.67,77.17,4.09,1.031,0.8592,5.904,0,1
ST-004185,Deeptech,Pre-seed,6,13,2.21,0.929,9.944,0.524,-5.18,70.67,11.14,0.2919,0.479,52.286,0,1
ST-004186,Agritech,Pre-seed,4,33,8.79,2.921,8.459,2.188,58.16,40.72,6.39,0.0834,0.2499,1.424,0,0
ST-004187,SaaS,Seed,5,14,3.6,14.694,256.455,7.896,28.41,93.42,,1.7674,1.9124,51.26,0,0
ST-004188,SaaS,Pre-seed,10,33,2.73,3.901,20.976,2.741,27.0,61.16,8.11,1.485,1.3127,62.191,1,1
ST-004189,SaaS,Pre-seed,4,39,13.2,2.429,19.058,0.907,20.27,81.39,3.83,0.3068,0.5576,47.406,0,0
ST-004190,Edtech,Pre-seed,8,14,17.56,3.331,32.345,1.013,2.84,76.49,6.48,0.6644,0.9671,33.723,0,1
ST-004191,SaaS,Series A,22,10,4.5,28.768,93.289,17.339,8.47,70.68,,0.4894,0.3257,453.336,2,0
ST-004192,D2C,Pre-seed,9,28,35.0,18.955,138.798,7.961,51.89,33.28,4.94,0.946,0.6193,16.626,0,1
ST-004193,Healthtech,Pre-seed,6,28,12.94,9.969,122.354,4.855,2.58,62.41,9.13,0.1509,0.6391,7.674,0,0
ST-004194,Agritech,Seed,6,38,8.73,4.727,28.727,3.822,44.17,70.17,2.66,0.8969,1.237,81.252,1,1
ST-004195,Fintech,Pre-seed,4,16,1.5,4.404,31.849,0.847,24.33,86.74,4.03,0.3587,1.4286,7.074,1,0
ST-004196,Healthtech,Series A,9,28,10.98,14.44,61.453,12.891,21.44,75.92,7.39,,0.8317,1229.251,3,0
ST-004197,SaaS,Pre-seed,1,12,3.24,2.066,31.021,0.69,-18.07,71.03,16.92,0.0286,0.1898,6.348,0,0
ST-004198,Deeptech,Seed,10,15,3.68,10.243,409.571,1.895,24.43,58.05,1.72,0.2721,0.7325,216.568,0,0
ST-004199,SaaS,Seed,7,23,11.75,6.067,63.271,1.258,14.14,96.0,5.43,1.5684,2.3542,23.293,1,0
ST-004200,SaaS,Series A,17,39,24.88,5.963,34.603,2.102,-19.88,91.93,18.42,0.1903,0.6609,2918.433,3,0
ST-004201,SaaS,Seed,6,30,9.0,13.51,778.789,4.145,16.38,64.98,,1.9404,1.084,33.942,1,0
ST-004202,Agritech,Seed,9,21,14.85,9.204,244.49,3.007,6.56,60.86,6.72,0.0781,,164.014,0,0
ST-004203,SaaS,Seed,3,36,24.59,4.658,39.819,2.354,21.06,73.92,2.72,0.2303,1.716,37.538,1,0
ST-004204,Healthtech,Seed,3,9,2.18,9.862,69.059,4.179,-2.43,59.84,12.35,0.1033,0.1087,127.307,1,1
ST-004205,D2C,Seed,1,63,11.87,3.874,158.755,1.966,-5.82,56.22,13.44,0.758,1.469,358.025,2,0
ST-004206,D2C,Seed,6,10,17.94,5.213,30.279,2.947,17.49,44.02,4.89,0.1038,0.2526,70.638,1,0
ST-004207,SaaS,Seed,4,20,16.18,12.123,88.512,8.247,7.2,76.3,4.97,1.6286,2.9074,133.036,1,0
ST-004208,SaaS,Pre-seed,2,19,17.11,5.415,78.608,1.974,9.91,93.89,11.05,,0.3588,16.685,0,0
ST-004209,Edtech,Pre-seed,5,19,5.43,2.346,18.288,1.5,-8.63,75.31,13.43,0.3883,0.5261,16.203,0,1
ST-004210,SaaS,Pre-seed,3,29,9.9,4.827,22.197,1.41,15.8,85.69,,0.3044,0.4631,14.062,0,1
ST-004211,D2C,Pre-seed,2,9,18.07,3.839,24.814,1.699,30.46,71.2,1.84,0.1432,2.1776,13.811,0,0
ST-004212,Fintech,Pre-seed,19,20,11.59,2.54,16.877,1.732,22.77,70.38,8.24,0.3491,0.865,19.606,0,1
ST-004213,Edtech,Pre-seed,4,25,2.91,3.009,11.533,1.11,9.26,70.58,7.99,1.0315,0.4406,10.207,0,1
ST-004214,SaaS,Seed,3,37,3.41,10.085,91.713,3.951,-18.98,78.58,19.06,,0.0937,115.075,2,1
ST-004215,Healthtech,Seed,4,17,16.5,11.054,349.554,7.021,-2.39,,,0.2289,0.3946,83.261,1,0
ST-004216,SaaS,Seed,6,22,0.61,2.184,88.091,1.14,-0.13,66.44,10.98,0.157,1.0354,74.857,1,0
ST-004217,D2C,Seed,6,20,12.08,8.744,77.103,4.632,33.12,57.52,1.7,0.4322,2.5629,199.756,1,0
ST-004218,SaaS,Pre-seed,9,24,13.64,3.929,29.519,1.977,33.85,77.13,3.82,0.3081,0.7546,25.934,0,0
ST-004219,Deeptech,Pre-seed,4,24,10.66,1.524,10.488,0.66,23.54,86.48,7.87,5.8646,6.3809,32.784,0,0
ST-004220,D2C,Seed,20,17,13.69,4.336,10.681,1.766,8.22,38.3,6.25,0.1746,0.4621,13.056,1,1
ST-004221,SaaS,Series A,8,24,13.61,20.166,417.185,4.301,41.37,73.7,4.43,0.5164,0.6643,860.711,4,0
ST-004222,SaaS,Seed,8,21,0.87,20.027,278.415,5.726,28.71,85.7,11.08,1.0219,2.8448,242.664,1,0
ST-004223,Fintech,Seed,12,11,1.62,3.062,81.729,1.11,-28.09,56.75,,0.011,0.048,289.367,1,0
ST-004224,SaaS,Seed,13,25,4.55,14.956,372.7,6.248,48.72,65.61,13.45,0.1178,0.1835,144.694,2,0
ST-004225,SaaS,Seed,14,24,,1.908,20.772,1.176,12.09,89.5,4.11,1.3403,3.4788,78.976,0,0
ST-004226,Deeptech,Seed,5,11,9.88,31.327,542.758,27.054,35.25,33.97,8.99,0.0375,0.1405,97.745,1,0
ST-004227,Healthtech,Seed,6,26,3.49,7.467,28.912,4.818,25.38,65.24,4.56,0.5794,1.8428,94.871,1,0
ST-004228,SaaS,Pre-seed,1,62,18.69,2.306,20.051,1.119,-10.09,84.47,16.69,0.9175,0.7166,27.03,0,1
ST-004229,Healthtech,Pre-seed,3,10,28.85,5.975,18.022,2.412,7.19,73.28,5.39,2.138,,57.285,0,0
ST-004230,Fintech,Pre-seed,8,8,13.61,2.604,16.258,1.223,-23.45,73.33,22.77,1.5781,0.5303,10.84,0,1
ST-004231,Deeptech,Seed,11,29,9.75,16.605,758.726,2.731,-0.75,88.7,12.1,0.1398,,53.5,0,0
ST-004232,SaaS,Seed,6,17,10.75,6.758,76.81,4.315,18.48,77.9,5.35,0.1593,0.6331,103.582,0,0
ST-004233,D2C,Pre-seed,11,29,4.9,0.261,3.339,0.16,18.44,33.43,1.82,,0.6306,22.519,0,0
ST-004234,Agritech,Pre-seed,3,16,2.78,1.98,21.46,0.318,2.93,82.33,13.39,0.0712,0.2019,12.337,0,0
ST-004235,SaaS,Seed,4,15,15.11,8.479,64.993,4.904,10.19,83.15,6.82,0.4395,1.2235,221.349,2,0
ST-004236,SaaS,Pre-seed,3,16,13.52,8.313,105.415,1.504,19.31,72.41,6.43,0.0677,0.2267,23.051,0,0
ST-004237,Fintech,Series A,5,33,15.22,24.259,354.641,9.767,28.1,50.62,11.97,0.2791,0.3573,481.914,2,0
ST-004238,Agritech,Pre-seed,6,24,10.38,7.561,122.573,3.833,3.85,48.56,,0.0667,0.1006,15.242,1,0
ST-004239,Healthtech,Pre-seed,5,7,2.6,2.432,122.684,0.877,13.84,54.43,7.39,0.2688,0.6685,39.517,1,0
ST-004240,D2C,Pre-seed,6,24,2.44,6.839,235.712,2.285,-9.33,39.53,18.03,0.0212,0.1097,35.845,0,0
ST-004241,Agritech,Pre-seed,3,17,3.58,6.065,49.034,2.436,-8.59,29.19,14.13,0.0765,0.2475,20.793,0,1
ST-004242,Agritech,Pre-seed,4,18,,1.097,6.038,0.71,40.73,47.94,5.0,0.0267,0.0974,111.262,0,0
ST-004243,Edtech,Pre-seed,1,21,2.25,7.492,49.734,2.35,49.11,71.73,,1.8207,3.4382,23.087,1,0
ST-004244,Edtech,Pre-seed,5,8,,4.297,27.057,1.542,21.31,55.96,1.2,1.433,3.5127,22.81,1,0
ST-004245,D2C,Pre-seed,4,6,,3.307,7.203,2.638,10.17,43.22,4.1,0.2555,0.5584,14.548,0,1
ST-004246,Fintech,Seed,3,9,2.52,8.045,91.97,3.955,5.61,62.67,5.31,1.2842,1.3044,153.116,1,0
ST-004247,Agritech,Pre-seed,4,28,11.25,1.681,13.099,0.545,42.63,53.0,2.09,0.9463,2.6474,25.856,1,0
ST-004248,SaaS,Pre-seed,3,28,20.79,6.075,71.019,0.498,-48.0,96.0,32.11,0.0395,0.0809,11.658,0,1
ST-004249,SaaS,Pre-seed,12,3,7.7,4.795,16.493,3.455,64.75,84.32,19.65,0.0889,0.3614,30.179,0,0
ST-004250,Agritech,Series A,5,24,1.9,19.813,245.455,16.044,15.7,39.28,2.54,2.3167,1.9957,374.38,2,1
ST-004251,Fintech,Seed,8,15,6.34,10.559,66.816,4.779,-37.92,66.64,30.67,0.0298,0.0501,56.001,1,1
ST-004252,SaaS,Series A,5,15,5.08,16.415,87.288,9.468,65.67,85.93,,,4.4724,851.764,2,1
ST-004253,SaaS,Series A,7,41,6.37,11.438,374.274,9.104,-36.48,68.54,29.19,0.1447,,585.283,3,0
ST-004254,Healthtech,Pre-seed,5,35,6.9,10.05,45.315,1.819,-30.4,52.93,,0.0417,0.1625,64.458,1,1
ST-004255,Agritech,Seed,5,23,23.0,10.519,660.125,3.237,-3.32,41.73,9.97,0.0753,0.2217,75.918,1,0
ST-004256,SaaS,Pre-seed,4,12,10.81,4.369,12.989,1.854,13.69,79.94,3.42,0.0771,0.6368,1.091,1,0
ST-004257,SaaS,Series A,12,20,10.72,12.847,59.058,8.148,39.23,77.87,2.9,0.2712,0.8923,848.044,2,0
ST-004258,Edtech,Pre-seed,3,8,5.0,0.951,2.436,0.924,9.76,48.47,7.73,0.2681,0.3486,18.428,0,0
ST-004259,Deeptech,Pre-seed,7,13,14.78,1.432,13.04,0.136,0.08,51.6,11.61,0.1168,0.5924,9.091,0,0
ST-004260,Fintech,Series A,8,16,16.01,14.657,14.033,4.88,7.53,67.61,10.06,0.0892,0.7815,548.415,2,0
ST-004261,Deeptech,Series A,9,44,12.27,54.692,1084.182,36.82,7.42,69.8,6.75,0.1609,0.577,453.042,1,0
ST-004262,Deeptech,Series A,13,9,11.52,13.207,88.411,8.112,44.22,43.42,2.05,0.6056,0.8629,646.554,2,1
ST-004263,Fintech,Pre-seed,4,26,2.43,3.225,46.137,0.775,39.16,57.89,2.61,0.6996,1.0569,15.875,0,1
ST-004264,Agritech,Pre-seed,6,9,10.48,1.762,78.169,0.497,4.32,39.49,5.95,0.4042,1.1703,8.107,1,0
ST-004265,D2C,Pre-seed,5,24,19.58,1.6,12.005,0.703,9.77,29.96,4.09,0.1001,0.1773,15.214,0,1
ST-004266,Healthtech,Seed,8,19,10.83,4.592,83.898,1.513,-23.55,33.88,20.6,0.0268,0.1248,278.019,2,0
ST-004267,Edtech,Seed,5,31,13.49,7.947,36.64,4.194,28.77,71.87,3.79,0.4797,0.9502,538.388,2,0
ST-004268,Agritech,Pre-seed,2,7,6.39,2.491,47.059,1.113,15.92,53.28,,0.3508,1.4038,20.351,0,0
ST-004269,Agritech,Seed,3,14,4.69,4.617,58.98,2.924,23.64,56.51,1.68,0.5808,2.1019,1358.762,2,0
ST-004270,D2C,Pre-seed,1,14,3.24,2.58,9.66,1.176,30.27,50.88,7.97,0.1961,0.1832,25.291,0,1
ST-004271,Deeptech,Seed,19,21,17.57,13.584,434.928,6.87,48.18,,5.85,0.9762,2.1246,122.675,1,0
ST-004272,Edtech,Series A,3,25,,16.497,128.524,14.113,5.82,59.87,6.95,0.1623,0.7342,2669.111,3,0
ST-004273,Agritech,Seed,13,11,16.12,1.77,19.583,0.469,16.64,63.61,3.61,0.6863,1.4399,239.447,0,1
ST-004274,Agritech,Pre-seed,2,7,5.81,2.053,39.128,0.494,49.89,59.02,3.67,0.1441,0.4144,19.003,1,0
ST-004275,SaaS,Pre-seed,8,14,16.83,3.617,42.314,2.678,13.35,80.54,4.01,0.4442,1.1408,54.014,1,0
ST-004276,SaaS,Pre-seed,1,16,8.55,5.291,22.129,2.078,15.1,70.96,6.43,0.3469,0.4637,23.429,1,1
ST-004277,Edtech,Seed,5,17,6.35,7.129,202.9,0.967,70.93,67.98,4.53,0.1435,1.0145,31.122,1,0
ST-004278,Agritech,Seed,15,7,6.39,12.294,155.98,4.32,14.55,54.09,5.85,0.118,0.1664,27.127,1,1
ST-004279,Fintech,Pre-seed,6,16,14.42,1.884,14.033,0.944,53.44,61.07,5.2,0.7402,0.9314,15.61,0,1
ST-004280,D2C,Series A,8,30,10.81,20.04,137.602,13.69,2.27,,8.18,0.1812,0.8266,1682.566,2,0
ST-004281,SaaS,Seed,2,23,14.48,32.36,309.008,17.306,5.96,88.33,4.85,0.5428,0.8758,108.551,1,0
ST-004282,Fintech,Series A,4,22,19.41,19.776,59.176,13.095,-28.13,72.76,30.29,0.0879,0.2122,1658.607,2,1
ST-004283,Healthtech,Seed,15,22,7.02,9.45,66.275,1.483,28.35,73.49,7.11,0.1142,,33.1,1,0
ST-004284,SaaS,Series A,8,16,12.42,20.571,43.505,12.347,29.06,91.36,10.48,0.4905,2.1886,579.805,2,1
ST-004285,Deeptech,Pre-seed,4,32,7.74,4.037,84.86,0.917,18.88,69.35,3.72,1.0756,0.6324,26.873,1,0
ST-004286,SaaS,Pre-seed,5,12,6.01,1.951,19.698,0.814,26.63,76.08,6.05,0.3774,0.7898,12.438,0,0
ST-004287,Deeptech,Series A,4,30,10.91,22.875,424.595,3.86,32.38,66.58,3.49,0.4008,0.7602,1403.491,2,1
ST-004288,SaaS,Series A,13,48,2.41,4.302,35.498,1.573,-17.12,87.28,21.28,0.0664,0.1486,474.936,3,1
ST-004289,Deeptech,Seed,5,18,15.49,15.231,142.372,6.453,16.97,66.92,,0.3326,1.2643,93.424,1,0
ST-004290,Healthtech,Pre-seed,5,27,10.08,6.95,74.345,0.477,51.83,64.31,12.03,0.1922,1.1556,6.302,0,0
ST-004291,SaaS,Pre-seed,3,12,4.86,1.216,18.173,0.162,11.06,,5.55,0.3027,0.7938,18.265,0,0
ST-004292,SaaS,Seed,2,32,10.24,8.309,23.644,4.469,-13.39,70.78,19.84,2.3609,,28.647,1,1
ST-004293,SaaS,Series A,8,44,1.79,12.111,119.868,6.552,36.72,87.15,6.74,0.806,2.1523,669.48,2,0
ST-004294,Healthtech,Pre-seed,6,10,3.15,13.415,155.034,6.608,20.12,76.38,5.41,0.6584,2.2059,15.645,0,0
ST-004295,Agritech,Pre-seed,5,26,3.17,9.113,110.352,4.752,16.43,70.15,6.41,0.294,0.8122,30.77,0,0
ST-004296,Edtech,Seed,6,43,2.88,11.919,548.088,6.562,6.95,65.63,5.62,0.4554,2.0843,278.307,1,0
ST-004297,Edtech,Seed,11,24,7.16,15.547,189.698,6.236,34.83,86.65,2.05,2.3145,3.4289,23.569,1,1
ST-004298,Healthtech,Seed,5,35,10.21,6.817,124.492,4.354,3.95,61.2,10.29,0.138,0.212,129.884,1,0
ST-004299,Healthtech,Seed,6,39,35.0,10.692,262.065,3.523,45.87,70.65,2.65,0.7538,1.9443,110.514,0,0
ST-004300,D2C,Series A,7,37,17.04,12.392,103.131,3.738,15.78,48.69,3.06,0.1743,0.8487,528.417,3,0
ST-004301,Edtech,Pre-seed,7,10,1.34,1.656,31.564,0.427,38.28,80.97,3.87,0.088,0.6216,19.01,1,0
ST-004302,D2C,Seed,7,25,,8.234,22.77,3.058,34.32,50.24,11.96,0.2014,0.6581,140.321,2,1
ST-004303,Deeptech,Seed,4,27,4.91,10.787,67.257,4.758,-9.3,51.4,15.03,0.1015,0.2886,79.093,1,0
ST-004304,Fintech,Seed,2,6,11.81,8.623,133.039,4.44,25.53,79.43,3.0,1.503,1.8694,493.068,1,0
ST-004305,SaaS,Series A,20,22,7.32,13.563,46.249,9.401,8.37,76.55,4.19,1.3437,4.964,5047.364,4,1
ST-004306,SaaS,Seed,4,22,24.35,7.72,173.895,3.305,29.29,85.45,4.51,1.4463,1.5984,42.364,1,0
ST-004307,Healthtech,Seed,7,26,16.12,16.804,414.654,10.67,14.23,44.38,4.41,0.4039,1.8745,290.814,1,0
ST-004308,Fintech,Pre-seed,17,9,22.14,3.419,47.183,1.092,-22.54,77.1,,0.0537,0.1382,43.015,0,1
ST-004309,Deeptech,Seed,10,18,12.25,4.558,82.846,0.653,32.1,37.36,5.4,0.1143,0.2886,87.913,1,0
ST-004310,Healthtech,Pre-seed,10,19,5.78,7.542,63.103,3.054,-29.87,57.5,22.03,0.0364,0.1956,21.246,0,0
ST-004311,Healthtech,Pre-seed,3,13,13.47,8.577,107.309,3.095,19.97,47.98,2.68,0.5714,1.4428,9.114,0,1
ST-004312,Agritech,Seed,12,6,19.42,8.796,230.398,5.108,55.29,39.68,11.02,0.1846,0.3364,106.692,1,0
ST-004313,Fintech,Seed,6,37,4.3,4.394,88.653,3.023,44.92,67.61,2.54,,4.1964,136.672,1,0
ST-004314,Agritech,Series A,13,57,11.23,11.845,159.069,7.776,22.45,44.61,4.62,7.9343,10.5364,4086.133,4,0
ST-004315,SaaS,Seed,22,24,14.95,9.072,39.479,1.958,4.76,90.11,9.72,0.0779,0.2108,82.952,1,1
ST-004316,Healthtech,Series A,8,28,5.38,7.87,74.945,4.185,12.68,60.29,14.34,0.0965,0.2003,1353.005,2,1
ST-004317,Deeptech,Pre-seed,4,16,6.42,3.448,35.016,2.112,39.08,59.85,12.08,0.3358,0.4997,22.243,1,0
ST-004318,Agritech,Seed,4,9,7.79,6.117,138.902,2.926,-1.07,43.01,13.56,0.0922,,123.175,1,0
ST-004319,Agritech,Series A,17,9,11.3,30.519,480.663,18.11,22.78,60.23,2.67,0.6991,1.4282,463.967,2,0
ST-004320,Edtech,Pre-seed,3,2,8.56,3.992,74.805,2.766,-0.87,69.01,9.04,0.3571,0.563,19.71,0,0
ST-004321,Agritech,Series A,19,40,9.19,8.623,58.68,5.077,8.09,57.79,5.66,0.7349,0.5645,959.447,2,1
ST-004322,Healthtech,Seed,2,48,26.01,7.669,42.699,4.127,5.59,71.36,23.58,0.2354,0.3354,41.913,1,1
ST-004323,Healthtech,Pre-seed,5,21,8.33,2.865,58.781,1.108,25.7,72.51,6.66,0.2119,0.7982,11.178,0,0
ST-004324,SaaS,Seed,4,16,21.11,5.492,23.88,2.67,27.02,86.57,4.83,2.8984,2.4567,32.199,1,1
ST-004325,SaaS,Pre-seed,6,15,,6.489,24.586,2.713,62.22,83.91,5.56,2.5618,2.7955,30.454,0,0
ST-004326,Healthtech,Pre-seed,4,23,4.62,1.162,10.264,0.549,13.79,75.15,10.99,0.0888,0.386,43.687,0,1
ST-004327,SaaS,Pre-seed,3,30,16.4,9.942,172.878,3.114,23.78,,3.5,1.9994,3.6293,39.839,0,0
ST-004328,D2C,Pre-seed,3,16,6.08,19.59,267.716,5.473,41.68,43.45,5.21,0.2121,0.3583,13.476,0,0
ST-004329,Agritech,Pre-seed,2,13,15.92,3.989,5.92,0.787,16.47,,4.37,0.5182,1.2526,2.691,0,0
ST-004330,Deeptech,Series A,17,14,5.92,12.06,120.71,6.257,16.04,69.51,3.28,0.1929,0.965,1573.898,2,0
ST-004331,SaaS,Pre-seed,2,12,,8.913,55.443,1.636,29.79,81.44,4.31,0.3334,0.4134,7.402,1,1
ST-004332,Deeptech,Series A,9,31,,26.799,923.934,9.187,-0.21,64.82,11.97,0.0975,0.8005,1126.99,3,0
ST-004333,SaaS,Seed,8,23,,5.06,12.544,2.674,19.72,87.01,,0.2123,0.5165,144.266,2,0
ST-004334,Edtech,Pre-seed,10,19,19.91,1.686,20.044,1.032,-0.03,67.99,16.98,0.0777,0.1733,10.772,0,0
ST-004335,Agritech,Pre-seed,4,9,5.85,2.65,33.157,0.381,10.31,35.84,4.28,0.1381,0.4797,13.746,0,0
ST-004336,SaaS,Series A,9,21,8.26,16.259,218.168,8.7,59.08,69.88,5.71,6.6438,3.738,650.332,2,1
ST-004337,SaaS,Seed,7,31,5.63,14.08,374.088,1.148,12.47,77.93,2.49,2.8159,7.7925,46.964,2,0
ST-004338,SaaS,Series A,3,47,3.06,17.368,202.188,4.546,18.66,82.45,4.77,0.1437,0.3735,896.481,2,0
ST-004339,Healthtech,Pre-seed,2,25,11.01,6.419,83.296,0.972,-38.57,50.06,26.31,0.0076,0.057,67.675,0,0
ST-004340,Agritech,Seed,5,35,8.29,5.346,262.512,3.122,24.75,28.97,6.56,,1.327,84.362,1,0
ST-004341,SaaS,Seed,4,6,1.71,13.675,364.352,3.365,57.0,80.87,14.27,,2.1422,178.481,0,0
ST-004342,SaaS,Series A,4,43,20.35,12.197,320.424,4.016,-3.82,82.09,16.66,0.2122,0.5266,1808.46,3,0
ST-004343,Healthtech,Pre-seed,7,21,9.06,17.386,336.097,6.305,39.76,72.52,3.97,0.7374,1.5145,9.081,0,0
ST-004344,SaaS,Series A,12,26,5.5,8.846,512.101,1.806,0.98,,14.06,0.218,0.4891,1252.258,2,0
ST-004345,D2C,Pre-seed,4,20,14.51,5.383,90.508,2.915,-17.77,33.06,16.39,0.0721,0.1286,4.031,0,1
ST-004346,Deeptech,Series A,7,51,17.36,106.125,1160.743,74.008,4.81,61.76,9.87,0.0423,0.1863,285.163,1,0
ST-004347,D2C,Seed,7,16,3.35,16.428,271.394,7.51,1.15,74.16,26.97,0.0674,0.3805,135.303,1,0
ST-004348,Deeptech,Seed,9,24,2.91,19.589,129.629,14.838,17.92,43.51,6.39,0.0498,0.2542,242.064,1,0
ST-004349,Healthtech,Pre-seed,3,15,6.42,5.732,142.28,0.172,10.64,52.26,4.92,,1.292,23.339,0,0
ST-004350,Agritech,Series A,13,15,11.51,13.527,313.574,8.702,-6.97,62.69,13.21,0.115,0.3652,1103.803,2,0
ST-004351,SaaS,Pre-seed,2,6,22.66,3.404,24.923,1.105,28.19,84.08,5.84,0.6381,2.4269,8.191,1,0
ST-004352,SaaS,Seed,7,12,0.57,4.931,37.715,2.58,40.14,85.03,4.84,0.2163,0.7929,52.607,0,0
ST-004353,D2C,Seed,13,13,27.12,2.568,43.677,0.709,29.14,54.82,3.77,0.4828,0.4246,72.849,1,0
ST-004354,SaaS,Seed,13,19,9.73,11.719,90.084,2.257,19.24,90.14,4.54,0.3662,0.7045,120.68,2,1
ST-004355,Deeptech,Seed,14,35,,3.784,14.746,2.58,13.87,62.66,,1.5562,2.4497,95.144,1,0
ST-004356,D2C,Seed,7,12,18.51,12.401,102.416,7.96,27.8,54.0,7.59,0.2222,0.4756,109.566,0,0
ST-004357,Deeptech,Seed,6,13,8.3,9.167,112.119,4.954,3.94,44.82,13.12,0.0477,0.0992,36.195,1,0
ST-004358,Fintech,Seed,5,45,6.31,5.014,78.488,2.474,33.17,78.8,7.41,0.1565,0.5376,246.902,1,0
ST-004359,Edtech,Seed,2,16,12.07,17.89,139.592,14.197,-11.41,84.2,15.28,0.2527,0.4381,343.825,2,0
ST-004360,D2C,Seed,3,14,9.9,2.733,22.383,2.014,-21.14,60.2,,0.6705,0.3461,45.61,1,1
ST-004361,Fintech,Series A,9,18,5.26,11.828,239.411,4.174,26.89,73.49,6.28,0.3045,0.863,3911.181,3,0
ST-004362,Healthtech,Seed,6,22,8.31,5.871,33.289,3.086,-7.04,83.76,13.3,0.4094,0.7938,488.438,0,1
ST-004363,D2C,Pre-seed,9,16,6.8,4.511,12.849,2.632,1.13,50.05,14.87,0.0835,0.2605,33.963,0,1
ST-004364,Deeptech,Seed,14,14,8.88,7.368,75.791,2.243,-6.3,68.92,16.84,0.2973,0.3182,193.499,2,1
ST-004365,D2C,Pre-seed,3,13,17.33,11.603,113.795,6.614,29.53,,8.86,0.2662,0.8169,6.014,0,0
ST-004366,SaaS,Pre-seed,6,27,,1.437,8.206,0.573,0.25,78.0,11.63,0.1575,,28.56,0,1
ST-004367,Edtech,Seed,5,23,10.61,123.183,292.555,77.391,44.69,81.42,2.07,15.3903,11.9158,104.477,1,1
ST-004368,Healthtech,Seed,10,39,8.2,4.137,24.107,2.033,31.63,,1.36,1.6018,2.9452,144.666,1,0
ST-004369,SaaS,Seed,10,17,8.13,62.068,291.103,18.121,21.05,72.49,3.73,1.8523,1.3671,65.142,1,1
ST-004370,Edtech,Series A,22,35,7.28,27.362,122.648,12.373,47.59,56.18,3.03,1.1224,1.6702,501.385,2,1
ST-004371,Fintech,Pre-seed,3,27,,4.81,56.639,1.468,-2.62,44.36,11.78,0.2663,0.6559,8.153,0,0
ST-004372,SaaS,Pre-seed,7,10,,4.541,68.83,3.307,19.73,,2.53,3.1679,2.9847,32.166,0,0
ST-004373,Healthtech,Pre-seed,1,21,12.45,3.524,43.836,0.416,-31.08,63.9,,0.1183,0.3307,39.475,1,0
ST-004374,SaaS,Pre-seed,9,17,10.14,4.952,141.565,0.781,5.92,78.63,4.44,1.5162,1.4198,15.032,0,0
ST-004375,Healthtech,Seed,6,6,9.68,5.216,8.292,2.158,-12.16,48.97,13.81,0.0977,0.1195,198.319,1,1
ST-004376,SaaS,Seed,6,8,13.67,12.311,195.722,2.362,34.61,54.88,3.82,0.1384,0.158,272.391,2,1
ST-004377,D2C,Seed,2,22,1.93,8.845,154.435,5.817,41.97,39.75,3.51,0.4625,1.571,54.988,1,0
ST-004378,SaaS,Pre-seed,3,5,16.96,1.892,10.599,0.573,11.3,72.66,9.37,0.4733,1.2274,35.398,0,0
ST-004379,Deeptech,Seed,14,6,7.12,15.577,74.871,7.321,63.5,78.84,4.1,0.3573,,232.266,1,0
ST-004380,SaaS,Pre-seed,3,17,6.82,5.018,42.362,0.894,-0.74,81.79,8.06,0.5147,0.2871,22.396,0,1
ST-004381,Healthtech,Seed,10,4,4.38,5.291,96.731,2.585,-9.44,82.29,14.48,0.0826,0.1792,97.573,2,0
ST-004382,Fintech,Seed,6,11,4.85,7.331,29.104,4.236,4.15,60.11,10.28,0.2624,0.2729,185.675,2,1
ST-004383,SaaS,Pre-seed,7,17,1.86,5.579,23.454,2.311,25.02,,1.25,2.7762,2.7626,19.507,1,1
ST-004384,Edtech,Series A,11,22,9.13,27.317,127.465,10.054,33.87,69.69,,0.1632,0.5526,2439.593,2,0
ST-004385,Agritech,Seed,3,18,5.82,6.136,142.393,0.688,32.16,43.09,6.32,0.4275,0.5544,111.117,0,0
ST-004386,Deeptech,Pre-seed,4,23,15.21,11.685,66.243,4.75,9.88,60.83,12.15,0.1577,0.3723,15.464,0,1
ST-004387,Fintech,Seed,17,33,10.99,23.113,215.734,11.875,39.09,65.73,6.52,0.391,0.4891,99.05,1,1
ST-004388,SaaS,Seed,8,35,9.92,18.885,329.636,5.019,4.6,78.65,7.41,0.0955,0.3859,159.35,1,0
ST-004389,D2C,Pre-seed,4,42,6.3,5.469,46.721,0.595,78.09,29.73,4.77,0.0462,0.1482,17.539,0,0
ST-004390,Healthtech,Pre-seed,16,3,,2.418,8.572,0.414,39.56,84.67,3.74,0.2403,1.0502,10.98,0,0
ST-004391,SaaS,Seed,13,13,22.18,14.038,195.216,6.121,-26.81,87.97,,0.0758,0.3732,12.714,0,0
ST-004392,D2C,Series A,17,13,6.23,12.949,283.331,7.242,3.77,35.75,7.1,0.1241,0.1072,611.713,1,0
ST-004393,Healthtech,Seed,8,48,0.66,12.769,377.578,8.419,-0.38,67.29,11.96,0.0458,0.3773,163.106,1,0
ST-004394,D2C,Seed,10,21,7.31,4.933,69.922,2.995,60.01,44.17,9.63,0.3229,0.148,107.473,1,0
ST-004395,Fintech,Seed,10,19,,6.475,37.517,4.971,-4.08,83.41,13.37,0.1082,0.1682,29.263,1,1
ST-004396,Edtech,Seed,2,15,6.88,3.924,50.156,1.989,-31.78,63.79,26.2,0.2053,0.3516,211.377,0,1
ST-004397,SaaS,Pre-seed,5,12,8.79,1.486,11.366,0.588,38.37,81.5,6.32,3.0936,2.2668,9.085,0,0
ST-004398,D2C,Pre-seed,3,12,3.98,2.655,31.579,0.399,-43.36,41.12,29.91,0.0861,0.1408,3.891,0,1
ST-004399,SaaS,Series A,7,19,1.73,6.728,55.279,1.905,6.67,87.3,3.96,0.1532,0.6463,510.795,2,0
ST-004400,Agritech,Series A,9,18,7.41,19.577,258.046,14.525,31.1,51.82,2.79,0.9852,2.4373,1413.422,3,0
ST-004401,Agritech,Series A,4,47,20.28,6.049,69.565,4.331,6.07,65.75,6.0,1.6786,1.3451,1333.742,2,1
ST-004402,D2C,Pre-seed,1,51,8.48,2.501,23.116,0.934,47.13,51.39,6.04,1.438,2.6459,14.904,0,0
ST-004403,SaaS,Seed,14,55,10.35,7.406,30.365,3.378,24.02,96.0,2.94,0.3756,1.5587,107.11,1,0
ST-004404,Fintech,Seed,8,6,6.62,36.784,127.533,15.208,-3.4,66.46,10.57,0.4354,0.5898,103.52,1,1
ST-004405,Edtech,Pre-seed,1,11,11.62,2.062,12.333,1.071,21.84,58.28,7.71,0.1572,0.278,12.935,0,1
ST-004406,Healthtech,Pre-seed,3,4,13.79,1.711,10.025,0.805,53.93,55.03,6.25,0.05,0.1534,12.048,0,1
ST-004407,Deeptech,Seed,11,56,17.9,4.454,40.298,1.687,20.94,50.08,10.01,0.0243,0.0917,97.731,2,0
ST-004408,Fintech,Seed,5,24,21.37,5.368,39.966,2.714,26.86,59.05,4.69,0.2687,0.9357,57.067,1,0
ST-004409,Deeptech,Seed,13,31,10.8,7.137,253.188,3.705,25.57,74.72,2.05,0.8268,,33.596,1,0
ST-004410,SaaS,Pre-seed,7,15,18.24,20.274,146.649,6.294,2.14,79.18,21.92,0.4884,0.3784,8.449,0,1
ST-004411,Fintech,Seed,3,19,15.26,20.009,71.063,9.503,-19.09,71.34,22.02,0.1373,0.3726,68.27,0,0
ST-004412,SaaS,Pre-seed,4,32,11.81,3.075,31.778,0.976,25.42,67.99,3.54,1.6247,1.3874,25.31,1,1
ST-004413,D2C,Pre-seed,3,17,8.35,15.377,132.516,3.44,47.83,48.05,8.24,0.0634,0.1323,8.411,0,1
ST-004414,SaaS,Seed,3,21,1.28,4.754,209.644,2.696,28.34,56.3,5.59,0.2632,0.3471,81.741,0,0
ST-004415,Fintech,Pre-seed,2,25,,3.873,41.741,1.844,-10.91,,21.12,0.1439,0.2902,11.759,1,1
ST-004416,Agritech,Series A,6,31,9.22,9.275,257.273,4.172,23.24,46.23,5.71,0.1454,0.7427,1570.641,3,0
ST-004417,Healthtech,Seed,4,20,6.12,18.572,186.95,8.126,35.66,80.69,3.91,0.7007,1.913,33.704,1,1
ST-004418,SaaS,Pre-seed,5,12,6.14,3.668,45.444,0.722,42.41,91.17,,,2.1159,9.689,0,0
ST-004419,SaaS,Pre-seed,7,11,13.66,11.419,68.139,3.817,30.38,90.93,,0.4444,0.6212,25.372,0,1
ST-004420,Healthtech,Seed,9,36,3.22,12.119,90.97,11.031,21.29,53.45,,0.5082,1.4159,234.905,2,0
ST-004421,Fintech,Pre-seed,6,18,20.24,10.02,39.793,5.313,4.01,72.07,8.99,0.7686,0.8677,3.706,0,1
ST-004422,SaaS,Pre-seed,3,10,10.7,1.043,5.057,0.516,13.54,96.0,2.48,2.8808,5.6623,41.016,0,1
ST-004423,Healthtech,Seed,9,32,5.18,2.609,28.9,2.05,36.88,54.73,6.61,0.1854,0.5873,862.258,2,0
ST-004424,SaaS,Pre-seed,4,16,12.46,1.162,16.654,0.293,-0.33,72.85,11.07,0.7103,0.4546,15.994,0,0
ST-004425,Healthtech,Seed,5,6,14.44,6.515,86.548,2.692,-2.62,63.68,14.23,0.1939,0.4023,84.757,1,0
ST-004426,Fintech,Seed,20,13,5.01,3.294,18.781,1.841,30.94,,8.96,0.1863,0.5862,140.1,1,0
ST-004427,SaaS,Pre-seed,1,16,12.17,9.422,507.967,2.644,25.35,89.53,3.4,0.9141,1.5419,88.15,0,0
ST-004428,SaaS,Seed,2,7,6.67,6.402,80.031,0.84,46.64,88.06,5.57,0.1832,0.7078,76.971,1,0
ST-004429,SaaS,Seed,8,24,19.67,11.508,173.516,2.436,35.0,84.66,5.71,0.1402,0.2979,463.775,2,0
ST-004430,SaaS,Seed,5,26,6.77,5.184,122.907,2.911,4.29,74.33,7.13,1.2231,1.1079,213.507,2,0
ST-004431,Fintech,Pre-seed,2,29,7.3,9.431,40.742,3.279,49.9,90.0,2.8,1.1669,3.2414,24.02,0,0
ST-004432,Deeptech,Seed,3,22,0.77,2.783,29.315,0.755,22.32,74.82,12.13,0.2263,0.537,113.239,1,1
ST-004433,Agritech,Pre-seed,2,10,17.01,3.426,129.893,1.811,32.25,57.39,,0.6936,1.4203,12.577,0,0
ST-004434,Fintech,Seed,11,6,6.88,14.305,143.934,9.36,8.55,82.03,5.56,0.4244,0.9339,277.657,1,0
ST-004435,Healthtech,Pre-seed,8,4,6.7,7.053,128.016,2.794,28.23,62.86,4.31,1.1356,,27.9,0,0
ST-004436,Healthtech,Series A,28,21,18.53,13.512,128.822,7.22,3.56,50.01,,0.2846,0.6415,1130.842,2,0
ST-004437,Agritech,Pre-seed,1,14,11.35,1.035,7.68,0.356,-27.1,62.26,22.56,0.2476,0.833,2.383,1,0
ST-004438,SaaS,Series A,4,9,4.58,29.316,116.551,20.144,52.7,68.5,3.18,0.1595,0.9486,1515.169,2,0
ST-004439,Fintech,Series A,4,27,10.33,14.406,705.01,5.059,-3.62,91.22,,0.1326,0.484,556.44,4,0
ST-004440,Fintech,Seed,14,15,11.61,8.006,57.339,4.73,4.34,56.08,11.2,0.1506,0.3443,125.122,1,1
ST-004441,SaaS,Pre-seed,5,8,7.58,19.065,28.533,13.308,4.49,96.0,10.12,0.9016,1.9914,29.379,0,1
ST-004442,Fintech,Pre-seed,4,7,24.64,5.583,99.352,2.837,55.82,89.17,3.48,0.2104,0.3982,16.296,1,0
ST-004443,Deeptech,Series A,12,47,7.35,15.099,109.965,10.24,24.84,43.69,2.65,0.7872,1.8649,1056.199,2,0
ST-004444,Deeptech,Seed,6,6,8.55,7.55,180.839,1.611,29.51,42.62,2.85,0.5116,1.2608,207.821,1,0
ST-004445,SaaS,Seed,3,49,8.79,11.758,116.43,8.196,36.51,88.22,6.05,1.6262,2.3687,59.351,1,0
ST-004446,Edtech,Pre-seed,5,9,13.84,1.88,41.386,0.546,33.6,84.63,6.8,0.3747,0.6174,17.145,0,0
ST-004447,Fintech,Series A,9,57,4.23,27.62,107.262,12.191,19.37,76.46,3.78,0.3269,0.4201,2683.81,2,1
ST-004448,Edtech,Pre-seed,2,5,15.02,7.502,122.166,0.841,21.68,58.61,3.64,1.3291,,26.44,0,0
ST-004449,Healthtech,Pre-seed,6,21,31.22,4.344,21.469,0.608,49.19,80.77,2.48,0.9143,2.421,16.893,0,1
ST-004450,SaaS,Pre-seed,3,33,2.6,7.856,71.911,2.68,-7.72,96.0,,0.4558,1.0234,37.45,0,1
ST-004451,Agritech,Seed,7,39,4.46,6.469,141.336,4.033,-2.34,42.34,14.32,0.1189,0.1766,196.947,2,0
ST-004452,Deeptech,Series A,9,28,2.27,13.374,51.233,3.444,28.35,63.02,3.38,0.9627,3.2496,596.236,3,1
ST-004453,D2C,Seed,11,23,1.08,2.34,21.868,0.562,23.15,55.74,9.18,0.5386,0.8077,73.296,0,1
ST-004454,D2C,Pre-seed,4,5,4.36,4.938,27.391,1.159,10.43,45.75,3.47,1.6846,2.4423,28.999,0,1
ST-004455,Healthtech,Pre-seed,2,28,4.6,5.729,81.416,0.384,67.63,53.96,3.15,0.2743,1.0066,12.319,1,0
ST-004456,Fintech,Seed,8,36,14.5,20.22,103.483,6.904,-8.72,57.13,14.51,0.4572,0.8048,46.074,1,0
ST-004457,SaaS,Seed,8,20,18.21,13.974,293.328,4.178,17.18,63.28,5.47,0.4722,1.2848,69.295,1,0
ST-004458,Healthtech,Pre-seed,5,18,10.28,20.508,185.438,4.362,23.54,73.33,,0.2055,0.3328,31.03,0,1
ST-004459,SaaS,Pre-seed,7,66,16.81,2.539,25.504,0.638,9.07,77.18,7.23,1.1252,2.2014,3.428,0,0
ST-004460,Agritech,Seed,4,8,13.68,8.783,139.011,1.603,2.08,71.09,10.45,0.3527,0.7845,40.271,1,1
ST-004461,Edtech,Series A,15,29,5.4,7.592,8.174,4.665,8.12,73.8,11.81,0.0841,0.3772,1925.466,4,0
ST-004462,Edtech,Seed,2,32,11.16,12.703,76.525,1.675,49.43,66.88,5.21,0.3002,0.8763,138.176,1,0
ST-004463,Fintech,Pre-seed,4,4,3.93,2.672,51.226,1.662,9.5,84.77,5.32,0.1809,0.5688,28.267,0,0
ST-004464,Deeptech,Seed,5,6,8.55,22.112,114.786,4.118,24.23,57.95,6.31,0.2456,0.7714,561.856,2,0
ST-004465,SaaS,Pre-seed,9,10,9.88,2.27,7.685,1.206,4.75,76.57,5.26,0.3716,1.6499,25.545,1,1
ST-004466,SaaS,Series A,9,16,12.66,24.579,164.554,13.271,29.42,90.83,2.25,0.5006,3.3042,593.101,2,0
ST-004467,SaaS,Pre-seed,6,9,22.99,9.195,156.095,3.477,40.09,76.62,8.41,0.2497,0.8133,14.938,0,0
ST-004468,D2C,Pre-seed,1,10,3.05,1.323,4.129,0.765,13.45,50.5,3.66,0.5472,0.6938,63.693,0,1
ST-004469,Deeptech,Seed,5,14,8.39,4.342,39.54,1.831,30.36,62.54,,0.2734,0.7572,134.943,1,0
ST-004470,SaaS,Pre-seed,2,16,20.42,4.568,104.862,1.751,14.69,83.19,6.44,0.1848,0.9954,10.62,0,0
ST-004471,Deeptech,Pre-seed,18,8,5.09,6.558,81.503,2.654,18.0,62.7,4.63,1.2273,1.2327,23.257,0,0
ST-004472,Fintech,Seed,4,17,4.07,8.083,42.397,2.809,25.04,72.72,8.69,0.0687,0.4646,167.134,1,0
ST-004473,D2C,Seed,7,19,13.49,5.506,119.388,3.966,22.17,50.47,3.92,0.377,1.3731,95.671,2,0
ST-004474,SaaS,Series A,11,18,12.16,7.647,64.722,3.687,19.02,76.62,10.44,0.3702,1.0458,1610.416,2,0
ST-004475,Edtech,Pre-seed,1,21,2.29,4.308,56.023,2.311,-13.92,56.01,16.52,0.2749,0.5243,16.042,0,1
ST-004476,D2C,Pre-seed,3,36,5.71,2.023,11.605,0.944,-8.94,40.24,18.61,0.0696,0.1133,14.58,0,1
ST-004477,Healthtech,Seed,8,8,3.55,11.541,314.149,3.545,-20.81,55.93,21.0,0.0132,0.0586,130.252,1,0
ST-004478,SaaS,Seed,7,10,3.57,4.886,38.246,1.822,-13.92,89.59,15.55,0.6031,0.5964,151.041,1,1
ST-004479,Agritech,Pre-seed,1,25,11.57,2.618,18.383,2.005,26.66,71.31,4.79,0.0941,0.9048,24.6,0,0
ST-004480,Deeptech,Series A,7,27,11.56,52.647,157.752,25.661,6.59,58.26,7.92,0.1349,0.5627,1441.837,2,0
ST-004481,Edtech,Series A,19,35,8.42,24.764,1089.935,6.534,0.73,80.86,,0.1284,0.4194,1737.461,2,0
ST-004482,D2C,Pre-seed,6,24,3.02,1.976,56.279,1.02,54.85,40.59,3.18,1.09,3.2195,17.608,0,0
ST-004483,Agritech,Seed,13,13,3.66,3.626,14.048,2.569,40.75,50.72,11.48,0.1654,0.244,128.161,0,1
ST-004484,Fintech,Seed,3,43,,17.464,550.324,9.816,-17.89,66.43,20.1,0.3768,0.9925,105.415,1,0
ST-004485,Agritech,Pre-seed,9,38,2.54,1.264,4.357,0.529,-1.23,58.82,7.74,1.1379,1.016,22.191,0,1
ST-004486,Fintech,Seed,6,11,1.67,28.417,107.454,15.385,-4.42,61.52,13.51,0.6436,0.7451,129.166,1,1
ST-004487,Agritech,Pre-seed,10,35,6.04,3.912,27.152,2.407,18.31,60.46,6.71,0.7498,0.6146,57.27,0,1
ST-004488,SaaS,Pre-seed,4,37,8.45,2.544,25.293,0.998,-10.12,86.14,,0.1185,0.2869,38.856,1,0
ST-004489,Fintech,Series A,3,56,1.92,19.253,634.518,1.46,-0.3,70.09,9.21,0.5565,0.9597,1436.541,2,0
ST-004490,Healthtech,Seed,11,29,11.24,23.625,218.531,14.407,24.27,57.01,8.55,0.3183,0.646,46.174,1,0
ST-004491,Healthtech,Pre-seed,3,13,7.8,0.998,4.557,0.435,14.19,45.01,5.49,0.1603,0.4243,15.078,0,1
ST-004492,Agritech,Seed,5,13,3.38,14.233,409.687,5.405,-12.01,47.32,17.02,0.0683,0.3534,44.712,0,0
ST-004493,Deeptech,Series A,4,19,9.0,51.849,510.538,27.46,16.13,66.5,2.49,3.5965,3.0925,1254.031,3,0
ST-004494,SaaS,Seed,17,9,1.3,5.865,111.294,2.272,18.22,62.8,3.04,0.0746,0.4331,57.406,1,0
ST-004495,Fintech,Series A,7,29,6.41,18.148,514.804,8.061,18.51,50.89,2.27,1.0773,2.6582,4167.56,2,0
ST-004496,Fintech,Series A,27,21,,21.08,146.487,12.439,-15.56,65.02,,0.394,0.669,553.445,2,1
ST-004497,Edtech,Pre-seed,3,5,8.52,5.756,48.353,2.146,37.6,57.89,1.13,0.457,1.243,30.718,1,0
ST-004498,Edtech,Seed,4,13,9.25,3.845,64.047,1.368,5.06,96.0,20.07,0.51,1.5248,210.399,1,0
ST-004499,Agritech,Seed,14,38,13.93,6.727,172.352,2.542,-8.68,54.77,13.2,0.1793,0.8789,182.903,1,0
ST-004500,Agritech,Seed,6,25,8.18,6.326,52.619,1.612,16.97,47.68,5.89,0.0832,0.1703,144.826,1,0
ST-004501,SaaS,Pre-seed,4,9,2.45,6.289,44.993,2.904,30.91,94.61,9.61,0.5692,0.5669,5.055,0,1
ST-004502,Edtech,Pre-seed,2,44,4.09,23.3,72.62,10.344,29.52,66.38,5.45,0.5001,0.4716,8.38,0,1
ST-004503,Healthtech,Pre-seed,3,20,35.0,2.729,20.406,0.936,44.03,62.15,4.73,0.1122,0.41,71.524,0,0
ST-004504,Edtech,Seed,8,9,1.91,6.882,279.452,1.278,2.16,87.16,,0.2369,0.7586,57.791,1,0
ST-004505,SaaS,Seed,3,16,27.16,4.273,9.889,2.65,-18.51,,31.04,0.0214,0.1597,69.615,1,0
ST-004506,Edtech,Seed,4,7,24.69,4.573,250.589,1.034,8.62,56.46,6.79,0.3484,0.3184,212.622,1,0
ST-004507,Edtech,Seed,5,43,2.41,2.997,103.179,1.901,-43.87,,28.96,0.0337,,74.642,0,0
ST-004508,SaaS,Pre-seed,4,27,15.6,1.282,3.986,0.705,-0.51,,8.65,0.155,0.6264,12.318,1,0
ST-004509,D2C,Pre-seed,10,10,11.13,9.492,39.731,6.871,9.97,37.43,3.86,0.3506,0.9867,4.243,0,1
ST-004510,Fintech,Seed,5,5,17.46,12.89,119.063,6.71,5.14,77.16,,0.1967,0.4058,126.531,2,0
ST-004511,Healthtech,Seed,4,31,4.23,9.48,64.512,6.589,26.2,55.63,2.48,0.9392,1.7711,99.437,1,0
ST-004512,Healthtech,Seed,34,23,11.16,4.726,81.946,3.534,15.05,67.13,3.53,1.1385,2.1463,182.918,1,0
ST-004513,Deeptech,Pre-seed,3,34,5.02,5.665,102.108,2.52,26.4,55.29,4.53,0.6655,1.8047,55.343,0,0
ST-004514,SaaS,Pre-seed,3,2,3.44,1.678,15.898,0.445,22.9,85.92,8.83,0.1811,0.908,17.718,0,0
ST-004515,SaaS,Series A,8,34,,13.879,37.316,9.764,-17.17,81.0,16.96,0.3959,0.4033,261.546,1,1
ST-004516,Fintech,Pre-seed,3,15,13.62,6.622,42.99,3.317,29.63,77.28,7.01,0.3837,0.6926,15.981,0,1
ST-004517,Edtech,Pre-seed,4,55,12.8,2.297,155.681,0.174,5.67,77.53,8.76,0.0801,0.4908,15.369,0,0
ST-004518,Fintech,Seed,11,9,16.34,5.785,70.662,3.193,20.02,,7.42,0.7,0.6964,56.128,1,0
ST-004519,D2C,Seed,8,33,4.5,5.443,223.693,2.317,25.2,30.3,1.25,0.637,1.9572,49.823,1,0
ST-004520,Fintech,Series A,20,34,24.58,34.356,343.695,29.745,-2.7,66.53,8.82,1.9343,0.7687,2639.31,2,0
ST-004521,SaaS,Series A,19,10,8.75,16.365,562.668,10.755,-0.51,75.63,8.05,0.2376,0.4001,1580.949,2,0
ST-004522,Edtech,Seed,7,17,3.28,2.045,22.299,0.882,16.21,,10.87,0.5164,0.6562,261.452,2,1
ST-004523,Agritech,Pre-seed,5,23,15.55,5.975,169.993,2.95,6.89,32.95,5.62,0.0299,0.143,4.685,0,0
ST-004524,Agritech,Seed,12,12,7.92,10.052,313.747,1.117,51.62,47.53,2.52,2.178,,58.147,0,0
ST-004525,D2C,Series A,5,16,4.38,17.005,246.488,8.183,14.21,48.47,,0.5994,0.67,573.227,2,0
ST-004526,Healthtech,Seed,29,35,5.52,28.996,313.561,17.821,-8.91,56.5,26.47,0.0535,,80.42,1,1
ST-004527,D2C,Series A,7,59,7.96,15.119,62.685,8.356,57.78,,3.35,0.284,0.4627,2308.213,3,0
ST-004528,D2C,Seed,5,34,1.61,10.58,106.789,2.332,22.88,55.16,,,1.8382,39.287,1,1
ST-004529,SaaS,Pre-seed,2,6,21.5,5.409,35.678,5.118,16.22,96.0,8.67,0.5824,0.9112,16.92,0,0
ST-004530,Healthtech,Seed,3,2,12.05,16.678,753.953,5.849,47.38,79.89,5.72,0.4419,1.221,167.476,1,0
ST-004531,Agritech,Seed,11,10,8.76,5.79,71.508,1.9,21.97,44.86,,0.5233,0.5894,235.698,2,1
ST-004532,Fintech,Pre-seed,16,25,6.7,3.273,20.164,0.529,15.28,59.76,3.78,0.2863,0.8773,13.738,0,1
ST-004533,D2C,Pre-seed,3,27,16.86,8.161,258.692,2.224,-16.58,32.8,19.6,0.098,0.1372,3.613,1,0
ST-004534,Edtech,Seed,8,16,22.3,12.623,115.811,8.785,-32.61,75.98,22.45,0.4226,0.2474,25.585,1,1
ST-004535,Edtech,Pre-seed,4,7,2.96,8.5,147.047,1.259,42.63,69.02,5.81,0.245,0.5063,37.504,1,0
ST-004536,SaaS,Pre-seed,7,13,8.75,5.203,16.455,3.787,23.29,96.0,2.4,0.2817,0.868,28.689,0,1
ST-004537,D2C,Seed,25,6,10.67,2.367,82.259,1.436,11.28,49.99,11.91,0.152,0.1874,241.453,1,0
ST-004538,Agritech,Seed,16,1,16.76,7.65,118.186,3.134,12.54,45.87,9.09,0.1746,0.4237,190.64,1,0
ST-004539,SaaS,Seed,5,24,,7.57,135.568,2.722,21.94,81.46,7.72,0.8708,1.4586,860.755,2,0
ST-004540,Fintech,Series A,14,26,,46.308,280.022,15.97,27.33,65.61,15.66,0.0456,0.0716,1925.764,2,1
ST-004541,SaaS,Series A,15,12,8.18,30.328,86.625,28.84,-2.33,74.09,30.04,0.0376,0.1274,1227.687,3,1
ST-004542,SaaS,Seed,6,34,2.65,11.487,61.819,2.087,19.55,82.94,4.94,0.4223,1.471,244.634,2,0
ST-004543,Deeptech,Pre-seed,2,17,,1.344,21.493,0.411,28.05,48.38,5.07,0.7212,0.7815,30.845,0,1
ST-004544,Edtech,Seed,4,12,6.92,3.591,32.336,1.979,4.97,82.29,10.9,0.4863,0.5879,147.191,2,1
ST-004545,Fintech,Pre-seed,8,21,2.94,4.006,14.25,1.935,-29.74,49.06,27.13,0.0252,0.0918,31.531,1,1
ST-004546,Fintech,Series A,22,66,22.34,14.944,149.833,10.214,-2.17,81.23,8.04,0.3713,0.4249,2225.954,3,0
ST-004547,Deeptech,Seed,5,6,8.65,12.915,158.849,6.802,-11.87,52.47,15.67,0.2753,0.349,47.661,0,1
ST-004548,Fintech,Pre-seed,5,57,13.03,15.117,41.665,4.098,41.89,36.05,2.93,0.5769,1.0917,11.842,0,0
ST-004549,D2C,Seed,13,20,7.15,13.597,103.953,5.864,-4.71,28.21,14.29,0.0902,,165.661,1,1
ST-004550,Fintech,Seed,2,28,3.75,5.147,72.446,1.836,-5.44,67.28,14.77,0.9181,1.4972,225.417,2,1
ST-004551,SaaS,Series A,8,33,13.66,7.794,34.333,4.392,0.39,77.36,10.55,0.7035,1.35,2005.763,3,1
ST-004552,D2C,Pre-seed,13,9,,2.09,19.519,0.485,34.54,52.49,3.29,0.8787,1.7216,21.141,0,0
ST-004553,SaaS,Series A,12,19,16.61,13.012,55.152,9.5,32.46,77.32,3.6,1.216,3.1916,942.774,2,0
ST-004554,D2C,Pre-seed,2,36,,7.234,23.171,2.068,0.09,54.36,20.07,0.1352,0.3277,24.504,0,1
ST-004555,Fintech,Seed,7,46,6.98,19.969,37.027,10.658,6.04,68.12,4.08,0.1451,1.0219,385.055,0,0
ST-004556,D2C,Series A,19,21,10.04,11.335,67.54,2.883,10.3,55.16,29.64,0.0178,0.0612,529.659,2,0
ST-004557,D2C,Pre-seed,1,49,13.38,3.963,124.47,3.354,46.21,57.53,14.62,0.2757,0.6021,13.96,1,0
ST-004558,D2C,Pre-seed,4,16,6.55,13.52,63.84,1.114,-26.09,53.58,22.78,0.0262,0.1745,20.542,0,0
ST-004559,SaaS,Series A,8,37,13.26,4.859,42.494,2.616,-15.82,78.73,20.55,0.4345,0.5593,1290.042,3,0
ST-004560,D2C,Series A,4,15,7.38,23.526,274.96,10.771,65.05,63.64,4.64,0.2354,1.8866,531.368,2,0
ST-004561,Deeptech,Pre-seed,4,26,1.2,8.757,292.165,6.635,41.73,57.26,,,0.3151,36.984,0,0
ST-004562,Fintech,Seed,6,17,3.93,8.057,17.296,3.867,-15.8,60.0,17.15,0.1036,0.4176,166.811,0,0
ST-004563,Fintech,Series A,10,76,7.67,18.856,146.649,6.375,79.85,63.32,3.36,2.4547,5.1047,1971.136,2,0
ST-004564,Agritech,Pre-seed,3,21,9.18,4.803,61.544,1.795,30.4,56.24,7.47,0.1147,0.4946,8.89,0,0
ST-004565,SaaS,Seed,3,51,15.55,5.977,49.627,2.535,17.88,92.97,2.99,0.592,3.0115,87.798,2,0
ST-004566,D2C,Seed,3,23,10.46,4.902,34.608,3.072,46.53,55.33,5.13,1.4029,1.7469,115.461,1,0
ST-004567,D2C,Pre-seed,3,17,2.05,2.424,40.117,0.717,-1.36,55.36,10.33,0.0353,0.1362,76.229,0,1
ST-004568,SaaS,Series A,17,26,13.37,54.096,112.337,25.725,3.8,77.94,19.34,0.0338,0.067,1251.457,3,1
ST-004569,Healthtech,Pre-seed,4,52,6.74,3.371,32.183,0.275,18.61,74.95,9.3,0.399,0.5391,7.296,0,1
ST-004570,Healthtech,Series A,10,18,2.63,19.635,122.542,13.369,24.6,63.07,3.23,0.1622,0.4606,1499.577,3,0
ST-004571,Fintech,Seed,3,68,13.29,17.558,483.649,2.054,22.59,62.02,10.55,0.4901,1.1943,117.498,1,0
ST-004572,Deeptech,Seed,5,35,14.69,9.835,26.617,1.289,19.81,36.99,6.23,0.8772,0.8426,48.151,2,0
ST-004573,SaaS,Seed,10,57,9.53,7.582,73.705,1.898,7.18,88.66,11.78,0.2584,1.48,24.418,1,0
ST-004574,Fintech,Pre-seed,5,7,10.82,7.479,77.509,0.754,24.41,61.56,8.61,0.1992,0.519,20.349,0,0
ST-004575,Agritech,Series A,7,36,9.32,7.072,67.136,3.754,19.65,40.04,2.16,0.8081,3.1971,1569.935,3,0
ST-004576,SaaS,Seed,1,43,13.01,2.444,16.811,0.926,15.29,67.92,6.91,0.1876,0.7901,33.081,1,0
ST-004577,Agritech,Seed,4,43,7.53,4.017,43.756,1.12,9.93,61.84,5.79,0.7343,1.0784,123.758,1,1
ST-004578,SaaS,Seed,5,32,1.08,25.649,543.855,11.721,4.59,83.88,18.89,0.1707,1.6271,161.44,1,0
ST-004579,Edtech,Pre-seed,2,13,3.98,2.244,30.924,1.033,-13.74,,15.25,0.0156,0.1412,29.101,1,0
ST-004580,SaaS,Pre-seed,3,12,4.63,4.238,22.335,1.38,46.9,79.6,7.54,2.3172,2.8659,22.917,0,0
ST-004581,D2C,Seed,10,15,6.77,2.987,19.857,1.21,31.25,48.43,,0.1549,0.3688,145.507,1,0
ST-004582,Agritech,Pre-seed,4,20,7.31,9.327,38.656,3.952,38.14,51.53,17.53,0.0824,0.2181,49.38,0,1
ST-004583,Agritech,Seed,12,22,20.94,5.473,151.0,1.862,-8.83,39.21,16.95,0.171,0.2627,514.179,2,0
ST-004584,Deeptech,Seed,2,17,8.56,8.254,68.958,0.976,5.0,66.97,7.03,,0.4962,166.278,1,0
ST-004585,D2C,Seed,5,18,,7.048,33.608,2.525,14.03,38.55,11.52,0.028,0.3105,107.505,1,0
ST-004586,D2C,Seed,2,21,7.74,47.379,598.315,20.302,23.0,42.04,13.9,0.1753,0.2982,95.223,1,1
ST-004587,Edtech,Seed,5,4,,8.936,125.176,2.671,-0.66,,12.39,0.0828,0.6811,147.23,0,0
ST-004588,Deeptech,Series A,5,20,10.73,19.597,174.415,9.085,50.41,69.39,4.44,0.196,1.0116,1406.702,3,0
ST-004589,D2C,Pre-seed,9,11,16.65,0.508,6.293,0.085,35.48,41.19,2.53,0.2345,0.7377,9.874,0,0
ST-004590,Deeptech,Seed,8,9,16.4,30.338,300.22,9.391,19.3,66.38,2.77,0.3714,2.0658,206.231,1,0
ST-004591,SaaS,Pre-seed,7,7,,2.339,30.186,0.779,23.37,85.61,2.36,0.5047,2.1492,17.533,0,0
ST-004592,Edtech,Series A,8,20,4.77,6.741,66.461,5.316,9.36,64.57,10.89,0.131,0.4546,873.767,3,0
ST-004593,D2C,Seed,3,25,6.73,4.478,36.726,0.456,1.19,47.07,15.09,0.0405,0.1861,52.001,1,0
ST-004594,SaaS,Seed,3,26,15.58,21.217,358.24,7.402,-35.13,80.95,25.24,,0.279,125.423,0,1
ST-004595,SaaS,Series A,12,32,10.07,13.731,76.272,5.431,32.4,84.51,10.13,0.1921,0.3999,399.947,2,0
ST-004596,Deeptech,Seed,19,26,7.29,3.828,16.252,1.672,16.73,70.67,4.14,0.9432,0.9,322.163,2,1
ST-004597,Edtech,Pre-seed,5,12,3.17,2.931,33.172,0.759,41.85,70.21,3.51,0.1727,0.6599,39.629,0,0
ST-004598,SaaS,Seed,5,10,13.74,4.06,35.203,2.8,27.72,79.0,6.48,0.6546,1.0272,199.16,1,1
ST-004599,Fintech,Pre-seed,3,9,17.13,6.746,97.468,4.18,16.4,63.04,4.72,0.5709,0.5153,13.63,1,0
ST-004600,Edtech,Series A,10,23,4.14,9.43,282.175,7.782,15.9,68.55,1.72,1.0754,3.7614,841.724,2,0
ST-004601,Healthtech,Seed,22,22,1.98,2.865,6.902,1.446,0.05,57.78,9.73,0.4757,0.947,53.131,1,1
ST-004602,Deeptech,Seed,13,33,8.08,10.793,85.11,3.466,-9.59,38.44,12.57,0.1059,0.7318,81.879,1,0
ST-004603,Deeptech,Series A,12,49,8.22,21.06,257.315,9.511,-6.79,70.61,10.8,0.1078,0.4522,834.758,3,0
ST-004604,D2C,Seed,7,16,20.26,3.146,129.763,1.513,-4.67,46.6,11.4,0.4077,2.3861,75.333,0,0
ST-004605,D2C,Seed,8,23,5.43,1.892,13.425,1.317,11.42,46.02,4.94,0.4906,1.104,46.447,0,0
ST-004606,Fintech,Pre-seed,5,25,4.74,6.383,14.387,2.568,33.44,82.85,2.23,1.0553,3.0602,46.199,0,1
ST-004607,Agritech,Pre-seed,3,17,4.59,2.9,13.733,0.535,31.38,46.36,5.11,0.6473,2.8622,10.157,0,0
ST-004608,SaaS,Series A,6,14,3.37,12.123,127.096,3.441,-17.89,86.69,19.52,,0.1733,237.661,3,1
ST-004609,SaaS,Series A,19,16,7.42,24.216,313.314,12.225,32.07,81.95,7.42,0.9652,0.8197,1247.233,3,0
ST-004610,Deeptech,Seed,6,35,14.28,2.836,161.832,0.952,18.48,61.79,4.4,,0.8457,83.086,1,0
ST-004611,Agritech,Pre-seed,7,13,14.68,3.706,24.048,0.897,31.71,45.43,7.51,0.2212,,19.506,0,1
ST-004612,Fintech,Pre-seed,11,14,3.51,8.391,90.948,4.429,27.81,77.94,7.9,1.0988,1.5405,36.886,0,0
ST-004613,D2C,Series A,14,6,16.0,13.03,398.426,3.154,-21.16,67.54,17.92,0.1012,0.3516,1259.176,2,0
ST-004614,Edtech,Pre-seed,5,35,8.65,1.225,6.77,0.619,21.16,56.69,13.71,0.1702,0.5083,24.701,0,1
ST-004615,Fintech,Seed,45,29,1.5,6.198,225.747,2.438,46.4,76.35,10.14,0.2475,0.9144,349.791,0,0
ST-004616,Fintech,Pre-seed,4,6,13.23,3.762,20.318,1.61,-7.92,69.33,,0.0936,0.1083,27.045,0,1
ST-004617,SaaS,Pre-seed,2,23,16.56,1.238,3.027,0.785,-2.41,86.05,9.74,0.3773,1.6038,7.365,0,0
ST-004618,Healthtech,Seed,5,28,5.69,11.585,437.332,3.331,-26.27,68.1,26.52,0.0792,0.1106,114.098,1,0
ST-004619,Edtech,Series A,26,56,8.51,12.484,132.894,7.429,4.54,53.22,6.9,0.3478,1.1932,1136.245,2,0
ST-004620,Healthtech,Seed,3,12,7.24,5.581,24.967,2.453,-15.41,54.3,15.82,0.0272,0.1021,76.121,1,1
ST-004621,SaaS,Seed,4,26,9.06,15.023,102.912,5.971,-2.57,79.32,,0.0749,0.7057,76.875,1,0
ST-004622,Deeptech,Seed,12,15,7.08,7.865,52.281,1.91,20.67,71.46,,0.046,0.3369,74.857,1,0
ST-004623,D2C,Series A,9,17,9.69,43.134,330.427,25.695,31.13,,11.67,0.09,0.3397,14440.64,4,0
ST-004624,Deeptech,Seed,6,46,,9.437,94.288,5.7,-25.24,63.15,32.59,0.0674,0.1297,440.803,2,1
ST-004625,SaaS,Seed,12,35,5.52,3.716,31.263,0.971,5.84,82.62,7.28,0.4058,1.0559,102.505,1,1
ST-004626,Healthtech,Seed,4,8,7.68,4.558,206.22,2.532,10.61,63.75,5.21,0.2567,0.7776,282.83,2,0
ST-004627,Agritech,Pre-seed,2,5,12.23,3.789,26.46,1.628,14.27,53.67,4.56,0.3888,0.6209,11.067,0,0
ST-004628,Fintech,Pre-seed,2,24,1.03,2.409,21.575,0.655,33.79,59.04,3.44,0.8889,3.257,18.589,0,0
ST-004629,SaaS,Series A,14,22,16.61,15.705,372.663,10.456,30.84,80.31,3.37,1.1532,4.5123,2732.703,4,0
ST-004630,Fintech,Seed,7,11,8.56,7.476,216.87,2.561,34.1,63.5,,1.2855,5.0254,22.368,0,0
ST-004631,Fintech,Pre-seed,3,24,15.74,3.839,52.097,2.116,22.1,67.37,14.84,0.3071,0.3544,4.911,0,0
ST-004632,Edtech,Pre-seed,2,22,10.61,3.294,26.913,0.389,11.73,59.54,3.17,0.5762,1.3313,16.285,1,1
ST-004633,Fintech,Series A,9,24,19.3,39.389,1200.754,17.193,3.3,87.98,9.85,0.1647,0.7261,4481.166,3,0
ST-004634,Fintech,Seed,12,22,11.07,6.747,58.452,2.266,28.17,49.23,7.09,0.0832,0.3226,58.276,1,0
ST-004635,D2C,Seed,4,12,2.1,8.858,48.872,2.955,-2.19,29.58,,0.018,0.0383,105.864,1,1
ST-004636,SaaS,Pre-seed,3,22,12.62,5.312,32.285,1.185,-0.55,86.7,11.97,0.1646,0.3754,45.452,1,1
ST-004637,Fintech,Series A,5,61,9.14,7.997,202.514,1.609,24.48,77.06,4.25,0.4508,0.8131,3896.132,3,0
ST-004638,D2C,Series A,8,11,5.25,21.654,230.107,6.208,29.7,65.67,2.83,0.7873,2.7226,1090.064,4,0
ST-004639,SaaS,Seed,8,34,9.42,13.291,175.681,3.274,15.53,79.12,2.98,4.5362,3.6719,188.59,2,0
ST-004640,SaaS,Pre-seed,14,8,11.24,7.734,30.668,2.733,30.33,82.05,4.97,0.2395,0.3009,16.364,0,1
ST-004641,SaaS,Seed,7,31,9.77,3.326,79.199,0.409,9.88,87.51,5.2,,0.7248,48.623,0,0
ST-004642,SaaS,Series A,10,22,2.59,6.699,9.086,5.931,10.87,96.0,5.37,,1.8505,3653.899,3,0
ST-004643,Edtech,Seed,11,31,20.49,6.253,38.738,1.438,23.2,52.59,7.0,0.1078,0.6481,178.542,1,0
ST-004644,SaaS,Series A,16,12,13.84,13.065,84.998,8.113,-2.47,84.13,10.37,0.1815,0.5399,789.023,3,0
ST-004645,Fintech,Seed,4,2,,10.115,48.154,0.843,30.58,75.04,6.22,0.7269,0.7861,189.8,1,1
ST-004646,Deeptech,Pre-seed,16,18,6.72,4.625,24.897,0.675,11.92,,9.17,0.2916,0.5908,40.329,1,1
ST-004647,Deeptech,Seed,6,33,19.66,13.093,64.839,6.35,11.77,62.77,1.84,2.8019,3.5504,143.465,2,0
ST-004648,SaaS,Series A,12,27,9.71,2.25,20.487,1.576,15.85,75.26,5.54,0.204,0.4012,1478.366,2,0
ST-004649,Fintech,Pre-seed,5,25,2.74,8.364,33.336,4.332,34.45,81.43,11.5,0.1149,0.1462,14.766,0,1
ST-004650,Edtech,Pre-seed,5,12,19.72,9.796,104.175,6.155,-29.32,47.6,26.22,0.0724,0.1321,83.791,1,1
ST-004651,Agritech,Seed,16,30,5.98,4.565,49.585,1.145,-11.12,49.14,14.57,0.3321,0.4482,111.627,1,1
ST-004652,Agritech,Seed,4,45,2.71,7.864,52.419,4.241,37.06,58.25,7.14,0.0519,0.4549,66.651,1,0
ST-004653,SaaS,Series A,16,18,9.85,47.469,921.24,32.476,24.26,78.83,3.69,2.7462,8.277,1888.789,3,0
ST-004654,SaaS,Pre-seed,4,25,5.01,3.951,6.848,2.07,7.75,91.4,10.39,0.9546,1.2544,18.632,0,1
ST-004655,Edtech,Pre-seed,7,10,7.6,4.229,48.841,2.528,18.43,67.77,6.57,0.2506,0.5643,7.239,0,0
ST-004656,Deeptech,Pre-seed,3,43,10.91,22.517,94.279,5.697,29.54,61.31,15.13,0.012,0.0871,10.566,0,0
ST-004657,Deeptech,Seed,5,8,0.42,49.624,310.744,12.195,48.11,64.21,4.71,0.4462,1.8118,59.745,1,0
ST-004658,SaaS,Seed,10,25,9.02,3.443,25.649,1.085,6.69,81.42,9.02,,0.3753,151.483,1,1
ST-004659,Healthtech,Seed,8,21,17.07,6.593,58.966,3.506,43.16,44.79,4.11,0.3425,,128.503,2,0
ST-004660,SaaS,Seed,4,15,2.94,14.061,132.926,4.356,27.42,96.0,5.32,0.2751,0.7883,43.324,1,0
ST-004661,D2C,Pre-seed,9,12,0.81,5.793,65.527,1.205,-2.4,63.04,9.96,0.1154,0.1902,34.095,0,1
ST-004662,Deeptech,Seed,10,20,14.15,19.041,147.753,5.052,2.74,65.96,15.22,0.0459,0.2255,102.659,1,0
ST-004663,Edtech,Series A,10,49,8.73,1.886,3.657,0.673,39.4,63.01,5.74,,0.5662,395.444,2,0
ST-004664,SaaS,Seed,5,24,11.79,1.81,6.979,1.066,45.2,86.92,5.1,0.2672,0.7002,52.871,1,1
ST-004665,Healthtech,Pre-seed,5,4,6.04,16.726,345.347,3.636,15.97,44.01,8.48,0.1,0.2483,2.684,1,0
ST-004666,Edtech,Seed,9,7,9.65,11.352,178.159,6.204,38.61,49.81,12.17,1.0875,1.1714,38.938,1,1
ST-004667,Agritech,Pre-seed,1,20,19.86,4.578,72.185,0.963,24.44,78.51,,0.0852,0.5443,15.499,0,0
ST-004668,Fintech,Pre-seed,5,31,11.91,2.129,14.302,1.231,15.6,54.36,3.07,0.3629,1.2075,15.892,0,0
ST-004669,Deeptech,Pre-seed,6,9,3.25,4.435,63.279,1.419,20.98,54.66,7.5,0.2047,0.1552,13.242,0,1
ST-004670,Fintech,Pre-seed,1,19,16.18,7.848,49.098,2.705,-12.28,69.59,20.37,0.1303,0.3829,12.72,0,1
ST-004671,SaaS,Pre-seed,4,32,7.85,1.425,3.518,1.199,11.31,85.79,5.09,2.1257,4.913,25.98,1,0
ST-004672,Fintech,Seed,10,25,1.16,6.003,25.614,4.535,4.46,67.99,7.07,1.0125,2.5943,62.504,0,0
ST-004673,SaaS,Pre-seed,6,18,4.34,5.055,94.559,1.646,38.04,77.94,9.89,0.2983,0.5351,19.273,0,0
ST-004674,Fintech,Seed,10,17,3.6,15.252,26.097,1.634,20.73,,2.95,0.8765,2.1982,119.504,1,1
ST-004675,D2C,Series A,8,22,7.58,10.198,129.215,4.539,9.03,60.5,7.78,0.2211,0.2572,2761.561,3,0
ST-004676,SaaS,Seed,3,30,16.47,14.988,129.895,7.199,38.88,89.02,3.34,0.9746,2.4305,106.626,1,0
ST-004677,SaaS,Seed,2,32,13.73,14.641,54.675,12.574,-16.24,89.5,18.7,0.1503,0.5965,80.031,1,0
ST-004678,SaaS,Seed,12,32,5.15,2.032,18.842,0.943,-4.52,60.67,9.97,0.3207,0.6637,83.562,1,0
ST-004679,SaaS,Pre-seed,6,10,11.15,12.545,214.595,6.364,43.54,87.79,2.75,3.8774,5.7204,31.98,0,0
ST-004680,Deeptech,Seed,13,3,5.71,26.525,301.096,8.955,28.98,59.4,1.75,0.6996,4.1434,29.617,1,0
ST-004681,Deeptech,Seed,4,16,6.67,13.29,104.698,8.439,-17.76,51.01,37.81,0.0062,,63.113,0,1
ST-004682,SaaS,Series A,17,38,10.2,12.822,63.777,10.817,18.58,96.0,2.17,2.0922,2.4968,2910.895,3,0
ST-004683,D2C,Series A,4,55,2.93,26.236,96.601,15.805,-12.61,31.85,20.16,0.1381,0.2475,1786.254,3,1
ST-004684,D2C,Series A,6,13,7.1,21.825,180.493,3.366,5.05,47.62,6.56,0.0679,0.1628,512.329,1,0
ST-004685,Deeptech,Seed,7,29,7.17,9.419,227.132,3.057,25.11,71.0,1.26,1.57,4.4501,51.497,1,0
ST-004686,Fintech,Seed,9,14,4.68,31.71,376.84,13.855,14.79,69.71,5.83,0.1855,0.6549,305.03,2,0
ST-004687,Fintech,Series A,29,47,11.04,4.198,17.985,1.72,12.55,46.42,22.33,0.0323,0.0624,890.924,2,1
ST-004688,Edtech,Series A,9,38,11.11,7.717,296.264,4.348,-3.29,82.85,,0.9338,1.1848,546.293,1,0
ST-004689,Agritech,Seed,4,24,,9.384,105.742,1.973,39.73,33.28,14.57,0.0342,0.0958,42.813,1,0
ST-004690,D2C,Series A,6,30,2.84,14.315,93.152,10.293,24.43,34.84,15.67,0.5491,0.7992,1358.364,3,1
ST-004691,Edtech,Series A,7,45,7.91,20.612,56.995,12.333,-2.91,77.63,9.84,0.1472,0.5051,7914.771,3,1
ST-004692,Fintech,Seed,25,6,4.22,3.655,114.82,1.319,18.07,57.4,1.84,1.55,5.194,13.532,1,0
ST-004693,D2C,Pre-seed,6,16,6.11,3.372,13.187,2.325,10.49,45.18,3.9,0.4012,3.0109,17.822,0,0
ST-004694,Agritech,Pre-seed,8,7,0.36,8.124,55.585,4.232,5.49,41.28,12.53,0.0564,0.3152,7.384,1,0
ST-004695,Edtech,Seed,5,25,7.12,2.218,33.56,0.496,18.53,67.79,1.55,0.9495,3.4862,32.677,1,0
ST-004696,D2C,Pre-seed,4,19,6.33,3.406,7.662,0.488,52.11,61.17,6.66,0.6544,1.2158,21.866,0,0
ST-004697,Edtech,Seed,10,24,3.03,4.437,81.567,2.657,-2.71,49.64,12.35,0.7492,1.0265,61.233,1,0
ST-004698,Edtech,Seed,5,9,,8.447,31.908,5.438,27.31,69.67,,0.4114,1.948,35.151,1,0
ST-004699,Healthtech,Series A,8,41,6.21,22.541,714.68,6.889,31.96,44.06,3.76,0.1705,0.5242,845.549,2,0
ST-004700,Agritech,Series A,7,35,8.59,13.965,136.239,9.4,24.25,75.1,4.5,0.306,0.4311,251.688,1,0
ST-004701,Deeptech,Seed,5,15,12.77,9.296,200.101,7.014,34.67,47.86,5.27,0.3384,0.88,83.105,1,0
ST-004702,Edtech,Pre-seed,4,27,11.51,3.553,44.235,0.497,15.56,,12.96,0.0949,0.201,24.087,0,1
ST-004703,Fintech,Pre-seed,2,3,2.36,4.625,90.034,1.695,27.32,71.22,3.93,1.3997,2.6968,10.149,0,0
ST-004704,Fintech,Seed,7,10,8.87,9.745,108.012,6.153,18.08,69.49,4.73,1.0894,2.8045,130.275,0,0
ST-004705,SaaS,Pre-seed,5,16,,11.012,91.773,3.754,-9.95,77.17,17.69,0.3226,0.5036,9.86,0,1
ST-004706,Fintech,Seed,6,17,,4.197,56.759,1.995,-6.36,52.94,11.63,0.303,0.3271,101.579,1,0
ST-004707,SaaS,Series A,6,46,22.56,18.101,13.408,9.925,36.15,96.0,12.69,0.1134,0.8958,1920.721,3,0
ST-004708,Edtech,Seed,7,30,16.96,3.3,26.12,0.741,5.86,56.62,,0.3496,,102.74,1,0
ST-004709,SaaS,Seed,5,46,13.04,30.193,731.953,11.386,8.68,80.7,,0.176,0.6112,337.964,1,0
ST-004710,Fintech,Seed,6,8,7.64,10.636,24.783,9.021,31.57,64.19,4.29,0.9514,0.8124,99.268,1,1
ST-004711,Agritech,Series A,20,20,13.76,5.227,44.401,1.301,11.42,62.81,5.29,0.9923,0.9703,853.341,2,0
ST-004712,Fintech,Seed,3,9,1.7,8.441,18.395,4.415,30.42,93.02,15.95,0.3443,0.4437,71.08,1,1
ST-004713,Healthtech,Seed,24,25,5.04,3.102,8.0,1.446,13.26,55.5,5.82,1.4163,1.7973,65.113,1,1
ST-004714,Deeptech,Pre-seed,4,6,11.19,3.79,26.649,1.246,-4.63,59.53,11.31,0.4975,0.6038,15.865,0,1
ST-004715,Healthtech,Seed,8,23,7.0,13.814,201.822,4.291,36.85,74.83,2.92,,0.7233,53.036,1,1
ST-004716,SaaS,Pre-seed,2,3,3.43,10.279,79.848,1.912,-0.29,,16.3,0.1646,,13.229,0,0
ST-004717,Fintech,Seed,13,13,,21.719,64.36,13.859,41.99,66.29,6.48,,0.8246,274.91,2,1
ST-004718,Healthtech,Seed,6,32,,8.222,35.521,2.746,27.53,61.71,3.72,2.7094,1.5365,227.355,1,1
ST-004719,Edtech,Pre-seed,3,16,,5.117,26.932,0.261,6.04,81.12,12.33,0.1642,0.4119,13.216,0,0
ST-004720,SaaS,Seed,4,7,5.1,13.225,107.522,5.29,27.98,61.7,3.1,0.9088,1.5368,167.701,1,0
ST-004721,Edtech,Pre-seed,3,30,21.14,17.15,44.381,11.853,7.25,77.03,5.28,0.5963,3.7093,7.914,0,0
ST-004722,Healthtech,Pre-seed,5,31,5.81,2.997,61.516,1.382,0.95,54.21,9.9,0.1424,0.3143,35.032,0,1
ST-004723,Fintech,Pre-seed,4,27,9.02,15.439,86.347,3.535,21.45,69.64,4.2,0.1487,0.7796,46.662,0,0
ST-004724,Healthtech,Pre-seed,4,12,15.15,2.109,14.195,0.504,33.34,63.69,1.8,0.8081,1.5843,14.572,0,0
ST-004725,SaaS,Series A,6,32,0.98,33.101,512.809,14.968,19.82,75.32,3.71,0.4453,0.6943,603.964,3,0
ST-004726,Fintech,Series A,6,42,8.66,12.222,27.496,5.012,-1.47,71.42,13.38,0.1849,0.6267,531.395,3,0
ST-004727,Agritech,Seed,5,19,4.12,4.155,153.696,1.424,-12.8,48.06,15.9,0.5276,0.5423,296.655,2,0
ST-004728,Fintech,Seed,8,19,6.35,8.127,143.525,3.272,11.8,79.13,4.98,0.1608,0.7692,69.931,2,0
ST-004729,Healthtech,Seed,9,21,15.14,5.071,95.505,2.395,-7.49,54.57,12.11,0.2798,0.5015,71.536,1,1
ST-004730,Edtech,Series A,17,36,,16.927,95.83,10.729,11.93,55.49,5.92,1.8119,1.5172,535.026,2,1
ST-004731,Fintech,Seed,6,23,7.66,24.124,133.758,6.961,14.78,69.22,6.64,0.2875,0.9262,24.767,0,1
ST-004732,Deeptech,Pre-seed,5,25,7.96,1.307,6.844,0.628,31.95,57.2,11.28,0.1927,0.386,42.597,0,0
ST-004733,Fintech,Seed,6,18,12.55,8.797,72.033,1.91,29.06,84.62,4.14,0.8975,0.9429,49.655,1,1
ST-004734,SaaS,Series A,3,21,14.55,6.473,151.742,3.48,34.63,81.72,4.3,0.7551,2.2622,1190.378,3,0
ST-004735,Deeptech,Pre-seed,3,25,9.85,11.472,24.059,3.46,16.63,57.99,7.22,0.3045,0.5061,21.586,0,0
ST-004736,D2C,Seed,5,14,6.2,21.574,732.938,6.046,7.06,34.7,6.94,0.1604,0.5856,44.791,1,0
ST-004737,D2C,Pre-seed,2,8,9.35,3.572,34.215,0.202,26.22,50.12,7.2,0.1699,0.3575,24.568,0,0
ST-004738,SaaS,Pre-seed,3,11,6.0,2.325,51.934,0.576,25.89,69.44,7.64,0.2811,0.8677,11.427,1,0
ST-004739,SaaS,Seed,7,17,22.26,2.31,33.348,0.623,23.46,79.93,2.69,2.624,4.9971,255.375,2,0
ST-004740,D2C,Pre-seed,2,17,,16.476,246.215,9.647,57.11,37.91,2.62,1.8135,1.5554,37.644,1,0
ST-004741,SaaS,Series A,6,18,16.69,36.585,812.132,13.535,27.96,87.65,3.57,0.2856,1.1505,558.863,3,0
ST-004742,SaaS,Seed,16,16,16.75,1.778,9.505,1.253,40.35,,1.84,,1.4644,208.203,2,0
ST-004743,Agritech,Pre-seed,1,21,,5.689,21.639,2.784,-5.77,64.65,23.2,0.3538,0.2204,12.627,0,1
ST-004744,Fintech,Series A,9,15,10.72,8.579,46.299,4.52,-6.45,56.96,11.24,0.6005,1.0617,605.426,3,0
ST-004745,SaaS,Seed,3,31,10.75,5.124,103.861,1.86,-0.76,82.42,,0.4749,0.6989,16.393,0,0
ST-004746,SaaS,Seed,4,12,12.15,3.007,91.86,1.185,15.82,83.36,2.75,2.3802,9.825,264.841,1,0
ST-004747,Edtech,Seed,6,20,3.27,1.54,9.556,0.467,12.5,65.31,9.34,2.6645,,472.97,1,1
ST-004748,Healthtech,Series A,5,23,28.55,16.436,339.934,9.793,19.54,74.84,9.94,0.2463,0.5248,847.154,3,0
ST-004749,Agritech,Seed,9,41,9.26,26.611,599.756,11.705,50.2,51.11,1.83,,3.3544,95.204,0,0
ST-004750,SaaS,Pre-seed,9,15,18.98,1.98,6.349,0.312,15.12,70.39,4.69,0.4724,1.1237,33.44,0,0
ST-004751,SaaS,Pre-seed,7,29,,7.328,122.246,2.633,27.17,86.28,13.48,0.0723,0.3212,6.366,0,0
ST-004752,Healthtech,Pre-seed,7,25,9.75,9.846,62.586,1.626,18.61,82.56,5.3,0.3551,,7.956,0,1
ST-004753,Fintech,Seed,3,15,5.28,16.773,417.248,12.341,38.23,60.36,8.44,0.5172,0.6477,121.51,1,0
ST-004754,Edtech,Pre-seed,3,34,5.87,14.291,138.426,6.96,30.38,66.09,5.82,0.2826,0.8228,8.364,1,0
ST-004755,Deeptech,Seed,8,15,1.46,22.783,1390.139,5.783,14.45,60.1,8.37,0.0628,0.415,91.192,1,0
ST-004756,Healthtech,Seed,11,17,25.28,32.514,359.448,8.413,35.69,73.2,10.42,0.4419,0.583,122.601,1,1
ST-004757,Edtech,Series A,30,30,17.03,5.454,38.303,2.11,26.82,75.11,4.49,0.8781,0.9563,674.014,3,1
ST-004758,Deeptech,Seed,12,16,5.26,19.588,341.397,6.059,33.64,59.22,5.01,0.2229,0.8007,95.723,0,0
ST-004759,SaaS,Series A,18,10,8.77,42.007,563.987,29.66,14.94,77.26,4.17,0.4363,0.6143,1918.044,2,0
ST-004760,Deeptech,Series A,52,20,12.27,12.584,285.702,2.466,27.96,52.71,2.44,0.1063,0.89,1184.918,3,0
ST-004761,Edtech,Pre-seed,4,14,3.5,0.276,2.042,0.069,12.23,72.16,7.52,0.2634,0.484,11.666,0,1
ST-004762,Edtech,Seed,5,11,4.88,2.611,57.317,0.699,-5.86,59.05,13.81,0.2934,0.3721,61.652,2,1
ST-004763,Deeptech,Pre-seed,4,16,7.96,3.548,12.923,2.088,7.37,42.71,12.6,,0.2699,13.797,0,1
ST-004764,Edtech,Series A,6,24,19.81,18.657,29.6,12.393,26.86,64.41,,0.0346,0.2019,838.897,3,0
ST-004765,Edtech,Seed,7,25,5.15,4.325,46.836,3.016,26.72,61.22,3.66,0.8643,0.8661,83.625,1,0
ST-004766,Fintech,Pre-seed,1,7,12.49,5.219,243.028,2.706,2.59,63.73,8.46,0.3598,0.6601,4.547,0,0
ST-004767,D2C,Pre-seed,3,8,24.47,2.621,46.438,0.498,45.9,53.81,3.49,0.4172,0.8119,49.144,0,0
ST-004768,Healthtech,Seed,6,32,17.16,8.083,56.005,1.425,-5.36,63.97,19.93,0.2731,0.1189,129.222,1,0
ST-004769,SaaS,Series A,18,14,3.17,13.495,72.785,9.788,17.46,79.38,,2.6038,4.3773,809.506,2,0
ST-004770,D2C,Seed,12,23,6.02,4.921,60.589,1.971,6.81,34.89,8.59,0.0547,,36.524,1,1
ST-004771,D2C,Pre-seed,2,14,8.0,7.316,34.382,3.705,21.1,43.52,2.11,0.5471,0.7158,16.662,0,1
ST-004772,Edtech,Pre-seed,14,10,4.61,9.171,36.919,5.361,-9.28,49.15,21.96,0.1046,0.3849,17.475,0,1
ST-004773,SaaS,Seed,7,41,15.43,3.231,46.411,1.103,-19.5,73.43,22.75,0.0267,0.1029,158.397,1,0
ST-004774,Edtech,Seed,7,21,2.9,7.604,119.963,2.771,2.71,58.1,7.92,0.6598,1.6624,36.729,0,1
ST-004775,SaaS,Pre-seed,1,11,5.23,1.378,5.609,0.523,31.26,82.08,14.21,,0.1839,27.634,0,1
ST-004776,SaaS,Pre-seed,3,5,10.65,1.092,3.425,0.33,20.94,82.59,3.15,0.7546,0.9644,8.398,0,1
ST-004777,Edtech,Series A,19,33,8.43,26.271,326.133,3.936,-14.45,64.2,18.06,0.0265,0.1225,1415.762,2,0
ST-004778,SaaS,Seed,7,11,4.56,31.354,187.345,18.517,35.82,69.43,1.39,0.1364,1.4181,124.458,1,0
ST-004779,Fintech,Seed,7,39,21.18,7.875,137.664,3.951,20.14,49.02,7.19,0.3422,1.4382,413.302,2,0
ST-004780,D2C,Seed,7,19,3.69,29.043,183.307,8.953,31.33,62.81,4.07,0.9047,,161.737,1,1
ST-004781,Fintech,Seed,3,69,14.03,6.255,85.289,2.612,8.4,58.67,6.12,0.2108,0.2568,26.522,0,1
ST-004782,Deeptech,Seed,6,17,11.89,9.674,150.029,3.448,-22.14,54.81,19.25,0.2799,0.6851,56.634,0,0
ST-004783,Deeptech,Pre-seed,9,8,12.36,19.866,296.157,12.345,48.24,52.68,2.64,0.6164,0.6058,33.783,0,0
ST-004784,Healthtech,Pre-seed,8,17,2.19,2.399,23.824,0.38,13.4,72.47,3.64,4.0425,13.3896,49.99,0,0
ST-004785,Deeptech,Series A,9,17,8.06,42.447,320.875,13.364,34.76,61.2,10.56,0.2168,0.3906,2053.683,4,0
ST-004786,Agritech,Series A,27,6,9.99,10.134,102.821,4.55,5.93,44.11,9.25,0.2158,0.2297,1518.747,2,1
ST-004787,Fintech,Seed,3,32,11.0,5.937,42.72,3.239,17.45,73.67,3.02,1.5487,2.6503,57.364,1,0
ST-004788,D2C,Pre-seed,2,20,7.4,2.808,146.077,0.63,-17.17,33.12,15.38,0.0285,0.0844,25.105,0,0
ST-004789,SaaS,Pre-seed,12,10,12.54,0.81,4.659,0.271,-0.38,80.89,21.54,0.0379,0.0991,12.607,0,1
ST-004790,D2C,Pre-seed,6,7,7.7,10.042,489.041,4.404,48.13,14.96,1.19,0.2879,,24.663,1,0
ST-004791,Edtech,Series A,8,13,4.38,14.66,166.614,6.532,32.33,70.45,9.64,0.2047,0.5833,1148.128,2,0
ST-004792,SaaS,Series A,10,24,4.61,12.723,61.72,9.622,38.87,77.33,6.66,0.156,0.1761,1597.166,2,1
ST-004793,Fintech,Seed,4,53,11.35,6.057,24.001,4.81,25.72,65.51,4.46,0.4804,0.569,151.066,1,0
ST-004794,Deeptech,Series A,12,21,4.77,27.46,108.133,16.422,19.28,71.29,3.58,4.9266,6.339,2565.052,3,1
ST-004795,Fintech,Pre-seed,4,5,13.17,9.837,90.731,1.717,37.05,59.75,7.8,,0.572,30.957,1,1
ST-004796,SaaS,Seed,6,11,,6.064,48.365,3.222,34.71,74.22,9.43,0.044,0.1003,55.69,1,0
ST-004797,SaaS,Pre-seed,2,18,3.36,7.72,64.873,3.511,23.34,65.62,9.48,0.5975,0.5205,25.924,0,1
ST-004798,Edtech,Pre-seed,5,10,,4.138,233.965,0.914,19.01,67.52,9.54,0.2609,0.6923,22.988,1,0
ST-004799,Agritech,Series A,7,11,18.74,12.175,475.986,3.843,34.12,51.25,,2.2227,1.8242,907.826,2,0
ST-004800,D2C,Series A,5,21,,28.665,457.278,3.176,-7.76,,12.85,0.159,0.585,1215.319,2,0
ST-004801,Edtech,Pre-seed,8,9,5.86,2.355,11.322,1.564,10.69,66.61,4.09,,0.9865,22.696,0,0
ST-004802,SaaS,Pre-seed,15,18,13.33,1.567,5.076,0.323,-12.29,,16.83,0.9491,0.8108,59.256,0,1
ST-004803,SaaS,Seed,21,23,29.0,7.112,49.092,4.813,-4.48,87.73,13.81,0.1528,0.4724,163.837,0,0
ST-004804,Edtech,Pre-seed,6,22,6.38,3.482,46.492,2.349,21.41,70.98,9.31,0.2933,0.6237,61.319,0,0
ST-004805,Agritech,Seed,5,29,24.85,5.792,179.803,2.188,31.76,50.56,4.92,0.2081,0.9962,31.867,1,0
ST-004806,D2C,Seed,6,12,,18.275,150.957,2.594,53.83,53.91,7.87,0.4085,0.86,193.871,1,1
ST-004807,Edtech,Pre-seed,5,27,2.55,4.867,17.174,0.928,14.64,74.1,4.07,2.3001,1.7761,5.551,0,1
ST-004808,Healthtech,Pre-seed,3,13,8.76,4.261,39.269,1.3,8.53,74.03,18.17,0.1026,0.1763,17.399,0,1
ST-004809,Edtech,Pre-seed,9,4,2.14,3.381,22.794,2.234,15.45,92.08,3.46,3.2359,6.5352,13.682,0,1
ST-004810,Healthtech,Series A,3,34,12.89,18.0,183.793,5.718,19.08,52.01,3.43,0.3934,0.6381,1400.267,4,1
ST-004811,Healthtech,Pre-seed,3,35,3.17,6.76,102.855,1.082,54.85,68.69,5.84,0.144,0.464,12.481,1,0
ST-004812,D2C,Seed,10,17,11.69,8.058,66.79,5.804,15.68,47.83,9.8,0.0195,0.0868,1094.12,2,0
ST-004813,Edtech,Pre-seed,2,28,14.77,3.037,33.385,0.776,-5.98,69.21,11.83,0.1162,,9.459,0,1
ST-004814,Deeptech,Seed,5,18,23.41,4.383,34.066,3.518,23.61,66.33,4.22,0.6909,0.815,73.062,1,0
ST-004815,Edtech,Pre-seed,6,11,2.57,2.036,15.333,0.956,18.78,69.44,4.06,0.4677,1.3488,28.384,0,0
ST-004816,SaaS,Pre-seed,10,15,5.23,4.709,18.597,0.618,16.21,70.28,2.76,0.4744,1.0349,48.773,0,1
ST-004817,SaaS,Seed,3,19,6.64,8.46,202.735,3.618,9.88,76.26,4.66,3.0286,4.1661,80.608,1,1
ST-004818,Edtech,Seed,3,22,12.14,2.232,11.462,1.248,58.99,73.3,,0.1808,1.057,49.761,1,0
ST-004819,Healthtech,Pre-seed,2,13,7.69,3.089,4.677,1.18,6.4,54.47,13.53,0.0808,0.1956,22.61,0,1
ST-004820,Healthtech,Pre-seed,1,25,3.86,2.37,19.364,1.109,-15.24,50.88,18.59,0.143,0.1947,47.047,0,1
ST-004821,D2C,Series A,4,30,5.79,39.699,602.553,24.125,1.41,44.66,8.83,0.2371,0.5006,1717.899,2,0
ST-004822,Fintech,Pre-seed,2,8,9.83,6.24,136.799,1.183,6.71,52.1,17.37,0.2082,0.5507,43.608,0,0
ST-004823,D2C,Pre-seed,8,12,6.32,5.521,67.334,1.461,-9.58,39.62,24.72,0.026,0.1773,14.277,0,0
ST-004824,D2C,Seed,5,28,21.37,7.395,73.085,3.35,11.53,69.33,13.84,0.17,0.5471,201.8,0,1
ST-004825,Edtech,Pre-seed,4,15,10.94,2.162,12.641,1.958,50.88,60.99,3.87,0.8584,1.2921,12.33,1,0
ST-004826,Edtech,Seed,3,13,3.86,4.718,32.461,0.796,-11.18,71.21,20.26,0.0407,0.1438,29.162,0,1
ST-004827,SaaS,Seed,9,18,8.22,10.536,92.544,2.215,-13.6,72.92,29.67,0.0462,0.1168,102.934,1,1
ST-004828,Edtech,Seed,20,8,12.62,5.392,68.703,3.836,31.16,73.92,3.99,0.3224,0.2691,63.606,1,0
ST-004829,Agritech,Seed,4,38,10.3,9.765,71.465,3.948,11.28,49.11,4.77,0.6381,0.6129,15.407,1,1
ST-004830,Deeptech,Seed,18,20,6.05,12.695,152.403,3.959,7.49,66.69,6.06,,1.3256,67.728,1,1
ST-004831,Healthtech,Seed,8,14,7.35,10.969,80.846,4.5,38.18,59.45,5.69,0.5366,0.6469,181.262,1,1
ST-004832,Fintech,Pre-seed,4,5,8.06,6.683,44.25,0.722,5.36,62.85,17.62,0.326,0.3684,50.36,0,1
ST-004833,D2C,Pre-seed,5,42,15.85,2.773,22.108,1.246,-15.88,46.33,,0.2473,0.7624,52.832,0,1
ST-004834,D2C,Seed,8,7,12.85,6.202,63.728,1.781,32.31,48.05,3.62,0.254,1.0782,129.255,1,0
ST-004835,Fintech,Pre-seed,12,20,2.51,10.019,98.793,0.79,15.73,70.51,4.73,1.7262,1.7096,12.846,1,1
ST-004836,Agritech,Pre-seed,5,13,20.71,13.218,153.205,5.914,14.6,44.36,9.94,0.1743,,12.022,0,0
ST-004837,SaaS,Pre-seed,5,14,24.76,7.47,11.762,4.163,-23.94,72.12,18.22,0.0323,0.1621,8.838,0,0
ST-004838,SaaS,Seed,5,19,6.48,0.992,6.548,0.49,-5.51,66.45,14.67,0.0713,0.2901,228.201,0,0
ST-004839,SaaS,Pre-seed,6,11,11.71,2.235,27.559,0.926,12.82,75.54,4.39,0.3084,0.5764,33.658,0,0
ST-004840,SaaS,Seed,3,20,35.0,8.025,214.093,4.302,-6.86,63.39,12.48,0.4247,0.7135,85.723,2,0
ST-004841,Deeptech,Seed,7,21,8.54,5.194,25.554,0.928,35.57,43.92,1.81,0.5888,3.6294,124.118,1,0
ST-004842,Edtech,Seed,37,27,9.8,2.851,9.639,1.844,14.15,64.33,7.15,0.1121,0.6297,93.644,1,0
ST-004843,Fintech,Pre-seed,1,22,13.45,3.852,29.632,2.286,11.96,74.43,,0.7993,4.8788,12.477,0,0
ST-004844,Edtech,Series A,12,13,19.05,15.971,334.178,9.865,34.47,63.28,6.52,0.308,0.6159,2367.627,3,0
ST-004845,Edtech,Pre-seed,5,9,1.86,5.295,28.784,0.908,4.75,88.91,6.08,1.0508,2.0929,16.808,0,1
ST-004846,Fintech,Series A,9,36,8.36,14.667,39.495,5.909,22.1,71.34,1.66,2.3957,2.6826,1691.263,3,1
ST-004847,SaaS,Seed,5,15,19.01,5.367,58.759,2.099,15.52,84.24,,1.313,3.5737,81.577,0,0
ST-004848,D2C,Pre-seed,4,20,13.74,2.206,12.677,0.197,34.63,35.55,4.39,0.1243,0.2165,22.696,0,1
ST-004849,SaaS,Seed,5,36,10.97,10.645,210.252,6.929,24.7,88.4,1.74,1.1438,2.6358,52.148,1,0
ST-004850,Agritech,Seed,7,20,9.84,9.331,99.185,2.231,28.66,58.34,5.44,1.647,0.8453,17.888,1,0
ST-004851,SaaS,Seed,5,10,18.41,14.198,36.843,10.375,4.8,71.57,16.6,0.3448,0.6067,200.942,1,0
ST-004852,D2C,Seed,22,10,12.69,8.518,45.256,3.75,3.75,48.43,5.14,0.1349,0.7319,387.834,1,0
ST-004853,Agritech,Seed,5,16,23.61,2.645,37.778,0.215,13.61,68.83,3.31,1.684,4.286,99.989,1,0
ST-004854,SaaS,Seed,9,16,7.63,5.748,57.652,0.239,28.54,84.87,4.52,2.7983,1.0772,96.31,1,1
ST-004855,SaaS,Series A,7,12,1.19,26.232,156.203,18.479,22.01,91.35,4.47,0.2158,0.773,876.094,2,0
ST-004856,Deeptech,Pre-seed,7,9,,1.714,92.361,0.794,33.37,54.28,10.69,0.2923,1.5194,26.804,0,0
ST-004857,Edtech,Seed,10,26,7.07,6.117,30.967,1.932,-2.14,47.69,10.69,0.1275,0.1089,44.017,1,1
ST-004858,D2C,Seed,8,32,8.95,9.527,197.352,2.619,-12.42,53.29,15.94,0.0545,0.1456,112.081,2,0
ST-004859,SaaS,Seed,3,15,10.27,31.27,984.303,6.591,5.47,80.26,7.18,0.4409,0.8337,22.664,0,0
ST-004860,Fintech,Seed,4,2,,6.471,140.946,3.324,1.86,70.65,11.48,0.1179,0.3716,95.213,1,0
ST-004861,Edtech,Pre-seed,11,21,3.07,3.11,12.75,1.014,-2.77,67.52,20.07,0.0765,0.277,24.247,1,0
ST-004862,Deeptech,Seed,4,6,16.31,38.603,451.762,15.675,11.12,49.36,5.43,0.3557,0.7336,21.487,1,1
ST-004863,Fintech,Pre-seed,6,6,0.43,3.409,10.957,0.708,-9.8,68.7,22.62,0.481,1.1572,31.491,0,0
ST-004864,Agritech,Pre-seed,2,14,29.64,7.694,153.844,1.054,5.33,45.02,8.48,0.0449,0.3335,12.661,1,0
ST-004865,D2C,Seed,12,37,9.11,10.293,86.757,2.894,-4.78,36.67,10.46,0.0108,0.3433,169.096,1,0
ST-004866,SaaS,Pre-seed,3,24,1.22,3.29,37.625,0.848,-7.51,90.61,18.9,0.0964,0.3737,14.872,0,1
ST-004867,Fintech,Pre-seed,2,22,17.89,7.209,233.399,0.443,-8.82,58.7,14.93,0.0174,0.0488,13.606,1,0
ST-004868,SaaS,Pre-seed,2,14,1.82,3.469,43.025,0.467,-3.57,80.37,18.94,0.0813,0.1309,20.823,1,1
ST-004869,Edtech,Seed,4,9,5.77,33.042,451.5,8.566,26.33,57.23,,0.0463,0.1035,274.577,2,1
ST-004870,D2C,Series A,13,38,25.23,3.359,35.036,1.043,8.07,63.91,10.47,0.0816,0.1999,1064.634,2,0
ST-004871,Edtech,Seed,7,9,12.04,5.306,125.955,2.502,17.83,72.39,3.21,0.5639,1.4577,85.104,1,0
ST-004872,Fintech,Pre-seed,2,19,,4.34,22.415,2.391,12.7,57.06,2.86,4.8463,2.7674,18.269,1,1
ST-004873,D2C,Series A,10,25,11.89,13.495,221.107,6.858,27.35,48.06,4.89,1.2245,1.9475,832.753,2,0
ST-004874,Healthtech,Pre-seed,2,6,4.38,10.077,142.689,3.558,27.53,63.27,2.28,6.5449,13.1226,13.009,1,1
ST-004875,Healthtech,Series A,15,8,0.93,12.311,219.843,7.004,25.14,64.18,2.67,1.0056,1.8789,1193.003,2,0
ST-004876,Healthtech,Seed,10,27,12.32,12.637,176.235,4.515,11.6,56.19,3.43,0.4112,1.2292,104.902,1,0
ST-004877,SaaS,Pre-seed,4,16,11.29,4.557,18.643,1.461,16.24,74.59,2.46,0.101,0.7621,14.918,1,0
ST-004878,D2C,Seed,7,34,7.98,14.189,103.71,10.296,-9.27,64.27,14.91,0.0436,0.1504,211.487,2,0
ST-004879,Fintech,Pre-seed,11,19,20.88,4.718,11.204,2.112,2.25,58.14,,0.2489,0.7943,31.381,0,0
ST-004880,Fintech,Seed,6,21,14.83,12.58,106.577,5.604,30.94,56.52,3.68,1.2087,4.6895,339.882,1,0
ST-004881,SaaS,Pre-seed,2,3,3.51,3.529,56.781,0.989,5.39,61.92,5.6,0.3864,2.2745,24.337,0,0
ST-004882,Healthtech,Series A,14,24,6.65,8.351,209.089,3.74,8.64,60.21,4.7,0.0388,0.5947,604.941,2,0
ST-004883,Healthtech,Seed,3,18,5.7,28.04,204.477,7.615,28.03,48.81,5.71,0.0929,0.2661,494.509,2,0
ST-004884,Fintech,Series A,9,27,4.49,110.38,302.281,7.42,18.93,,4.33,0.1443,0.4063,1211.214,2,0
ST-004885,Agritech,Series A,7,22,19.29,9.227,39.49,2.524,14.08,37.02,5.3,0.1607,0.4813,2492.154,2,0
ST-004886,Agritech,Pre-seed,2,14,6.63,1.915,30.74,0.257,11.79,43.54,3.07,1.4424,4.3978,7.73,0,0
ST-004887,SaaS,Seed,5,17,15.01,9.87,124.361,4.264,32.43,96.0,6.36,0.5023,0.7544,43.768,1,0
ST-004888,D2C,Series A,18,16,12.51,10.533,184.559,5.256,0.0,59.87,13.61,0.0793,0.2009,262.378,1,0
ST-004889,Edtech,Pre-seed,8,22,3.43,10.106,133.008,4.105,23.58,46.89,2.34,0.8136,1.2134,6.51,0,0
ST-004890,Deeptech,Pre-seed,7,60,19.29,8.782,94.857,2.295,11.01,58.12,4.31,0.175,0.802,24.382,1,0
ST-004891,SaaS,Pre-seed,5,6,8.54,3.16,98.716,1.129,28.17,84.6,1.91,0.1828,3.4276,13.557,0,0
ST-004892,Fintech,Pre-seed,3,8,6.64,2.705,13.065,0.438,29.99,,8.05,0.0272,0.0803,10.407,0,1
ST-004893,Edtech,Series A,2,30,2.68,11.501,109.982,3.605,16.2,73.74,18.15,0.034,0.1426,702.613,2,0
ST-004894,Fintech,Seed,8,16,4.7,14.505,192.997,3.717,37.42,52.32,8.44,0.0635,0.3386,378.96,1,0
ST-004895,D2C,Seed,2,14,3.91,7.506,90.009,1.18,29.91,29.16,,0.4664,0.566,53.228,1,1
ST-004896,Edtech,Series A,3,8,2.1,11.258,38.136,8.205,7.8,77.4,7.49,,,766.105,2,1
ST-004897,SaaS,Pre-seed,3,9,11.92,1.85,22.732,0.763,21.39,88.22,6.96,,1.0806,28.208,1,0
ST-004898,Edtech,Seed,7,10,4.05,32.695,374.133,12.42,20.78,87.18,2.4,1.8478,1.6634,66.954,1,1
ST-004899,Deeptech,Pre-seed,3,4,9.49,5.173,176.327,2.163,36.82,56.74,5.16,0.702,1.4946,8.404,0,0
ST-004900,Agritech,Pre-seed,10,27,18.04,1.319,21.545,0.539,-13.74,69.06,17.28,0.8557,0.3695,10.574,1,1
ST-004901,Edtech,Pre-seed,5,17,13.9,1.565,40.666,0.197,39.39,60.74,4.38,1.5174,1.1636,44.155,1,1
ST-004902,Fintech,Pre-seed,3,57,10.5,4.065,57.721,2.422,-15.75,80.53,17.22,0.6087,0.6228,12.466,1,0
ST-004903,SaaS,Pre-seed,9,18,1.35,15.646,48.778,7.041,26.19,96.0,5.26,2.2646,2.0551,21.514,0,1
ST-004904,Deeptech,Seed,16,9,2.11,10.131,97.816,2.51,24.55,47.83,2.78,0.1411,0.8262,34.183,1,0
ST-004905,D2C,Pre-seed,5,19,5.49,3.092,27.868,0.652,12.71,28.21,3.23,0.3305,0.3529,20.058,0,1
ST-004906,Healthtech,Pre-seed,2,21,11.07,8.504,145.524,5.419,29.16,65.33,5.86,0.7988,2.2212,16.716,0,0
ST-004907,Deeptech,Seed,4,14,3.99,22.175,333.801,3.153,-9.46,60.06,15.17,0.5737,1.2326,53.567,0,1
ST-004908,SaaS,Pre-seed,2,21,,6.2,61.748,1.655,0.25,80.15,10.68,0.6242,1.3212,10.629,0,0
ST-004909,D2C,Series A,10,28,17.48,17.162,220.202,5.929,-8.26,58.54,18.49,0.3209,0.5469,1086.974,1,1
ST-004910,SaaS,Series A,5,14,7.29,6.391,120.245,4.767,0.08,69.54,10.42,0.16,0.2319,3308.589,4,0
ST-004911,SaaS,Seed,5,27,2.21,4.303,18.026,2.066,37.15,80.56,4.42,0.3204,1.2033,166.436,1,1
ST-004912,Edtech,Seed,7,22,11.25,2.068,26.298,0.599,41.21,58.39,7.29,1.0353,0.4801,251.056,2,1
ST-004913,Fintech,Seed,2,19,3.01,8.49,174.713,5.612,13.49,85.83,,0.0802,0.3602,113.55,0,0
ST-004914,Deeptech,Seed,3,20,11.06,8.436,164.575,1.534,19.29,66.42,3.8,0.4133,0.7168,72.916,1,0
ST-004915,Fintech,Series A,7,12,6.46,13.061,90.237,9.971,54.01,60.1,6.5,0.3358,0.8892,791.317,2,0
ST-004916,Agritech,Series A,10,43,8.9,15.922,250.427,7.791,5.22,52.4,7.55,0.1889,0.6729,2584.473,3,0
ST-004917,D2C,Seed,5,16,3.81,4.834,16.494,3.058,1.3,46.0,8.02,0.0405,0.218,95.696,0,0
ST-004918,D2C,Seed,5,15,6.18,6.072,46.93,2.313,34.59,33.41,4.93,0.2064,0.2929,40.083,0,1
ST-004919,Deeptech,Series A,7,27,,15.458,105.586,10.043,2.93,75.39,11.47,0.327,0.5689,447.954,2,0
ST-004920,Edtech,Pre-seed,2,52,4.21,3.318,14.941,0.896,-3.35,62.19,,0.5252,0.4342,18.157,0,1
ST-004921,Fintech,Seed,4,28,6.34,12.97,211.707,4.819,33.68,96.0,9.55,0.163,0.4809,54.812,1,0
ST-004922,SaaS,Seed,5,16,1.36,2.806,15.155,0.326,43.95,82.32,3.98,,1.3297,192.016,2,0
ST-004923,Fintech,Seed,5,23,13.34,13.824,378.45,4.636,5.11,81.67,7.17,0.1981,0.3223,86.195,1,0
ST-004924,Deeptech,Pre-seed,4,19,12.84,7.232,89.486,4.5,16.27,58.27,7.72,0.47,0.924,6.529,0,0
ST-004925,Edtech,Pre-seed,5,16,6.62,4.589,28.259,1.291,35.59,70.34,5.84,0.2143,0.6722,43.92,0,0
ST-004926,Fintech,Pre-seed,6,7,6.77,5.732,43.255,1.087,1.05,63.38,8.52,0.1862,0.4045,16.21,1,1
ST-004927,SaaS,Seed,4,28,6.16,9.586,75.432,7.236,35.15,62.2,2.34,0.7291,2.8305,148.242,1,0
ST-004928,Edtech,Series A,4,2,13.32,9.234,178.282,4.753,44.39,85.34,13.51,0.4599,1.0267,1557.623,3,0
ST-004929,D2C,Series A,22,18,5.31,20.451,310.409,3.183,-11.93,41.25,17.02,0.0418,0.182,10884.116,4,0
ST-004930,Fintech,Pre-seed,5,9,15.39,11.872,195.427,5.77,-11.17,84.09,25.93,0.0898,0.1528,30.487,0,0
ST-004931,D2C,Pre-seed,2,12,2.75,2.835,13.961,2.44,-16.89,70.99,17.63,0.1657,0.4059,47.544,0,1
ST-004932,Healthtech,Seed,7,32,15.45,6.371,107.435,3.61,4.6,55.75,9.61,0.3673,0.4539,169.698,1,0
ST-004933,Agritech,Seed,12,14,0.97,10.704,401.894,4.676,-10.93,42.69,13.45,0.1983,0.2997,164.083,1,0
ST-004934,Fintech,Seed,18,18,5.99,6.694,85.73,2.99,38.27,61.57,2.79,,3.0123,206.551,1,1
ST-004935,D2C,Pre-seed,5,45,13.49,2.413,12.075,0.988,-3.23,26.97,,0.0687,0.1584,6.393,0,1
ST-004936,SaaS,Pre-seed,7,12,14.9,5.228,27.094,3.226,8.47,85.78,14.82,0.2123,0.9245,28.973,0,0
ST-004937,Fintech,Seed,3,18,2.86,7.317,302.333,3.464,23.05,82.23,5.72,,0.7026,44.443,0,0
ST-004938,D2C,Seed,6,19,11.45,18.699,174.765,3.483,-1.83,37.57,,0.0496,0.1057,65.844,1,1
ST-004939,D2C,Pre-seed,3,12,10.64,2.895,8.116,0.465,17.15,53.15,16.21,0.2816,0.4769,8.299,0,1
ST-004940,SaaS,Series A,12,21,11.88,7.848,31.918,4.953,27.55,79.49,8.68,0.3747,0.9516,1692.27,2,0
ST-004941,Agritech,Seed,17,20,33.25,6.775,59.774,3.958,80.53,49.56,,,0.3902,122.913,1,0
ST-004942,SaaS,Series A,12,17,35.0,19.366,280.262,9.931,21.94,81.77,5.4,0.7576,1.1223,1199.446,2,0
ST-004943,Healthtech,Seed,3,6,17.94,11.167,354.328,2.148,-17.71,66.64,25.85,0.0111,0.155,212.017,2,0
ST-004944,Deeptech,Seed,3,8,4.06,16.882,85.342,11.994,29.98,50.97,6.18,0.5606,0.5333,62.371,1,0
ST-004945,Healthtech,Series A,28,22,5.73,11.405,288.681,8.572,20.43,63.11,9.68,0.1445,0.1965,715.937,3,0
ST-004946,Agritech,Series A,14,46,9.15,29.494,783.445,7.262,24.49,45.37,4.15,0.2712,0.4621,776.579,2,0
ST-004947,Healthtech,Series A,13,19,6.02,5.158,117.946,3.316,11.92,64.39,7.52,0.1355,0.5729,294.002,2,0
ST-004948,Agritech,Series A,8,26,4.08,7.422,246.506,1.735,32.44,41.88,6.41,0.0258,0.1535,1042.322,3,0
ST-004949,D2C,Seed,7,34,15.06,7.976,74.11,2.228,10.22,57.99,5.01,0.0949,0.1758,38.52,1,1
ST-004950,D2C,Pre-seed,2,21,2.8,2.452,108.017,0.848,23.41,44.15,2.21,0.347,0.4536,7.832,1,0
ST-004951,SaaS,Pre-seed,5,15,1.06,3.086,79.664,1.238,21.26,68.24,,1.5888,2.0266,40.02,0,0
ST-004952,D2C,Series A,5,21,12.89,7.33,112.017,2.742,16.2,45.62,6.51,0.5075,2.1727,1289.204,3,0
ST-004953,SaaS,Pre-seed,3,10,12.59,3.321,90.714,1.179,10.12,81.17,,1.9461,2.0181,38.712,0,0
ST-004954,Deeptech,Seed,4,28,2.2,15.985,907.53,6.427,38.94,52.6,5.45,0.2272,0.6346,315.182,2,0
ST-004955,SaaS,Series A,1,37,2.15,9.625,250.302,4.561,42.91,64.26,5.95,0.6391,1.8928,918.009,3,0
ST-004956,SaaS,Series A,8,2,7.73,7.517,21.138,2.548,54.59,80.56,9.53,0.0975,0.2813,634.602,2,0
ST-004957,Agritech,Series A,6,32,9.64,9.344,33.719,4.614,16.74,53.77,5.99,0.6115,0.8434,10485.34,3,0
ST-004958,Fintech,Seed,5,25,6.17,22.085,284.988,9.837,20.3,72.64,7.52,0.895,0.9116,50.96,2,0
ST-004959,Fintech,Seed,6,15,5.23,21.953,93.59,12.022,21.58,,4.6,0.4639,1.0685,327.898,1,0
ST-004960,D2C,Series A,30,16,7.4,10.533,70.656,6.358,-2.56,53.5,11.17,0.0264,0.0909,985.315,3,1
ST-004961,SaaS,Pre-seed,5,20,12.23,5.562,47.539,2.966,35.62,85.62,4.62,1.7475,3.1557,79.121,0,1
ST-004962,SaaS,Pre-seed,5,6,2.29,3.807,35.6,0.186,11.46,88.25,4.11,0.3024,1.0522,10.118,0,0
ST-004963,Edtech,Series A,14,19,8.61,31.396,557.314,24.854,26.49,60.76,4.36,0.2971,0.6213,1207.036,4,0
ST-004964,Fintech,Seed,11,22,4.08,11.45,163.011,8.312,-8.64,78.27,16.67,0.0338,0.115,57.096,1,0
ST-004965,SaaS,Seed,8,36,30.62,6.391,33.628,1.837,27.48,81.15,6.86,1.1783,1.3728,86.002,1,1
ST-004966,SaaS,Pre-seed,5,38,8.98,12.206,90.251,8.361,44.07,79.9,6.48,0.6097,1.2134,7.69,1,0
ST-004967,Fintech,Seed,10,10,20.15,5.129,46.339,1.255,2.01,,10.78,0.0808,0.5631,117.599,1,0
ST-004968,Fintech,Series A,2,27,11.79,24.045,583.997,6.983,5.1,72.86,14.08,0.1759,0.2762,2258.552,3,0
ST-004969,SaaS,Seed,23,19,24.94,19.758,197.727,5.223,6.02,85.7,13.59,0.1299,0.3773,30.337,1,0
ST-004970,Healthtech,Pre-seed,10,22,7.5,7.478,135.214,3.502,7.54,71.18,7.61,0.1847,0.4175,5.283,0,0
ST-004971,Healthtech,Seed,7,17,8.24,5.12,60.253,1.971,44.17,47.76,12.34,,0.3456,180.996,1,0
ST-004972,SaaS,Series A,4,31,6.73,7.862,201.904,4.977,17.14,89.9,11.41,0.148,0.5841,1593.195,1,0
ST-004973,Fintech,Series A,21,25,4.52,6.931,107.309,2.923,-5.45,66.04,13.84,0.1904,0.2822,2710.267,3,1
ST-004974,Deeptech,Pre-seed,3,11,2.43,17.391,64.413,2.272,0.66,48.14,8.95,0.0345,0.1609,26.176,0,0
ST-004975,Healthtech,Seed,9,27,9.69,3.922,68.677,1.758,-26.64,57.91,22.61,0.0413,0.1511,97.431,2,0
ST-004976,Edtech,Pre-seed,2,14,,5.674,36.774,3.619,1.75,58.02,10.18,0.1515,0.1423,11.779,0,1
ST-004977,Edtech,Seed,25,20,7.18,2.328,4.621,1.211,-9.97,70.62,14.73,0.058,0.2249,306.655,2,1
ST-004978,SaaS,Pre-seed,2,8,5.46,24.315,203.74,5.338,-7.52,77.21,12.21,0.1041,0.2567,28.932,1,1
ST-004979,Agritech,Seed,7,16,19.7,2.566,51.789,0.69,7.52,51.09,4.9,0.572,0.6541,158.535,0,0
ST-004980,Deeptech,Seed,2,36,,11.809,292.393,2.486,-6.38,52.86,12.73,0.2328,0.3779,123.284,0,0
ST-004981,Deeptech,Pre-seed,4,11,7.98,14.31,204.592,8.756,14.45,56.61,3.57,0.7791,1.0524,8.544,1,0
ST-004982,SaaS,Pre-seed,3,39,12.99,2.325,21.136,0.971,25.35,69.5,,0.6934,2.0,30.778,0,0
ST-004983,Fintech,Pre-seed,8,16,4.0,7.815,68.57,1.691,23.98,45.9,8.15,0.043,0.3458,8.73,0,0
ST-004984,SaaS,Pre-seed,3,18,8.06,3.149,15.692,0.733,22.19,96.0,9.13,0.3872,0.8794,23.123,0,1
ST-004985,Fintech,Seed,13,12,,13.192,353.775,1.626,-37.11,68.4,30.63,0.1415,0.2287,159.531,1,1
ST-004986,Fintech,Pre-seed,2,24,3.96,11.339,148.904,4.914,7.07,96.0,3.84,2.2277,5.0562,21.465,0,0
ST-004987,D2C,Pre-seed,3,5,11.99,2.975,20.872,0.915,43.86,47.17,4.48,2.1509,4.5837,30.374,0,0
ST-004988,SaaS,Series A,9,20,1.82,41.586,1005.19,28.541,58.85,81.66,6.51,0.8389,2.7545,1633.413,3,0
ST-004989,Deeptech,Pre-seed,5,10,7.08,7.706,135.073,4.729,33.98,54.76,10.3,0.2288,0.3961,47.632,0,0
ST-004990,SaaS,Series A,13,11,16.72,57.564,835.354,38.753,15.23,88.15,17.64,0.5412,,1257.765,2,0
ST-004991,SaaS,Seed,10,26,12.33,4.059,46.988,1.105,-1.99,83.05,11.75,0.1651,0.4034,166.463,2,0
ST-004992,Agritech,Seed,7,17,17.4,4.282,281.465,1.002,41.75,37.16,5.47,0.3127,0.5901,103.796,1,0
ST-004993,D2C,Seed,9,20,0.75,6.564,46.328,2.302,12.26,36.32,6.64,0.2668,0.3001,57.494,1,0
ST-004994,Fintech,Pre-seed,2,10,7.28,2.175,3.603,1.315,11.79,54.57,3.66,0.4523,0.8754,12.997,1,1
ST-004995,Healthtech,Series A,13,33,4.26,33.081,536.9,27.958,38.13,64.11,3.21,,2.4174,528.806,2,0
ST-004996,SaaS,Series A,27,25,7.56,13.402,318.246,5.733,-48.0,83.61,37.15,0.1113,0.1455,1609.338,3,0
ST-004997,SaaS,Pre-seed,1,34,15.54,1.69,39.047,0.178,15.52,83.09,7.42,0.5014,1.0628,5.824,0,0
ST-004998,Edtech,Seed,8,13,21.35,3.596,107.552,1.558,-15.47,58.99,17.63,0.1227,0.2123,90.516,1,0
ST-004999,Fintech,Seed,9,13,27.74,5.332,139.482,2.977,27.11,54.53,2.01,0.4908,0.4593,47.701,1,0
ST-005000,Healthtech,Series A,25,29,5.58,33.028,650.507,24.573,47.97,75.38,1.45,0.325,0.8826,836.845,1,0
ST-005001,SaaS,Series A,16,46,1.58,19.671,363.66,5.205,24.37,84.08,,0.7884,1.7396,863.44,3,0
ST-005002,D2C,Pre-seed,4,11,1.17,3.682,44.414,2.182,58.37,54.2,4.89,0.0777,0.7774,27.683,0,0
ST-005003,D2C,Series A,13,6,2.74,11.425,130.36,8.202,18.38,,4.34,0.3074,1.1191,1528.513,2,0
ST-005004,SaaS,Series A,6,11,,11.919,418.769,2.754,44.31,59.3,,0.1654,0.6473,306.939,2,0
ST-005005,SaaS,Seed,5,36,10.88,26.64,129.028,14.791,-17.89,82.5,,0.2715,,191.419,1,1
ST-005006,Edtech,Pre-seed,2,13,11.37,2.868,30.005,0.41,21.42,79.11,1.59,0.9641,,11.429,1,0
ST-005007,Agritech,Series A,25,51,7.45,24.144,139.898,15.685,-13.81,38.22,28.33,0.079,0.2605,4057.011,3,1
ST-005008,D2C,Seed,8,10,5.57,6.121,116.488,4.36,23.55,35.36,,5.5766,2.6624,138.933,1,0
ST-005009,D2C,Pre-seed,2,21,19.52,13.602,600.578,2.471,10.28,35.13,4.46,0.1469,0.7046,8.218,0,0
ST-005010,Edtech,Series A,12,29,0.74,5.178,41.465,1.43,9.85,49.96,3.83,,0.6669,876.539,2,0
ST-005011,SaaS,Seed,13,8,2.94,13.211,30.401,6.885,11.01,88.11,7.1,0.3085,0.395,70.582,1,1
ST-005012,Healthtech,Series A,19,10,12.68,9.831,99.707,5.947,36.04,64.83,2.37,4.7438,10.1965,876.851,3,0
ST-005013,SaaS,Seed,4,16,6.03,36.364,520.181,14.219,19.55,67.98,,0.8287,1.2732,49.489,1,0
ST-005014,D2C,Pre-seed,1,22,14.16,6.692,69.621,2.39,20.95,27.53,4.17,0.2075,,62.457,1,0
ST-005015,SaaS,Series A,13,27,13.2,4.151,15.3,2.653,14.35,72.26,7.6,0.3372,0.5991,737.542,4,0
ST-005016,Fintech,Seed,4,17,12.23,5.101,135.822,1.675,30.58,79.48,1.25,1.078,,91.05,1,0
ST-005017,Edtech,Seed,9,17,11.8,10.649,134.365,7.208,10.89,53.68,4.99,0.0787,0.5542,79.027,1,0
ST-005018,Edtech,Pre-seed,7,3,15.09,5.451,270.228,0.785,-6.21,47.29,16.24,0.1352,0.3669,4.13,1,0
ST-005019,Healthtech,Pre-seed,8,9,15.1,7.044,128.955,3.972,37.17,60.74,2.59,1.5934,,25.058,0,0
ST-005020,Edtech,Seed,18,7,8.12,7.278,46.361,2.668,6.25,52.82,8.74,,0.4271,83.452,1,0
ST-005021,Deeptech,Seed,13,23,6.66,9.103,118.748,4.95,21.37,75.66,5.87,1.6347,3.0398,16.245,1,0
ST-005022,Agritech,Series A,30,11,10.31,28.476,628.042,11.082,30.03,52.6,5.78,0.2733,0.561,2954.783,3,0
ST-005023,Deeptech,Series A,24,40,17.84,11.776,543.254,5.802,-8.46,52.72,13.88,0.0224,0.0763,482.15,2,0
ST-005024,Healthtech,Seed,15,20,4.31,9.215,88.012,0.293,-1.66,57.89,14.19,0.253,0.5622,127.181,2,0
ST-005025,D2C,Pre-seed,4,9,7.07,2.592,10.584,1.092,-13.05,40.32,18.14,0.0565,0.1547,27.891,0,1
ST-005026,Healthtech,Seed,3,32,5.37,5.357,71.446,1.394,8.18,56.41,7.75,0.5434,1.0071,323.617,1,1
ST-005027,Edtech,Pre-seed,18,6,3.67,2.439,16.381,1.053,39.22,,3.57,0.6976,0.846,45.874,0,1
ST-005028,Fintech,Series A,10,11,5.76,11.254,64.247,8.872,13.48,77.4,2.82,1.2034,1.4341,5325.664,4,1
ST-005029,Healthtech,Seed,13,11,2.6,13.172,230.42,2.546,45.18,59.42,,,1.8246,40.789,1,0
ST-005030,SaaS,Series A,7,37,2.28,4.89,6.997,1.565,20.85,83.18,3.32,0.787,2.3377,851.731,3,1
ST-005031,SaaS,Pre-seed,7,41,22.89,5.261,17.91,2.67,5.04,72.56,14.89,0.2662,1.1067,64.15,0,0
ST-005032,Agritech,Pre-seed,1,5,3.35,2.248,28.216,0.453,2.69,61.82,20.77,0.1094,0.1403,10.629,0,1
ST-005033,SaaS,Series A,8,80,12.16,14.467,174.855,8.608,47.23,43.63,3.32,1.8152,5.6602,1407.972,2,0
ST-005034,Healthtech,Seed,6,27,27.7,7.863,439.021,3.206,31.9,55.07,3.1,2.0962,7.176,227.511,1,0
ST-005035,Healthtech,Series A,13,18,16.88,11.857,197.769,1.201,10.21,49.53,7.32,0.5852,0.8865,673.714,1,1
ST-005036,SaaS,Series A,20,29,11.84,33.901,88.487,21.399,16.84,90.04,5.97,0.7531,1.2681,629.392,2,1
ST-005037,Deeptech,Seed,3,33,13.26,8.769,59.37,3.678,6.16,55.97,7.71,0.1257,0.7503,38.583,1,0
ST-005038,SaaS,Seed,9,11,5.45,12.262,312.115,4.607,-37.53,60.69,30.76,0.1589,0.3206,118.987,1,0
ST-005039,Deeptech,Seed,13,33,,19.184,181.097,8.561,17.33,54.57,7.53,0.1783,0.6548,37.925,1,0
ST-005040,D2C,Series A,43,22,24.25,12.213,32.017,7.084,-12.14,45.55,14.78,0.133,0.1788,676.402,2,1
ST-005041,Fintech,Series A,16,9,6.26,7.725,179.485,1.944,6.41,81.89,5.73,,0.5014,1462.178,3,0
ST-005042,SaaS,Pre-seed,3,22,2.19,2.044,35.418,1.125,-9.47,82.66,12.0,0.0574,0.1036,33.32,0,0
ST-005043,Fintech,Seed,3,40,14.7,25.049,278.07,7.941,11.59,65.05,2.07,0.9063,1.8923,52.006,1,1
ST-005044,Edtech,Pre-seed,12,20,32.87,4.839,32.312,1.579,-3.92,65.1,10.52,0.0321,0.1011,25.276,0,0
ST-005045,Fintech,Seed,10,10,3.65,11.024,258.053,5.671,16.93,40.28,4.12,0.0459,0.6557,68.581,1,0
ST-005046,Deeptech,Series A,10,28,0.65,14.585,32.997,12.09,28.58,46.42,7.96,0.8241,1.3894,1497.495,3,1
ST-005047,SaaS,Series A,4,26,7.14,49.25,1312.561,12.931,20.57,,7.14,0.2407,0.5755,158.202,1,0
ST-005048,Agritech,Seed,3,25,5.14,3.639,40.757,1.454,-15.44,71.63,19.73,0.0256,0.1355,181.763,2,0
ST-005049,SaaS,Pre-seed,6,4,9.37,4.266,57.609,2.755,-17.96,74.11,18.84,0.0795,0.2019,14.974,1,0
ST-005050,Deeptech,Pre-seed,5,5,4.52,8.581,45.299,0.257,-9.93,62.55,28.79,0.036,0.0892,17.556,0,1
ST-005051,SaaS,Pre-seed,1,11,6.96,1.507,15.187,0.417,38.54,68.16,2.51,0.7649,7.1747,26.584,0,0
ST-005052,Edtech,Pre-seed,6,25,3.43,1.966,41.631,0.778,62.96,60.07,4.32,0.1165,0.6409,16.536,0,0
ST-005053,Healthtech,Series A,4,31,1.21,12.218,252.702,4.861,-0.12,56.69,11.91,0.0096,0.0951,1643.39,2,0
ST-005054,SaaS,Pre-seed,9,27,7.54,7.175,9.427,2.469,-4.5,,10.59,2.4531,3.9733,6.48,0,1
ST-005055,Agritech,Pre-seed,4,21,12.76,2.589,49.593,1.32,46.12,,4.2,0.174,0.739,14.316,0,0
ST-005056,Fintech,Seed,5,29,2.7,3.547,77.941,2.263,6.71,58.1,4.71,0.1926,0.4829,53.031,1,0
ST-005057,Healthtech,Pre-seed,7,18,29.55,1.536,24.487,0.482,15.34,,4.11,0.3073,0.6914,31.576,1,0
ST-005058,Healthtech,Pre-seed,5,14,11.29,2.665,29.595,0.603,20.42,84.77,11.77,0.1886,0.4534,6.603,0,0
ST-005059,Healthtech,Series A,23,31,5.45,5.809,188.475,1.591,-0.37,54.48,11.45,0.1306,0.505,1282.357,2,0
ST-005060,SaaS,Pre-seed,4,7,18.94,6.709,62.016,3.178,0.72,74.91,20.74,0.0965,0.2401,54.486,1,0
ST-005061,SaaS,Pre-seed,4,8,15.09,6.901,12.593,4.155,15.37,72.82,,0.0701,0.0981,43.284,0,1
ST-005062,SaaS,Seed,5,8,12.35,7.427,53.664,1.233,6.87,94.63,4.59,0.9579,1.3543,662.376,2,1
ST-005063,Fintech,Pre-seed,5,17,9.1,4.309,160.748,1.058,-20.39,57.89,18.12,0.4041,0.4618,16.101,1,0
ST-005064,SaaS,Pre-seed,11,7,5.57,6.579,56.71,1.81,-1.87,73.84,18.15,0.0846,0.205,33.311,0,1
ST-005065,Deeptech,Pre-seed,3,2,10.53,9.899,104.28,5.582,14.09,57.48,4.73,0.4281,1.5614,61.253,0,1
ST-005066,Healthtech,Pre-seed,6,5,,2.275,5.441,1.0,5.36,73.6,,0.42,2.0894,8.921,0,0
ST-005067,Healthtech,Series A,6,45,18.29,9.22,175.771,4.329,24.43,60.04,8.7,0.374,1.2387,573.035,1,0
ST-005068,Fintech,Seed,2,21,11.72,16.59,273.442,8.147,-0.85,65.76,18.39,0.0441,0.1245,57.565,1,0
ST-005069,Fintech,Pre-seed,4,28,6.43,6.327,378.273,1.679,55.06,63.94,11.88,,0.2024,12.536,0,0
ST-005070,Edtech,Pre-seed,5,5,6.35,5.26,114.273,0.974,18.1,59.05,,0.6932,0.6734,15.119,0,0
ST-005071,Fintech,Series A,9,29,4.41,10.039,205.04,5.257,15.57,85.57,9.98,0.0495,0.168,1238.542,4,0
ST-005072,Fintech,Pre-seed,2,6,9.43,3.031,6.164,1.904,6.2,56.3,9.55,0.0621,0.1987,20.658,1,0
ST-005073,Edtech,Series A,12,28,5.79,17.395,123.644,9.346,8.42,68.63,,1.2501,,3187.834,2,1
ST-005074,Edtech,Pre-seed,5,2,2.95,2.077,96.178,1.135,-22.69,58.05,26.2,0.0499,0.0355,60.229,0,0
ST-005075,Deeptech,Series A,6,36,14.21,7.344,152.199,4.896,14.01,61.81,4.42,0.1208,0.2781,302.644,1,0
ST-005076,SaaS,Pre-seed,2,22,5.37,2.387,30.982,0.957,58.33,78.61,14.65,0.1587,0.587,34.239,0,0
ST-005077,Edtech,Pre-seed,3,16,6.7,2.928,92.761,1.817,35.83,66.94,4.1,0.3718,0.3689,9.245,0,0
ST-005078,SaaS,Seed,9,39,,25.153,116.19,13.033,-18.76,80.22,19.13,1.4754,2.3026,253.771,1,1
ST-005079,Fintech,Pre-seed,5,25,15.66,2.847,38.93,1.193,23.09,53.11,2.67,0.3066,0.7015,15.484,0,0
ST-005080,D2C,Seed,4,12,11.6,7.421,126.32,3.965,24.86,44.55,7.62,0.0424,0.1966,53.077,1,0
ST-005081,SaaS,Seed,7,9,9.36,32.166,373.519,8.465,47.39,59.23,,0.0329,0.1031,64.238,1,0
ST-005082,Healthtech,Seed,11,60,23.79,4.035,10.875,2.991,-1.06,62.67,14.23,0.1037,0.3211,51.369,0,0
ST-005083,Edtech,Pre-seed,2,10,,5.461,192.401,1.477,64.99,58.65,5.25,0.36,0.7113,6.888,1,0
ST-005084,SaaS,Seed,6,18,,4.429,61.32,0.903,17.86,76.75,3.86,0.3124,,324.872,2,0
ST-005085,Deeptech,Pre-seed,9,8,18.24,7.984,86.904,5.9,-0.41,55.52,9.38,0.1188,0.3637,8.78,0,0
ST-005086,Edtech,Series A,5,33,11.62,66.894,530.018,22.801,-20.26,65.84,25.67,0.2278,0.3747,1124.357,3,1
ST-005087,Agritech,Seed,13,11,3.77,12.02,93.0,5.438,13.0,23.79,3.47,0.24,0.4259,152.769,1,0
ST-005088,Edtech,Seed,17,19,,7.254,76.963,1.172,19.84,60.08,1.49,1.0497,2.2486,151.41,1,0
ST-005089,Deeptech,Series A,9,28,2.23,11.061,131.714,3.492,-9.99,58.1,39.18,0.0666,0.1296,427.665,2,1
ST-005090,Fintech,Seed,5,13,15.93,8.792,201.068,3.971,28.61,82.56,5.94,0.3114,0.2404,110.63,1,0
ST-005091,Edtech,Seed,12,24,9.63,4.328,25.529,3.329,26.55,92.71,4.03,0.4499,0.7405,256.499,2,0
ST-005092,D2C,Pre-seed,3,39,10.65,1.425,6.238,0.578,17.18,67.14,3.4,1.6262,5.1329,36.693,0,0
ST-005093,Fintech,Seed,1,22,11.11,2.154,7.831,0.861,-2.53,,13.87,,0.0814,179.328,2,1
ST-005094,Fintech,Pre-seed,4,23,11.52,2.864,37.858,2.053,17.41,71.35,2.57,1.5699,3.9347,22.211,1,0
ST-005095,Deeptech,Pre-seed,5,12,7.81,5.845,116.17,2.794,55.68,67.71,3.49,0.2156,0.2435,27.635,1,0
ST-005096,Healthtech,Series A,16,18,8.42,38.025,414.847,11.481,-5.42,67.81,14.8,0.1767,0.1024,1132.886,2,1
ST-005097,D2C,Pre-seed,2,6,5.73,2.38,16.604,0.657,-19.91,45.13,18.33,0.0531,0.1013,6.882,0,1
ST-005098,D2C,Seed,5,21,9.39,8.906,109.248,4.131,7.69,48.86,4.61,0.4043,1.0684,206.766,1,0
ST-005099,Agritech,Pre-seed,7,28,7.84,1.043,8.478,0.775,-0.01,54.18,9.46,0.2285,0.3766,13.238,0,1
ST-005100,Agritech,Seed,6,27,8.77,3.82,67.64,0.57,-23.43,43.23,21.26,0.1648,0.1993,325.21,0,1
ST-005101,Healthtech,Series A,4,17,2.73,2.916,99.82,0.666,22.55,63.97,4.35,0.2071,0.7241,1582.65,4,0
ST-005102,Fintech,Pre-seed,8,13,5.01,26.015,657.439,5.023,-10.7,52.51,15.18,0.0993,0.2243,45.856,1,0
ST-005103,SaaS,Seed,5,45,0.98,8.521,171.433,2.907,-14.38,96.0,18.56,0.1107,0.3878,370.283,2,0
ST-005104,Healthtech,Seed,12,25,7.26,9.996,51.653,4.345,32.72,57.38,3.35,0.3195,2.5302,62.811,1,0
ST-005105,Agritech,Series A,4,34,3.38,19.144,395.933,7.173,43.42,56.67,5.95,0.8053,2.5102,452.848,2,0
ST-005106,Edtech,Pre-seed,4,27,1.69,21.02,297.887,4.968,71.33,68.24,,0.2011,0.6305,15.524,0,0
ST-005107,SaaS,Seed,9,15,9.39,5.401,13.653,3.609,-17.21,82.16,18.69,0.1976,0.2856,106.032,1,1
ST-005108,Fintech,Seed,6,14,3.65,4.923,42.802,1.571,23.75,73.54,3.46,0.5089,1.1541,199.761,2,1
ST-005109,Edtech,Seed,3,15,5.02,27.448,534.567,4.581,-13.94,78.21,14.2,0.4923,0.5077,92.195,1,1
ST-005110,Agritech,Pre-seed,1,11,10.47,1.463,5.487,0.365,18.5,52.01,,1.4979,1.8103,12.278,1,1
ST-005111,SaaS,Pre-seed,10,35,13.84,9.822,54.475,3.521,13.71,89.89,9.3,0.2746,0.764,2.564,1,1
ST-005112,Healthtech,Seed,7,17,5.88,8.408,103.55,3.088,-29.48,67.24,25.72,0.067,0.1267,54.837,1,1
ST-005113,D2C,Pre-seed,8,32,15.93,5.533,44.361,2.42,28.09,32.87,2.45,1.3528,2.1255,4.974,0,0
ST-005114,Deeptech,Seed,11,18,18.58,4.071,102.423,2.042,15.47,57.39,2.32,0.6123,1.5279,106.958,1,0
ST-005115,SaaS,Seed,9,18,7.55,47.817,1035.174,12.154,28.2,78.68,8.18,0.3961,0.6361,43.689,1,0
ST-005116,Deeptech,Seed,5,5,7.54,8.698,30.912,4.795,-10.97,63.87,17.39,0.218,0.4248,90.0,1,0
ST-005117,Healthtech,Pre-seed,5,11,4.8,2.794,16.601,0.419,61.41,69.83,5.48,0.1279,0.3553,36.82,0,1
ST-005118,D2C,Pre-seed,9,35,8.92,6.011,141.602,3.176,22.54,48.52,8.21,0.0927,0.1573,3.807,1,0
ST-005119,SaaS,Seed,7,39,13.89,4.644,68.41,2.059,22.51,85.46,7.39,0.3285,0.4091,116.148,1,0
ST-005120,Edtech,Seed,20,14,17.73,8.827,10.153,3.671,44.5,67.95,5.38,0.1467,0.7605,158.233,1,0
ST-005121,Healthtech,Series A,4,6,3.78,6.851,251.094,3.763,13.71,55.95,11.24,0.0983,0.7975,1434.018,2,0
ST-005122,Fintech,Seed,2,11,7.92,11.078,135.714,2.784,-3.29,80.95,20.89,0.0765,0.1758,94.311,1,1
ST-005123,Edtech,Seed,12,14,12.29,4.212,47.849,1.333,38.39,72.83,,0.1706,0.3519,71.944,0,0
ST-005124,Healthtech,Pre-seed,2,11,1.77,2.634,13.13,0.742,13.83,83.41,7.8,0.3865,0.9097,26.018,0,1
ST-005125,Healthtech,Series A,36,17,0.29,8.624,338.241,2.26,34.29,60.44,5.35,0.2885,0.4227,1013.215,2,0
ST-005126,SaaS,Pre-seed,9,16,,7.3,124.707,1.206,14.55,75.13,5.14,0.1572,0.7687,13.809,1,0
ST-005127,Edtech,Pre-seed,10,7,3.88,2.638,27.937,0.576,62.6,43.29,7.72,0.0958,0.4075,22.643,0,0
ST-005128,SaaS,Pre-seed,7,14,3.43,3.379,1.476,2.517,15.83,96.0,3.61,1.7832,3.0294,22.576,0,1
ST-005129,Deeptech,Pre-seed,2,19,,8.131,55.551,2.963,3.58,63.44,8.87,0.58,1.0768,24.898,0,1
ST-005130,Deeptech,Seed,2,15,4.1,26.028,146.509,5.265,22.32,66.32,3.53,0.4243,1.2515,66.387,1,0
ST-005131,Fintech,Pre-seed,10,16,10.33,2.679,12.416,1.597,6.79,86.56,7.3,0.1442,0.7133,17.126,0,0
ST-005132,SaaS,Pre-seed,2,39,,4.522,21.496,1.466,-1.55,83.38,9.61,0.1814,0.5551,35.985,0,0
ST-005133,SaaS,Pre-seed,10,23,9.82,2.004,38.99,0.536,44.96,74.02,4.41,0.4395,1.4633,11.599,1,0
ST-005134,Edtech,Series A,15,29,6.17,10.719,297.303,7.311,-13.11,76.78,16.03,0.3513,1.0644,918.101,3,0
ST-005135,Deeptech,Seed,6,15,2.44,24.658,320.71,4.182,36.81,55.31,9.31,0.8452,2.2274,196.858,1,0
ST-005136,Edtech,Series A,13,17,11.62,2.3,13.99,0.678,47.31,46.82,9.81,0.4756,1.4062,692.779,2,0
ST-005137,SaaS,Series A,13,22,10.2,7.283,32.0,5.056,6.49,96.0,,0.4256,1.6463,1312.134,3,0
ST-005138,SaaS,Series A,9,29,4.38,11.982,77.381,8.183,19.31,69.77,2.12,0.405,1.1566,1646.252,2,0
ST-005139,SaaS,Seed,15,22,11.13,9.719,315.498,4.941,-2.37,73.71,13.98,0.2297,0.4645,87.781,1,0
ST-005140,Agritech,Pre-seed,9,17,16.89,8.541,89.448,3.117,40.65,60.4,8.31,0.0388,0.4158,1.896,0,0
ST-005141,Healthtech,Pre-seed,4,25,1.09,1.364,40.709,0.869,-10.49,40.7,14.93,0.2235,0.1848,47.775,1,0
ST-005142,Healthtech,Pre-seed,3,20,3.49,12.826,39.68,5.661,37.52,,7.8,0.5402,2.2238,44.839,0,1
ST-005143,Fintech,Seed,14,29,0.86,14.513,160.695,5.62,15.21,70.58,8.61,0.9715,1.6425,295.969,2,0
ST-005144,Deeptech,Pre-seed,1,8,13.0,5.028,20.848,2.039,-1.26,,8.32,1.4775,1.1733,25.583,0,1
ST-005145,Fintech,Pre-seed,5,7,6.91,1.808,16.469,0.552,1.88,74.46,13.59,4.6334,2.847,19.271,0,1
ST-005146,Agritech,Seed,10,42,5.72,4.502,77.761,1.747,25.3,59.8,4.42,0.9146,1.8706,71.709,1,0
ST-005147,Deeptech,Pre-seed,2,2,12.42,12.508,36.591,5.017,-8.51,67.69,12.1,0.1442,1.2609,45.071,0,0
ST-005148,Edtech,Pre-seed,7,7,5.06,3.46,20.553,1.252,28.03,82.94,5.49,0.2247,1.7111,35.205,0,0
ST-005149,Deeptech,Pre-seed,4,12,12.57,5.249,46.246,2.124,20.08,52.74,,0.7118,1.1455,14.268,0,1
ST-005150,Fintech,Seed,4,36,2.92,4.956,67.291,1.979,6.69,56.86,10.75,1.1371,1.7826,217.808,2,1
ST-005151,D2C,Pre-seed,7,6,7.7,6.874,22.854,2.623,26.73,37.44,7.14,0.1229,0.2203,24.659,0,0
ST-005152,SaaS,Pre-seed,2,4,14.08,3.463,30.892,1.959,-0.31,88.66,12.77,0.0596,0.158,7.955,0,0
ST-005153,Edtech,Pre-seed,7,9,2.0,2.863,50.366,0.195,10.65,63.62,3.83,0.0752,0.6116,4.899,0,0
ST-005154,SaaS,Seed,2,14,4.12,6.899,146.739,3.267,6.83,75.16,6.47,0.1442,0.6215,52.851,0,0
ST-005155,SaaS,Pre-seed,5,16,,2.424,8.7,0.113,-10.2,93.59,,0.2627,0.9317,10.74,0,0
ST-005156,SaaS,Pre-seed,4,21,22.4,2.145,12.908,0.987,9.43,88.09,8.52,0.7172,,26.344,0,1
ST-005157,Fintech,Series A,7,35,9.48,6.398,78.844,2.114,-19.47,85.08,26.21,0.2035,0.1362,746.814,2,1
ST-005158,Healthtech,Series A,13,10,2.51,10.873,113.85,7.93,1.73,65.84,11.8,0.4033,0.267,253.239,1,1
ST-005159,Edtech,Pre-seed,4,2,24.71,0.929,7.763,0.497,-19.86,72.87,18.39,0.1528,0.2145,2.308,0,1
ST-005160,Fintech,Pre-seed,7,16,21.13,7.388,41.472,3.876,-5.02,63.39,,0.388,0.4078,52.802,0,1
ST-005161,Deeptech,Pre-seed,5,6,8.98,3.697,38.707,2.719,-2.93,34.55,13.51,0.2448,0.1926,17.42,0,0
ST-005162,Deeptech,Seed,8,13,29.19,8.635,506.367,3.083,23.68,51.97,9.81,0.1203,0.5212,270.303,2,0
ST-005163,SaaS,Pre-seed,5,13,,3.756,65.848,0.679,-3.71,73.8,12.24,0.1132,0.2252,10.632,1,0
ST-005164,Edtech,Series A,8,17,6.31,6.991,25.115,4.159,-12.82,52.02,19.31,,0.0914,299.445,2,1
ST-005165,D2C,Series A,8,7,3.53,6.378,275.749,3.078,5.4,49.81,5.2,0.3778,,696.46,2,0
ST-005166,D2C,Seed,7,21,12.48,9.102,318.532,5.762,54.82,58.03,3.64,0.3314,1.2345,210.22,1,0
ST-005167,Fintech,Pre-seed,3,45,26.3,20.291,408.693,6.059,-18.42,62.79,22.22,0.0387,0.086,11.57,0,0
ST-005168,D2C,Series A,20,21,15.36,28.62,1055.397,12.478,28.14,,1.25,1.8324,1.6145,1028.439,3,0
ST-005169,SaaS,Seed,7,54,3.79,18.569,592.599,13.672,22.39,75.62,9.4,0.5128,0.8815,55.171,1,0
ST-005170,Fintech,Seed,8,4,5.04,3.917,54.362,1.592,58.88,66.25,6.25,0.3018,2.3576,369.353,2,0
ST-005171,D2C,Pre-seed,2,9,14.16,3.529,85.73,1.553,22.69,41.33,5.26,,0.7861,11.777,0,0
ST-005172,Healthtech,Seed,11,46,3.68,7.689,264.193,3.601,15.96,66.26,1.53,0.6063,,216.919,1,0
ST-005173,Agritech,Series A,7,14,7.62,36.419,279.71,12.234,14.35,58.38,8.66,0.2871,0.8443,634.152,2,1
ST-005174,SaaS,Series A,5,25,1.85,27.388,1337.675,3.819,12.8,96.0,15.59,0.1753,0.3023,1242.146,2,0
ST-005175,SaaS,Seed,17,18,,6.565,61.691,4.091,29.81,75.68,4.33,1.9171,3.7028,656.273,2,0
ST-005176,SaaS,Seed,10,15,8.96,1.422,31.489,0.563,3.83,,7.69,0.9709,1.0683,98.422,1,0
ST-005177,SaaS,Seed,11,31,9.26,3.208,40.846,2.01,78.85,94.37,4.22,0.606,0.8943,70.749,1,0
ST-005178,SaaS,Seed,8,18,11.52,11.655,88.708,2.282,33.13,78.25,7.72,0.2625,0.8306,42.834,1,0
ST-005179,Edtech,Series A,10,32,20.2,9.887,282.469,5.908,9.58,72.52,10.16,0.0326,0.1898,727.302,2,0
ST-005180,Healthtech,Seed,5,46,16.0,8.19,62.291,4.255,9.85,57.44,8.01,0.2117,0.6116,146.002,1,0
ST-005181,D2C,Pre-seed,6,27,15.14,6.3,86.489,1.802,16.25,52.33,,0.1729,0.7496,3.718,0,0
ST-005182,Fintech,Pre-seed,8,7,13.7,11.764,173.531,6.427,15.66,74.56,9.44,4.636,2.8042,8.591,0,1
ST-005183,SaaS,Seed,6,61,9.34,4.218,83.388,0.738,28.61,96.0,2.58,1.0359,3.259,60.412,1,0
ST-005184,D2C,Series A,36,29,7.71,22.755,175.783,17.78,19.88,39.59,9.92,0.1092,0.3129,409.759,2,0
ST-005185,SaaS,Pre-seed,3,13,16.56,12.308,48.566,2.469,47.39,87.38,10.75,0.075,0.1043,50.28,0,0
ST-005186,Agritech,Pre-seed,2,6,,9.922,63.437,1.253,-3.47,50.43,11.41,0.24,0.5294,37.127,0,0
ST-005187,SaaS,Series A,3,23,4.51,9.658,166.088,6.612,12.99,63.95,13.87,0.1501,0.8214,1203.405,2,0
ST-005188,Healthtech,Seed,2,12,12.16,10.964,219.145,2.633,-5.2,56.13,17.2,0.1927,0.5844,99.187,1,0
ST-005189,Deeptech,Pre-seed,3,5,,10.266,89.626,4.469,6.8,49.77,7.51,0.244,0.4537,11.427,0,1
ST-005190,Healthtech,Pre-seed,3,7,10.96,4.697,43.216,1.058,5.96,67.71,7.0,0.0606,0.4599,15.053,0,0
ST-005191,Healthtech,Pre-seed,6,4,18.1,3.869,31.216,1.519,33.23,,7.87,0.5459,1.2761,10.872,0,0
ST-005192,D2C,Pre-seed,4,3,4.77,1.165,6.111,0.132,3.41,49.0,,0.0738,0.4551,38.496,0,0
ST-005193,SaaS,Seed,11,15,4.39,3.964,89.722,1.309,44.72,82.14,11.59,0.2893,0.5173,38.797,1,0
ST-005194,D2C,Seed,6,17,10.08,4.703,24.256,1.672,45.9,55.13,3.61,0.3801,0.8961,18.232,1,0
ST-005195,Deeptech,Seed,6,23,5.15,4.618,55.371,2.486,30.43,52.75,20.88,0.006,0.0359,196.092,1,0
ST-005196,Deeptech,Seed,4,61,2.24,12.393,368.059,8.201,-8.55,41.72,15.81,0.0885,,116.312,0,0
ST-005197,Edtech,Pre-seed,9,21,3.24,6.335,63.699,1.678,47.1,77.19,2.32,0.2503,2.6849,10.476,0,0
ST-005198,Fintech,Pre-seed,1,11,29.29,3.851,148.5,0.854,7.91,61.82,12.65,0.4042,0.5714,13.034,0,0
ST-005199,D2C,Pre-seed,5,11,8.9,0.829,3.935,0.22,9.94,60.09,4.99,0.2479,0.8826,21.584,0,0
ST-005200,Healthtech,Pre-seed,3,17,12.39,4.251,10.529,3.136,27.79,62.79,1.69,1.2689,4.1399,6.566,0,0
ST-005201,Fintech,Seed,10,9,7.17,12.151,25.749,2.833,-2.58,68.76,21.99,0.0595,0.066,93.211,1,1
ST-005202,SaaS,Pre-seed,4,23,16.99,4.475,53.232,2.484,43.15,88.69,,0.1574,0.1341,12.838,0,1
ST-005203,SaaS,Seed,6,15,1.02,4.396,6.541,2.687,32.21,89.08,6.8,,5.3999,71.398,1,1
ST-005204,Edtech,Pre-seed,3,25,22.26,1.426,40.302,0.799,79.36,66.17,7.29,0.5691,1.1492,11.23,1,0
ST-005205,SaaS,Pre-seed,9,16,8.78,7.302,174.307,4.965,23.28,77.22,6.56,0.6691,2.4059,49.166,0,0
ST-005206,SaaS,Pre-seed,4,13,5.12,4.969,62.966,1.27,14.2,81.51,7.18,0.3637,0.6964,19.535,1,1
ST-005207,SaaS,Seed,21,34,20.22,4.525,27.176,1.873,57.6,62.14,4.2,1.4742,2.3823,134.542,1,1
ST-005208,Deeptech,Seed,7,7,11.86,3.886,9.915,1.614,-23.67,68.8,22.12,0.3204,0.4861,100.982,2,1
ST-005209,SaaS,Series A,10,26,7.87,16.615,313.332,4.716,18.79,72.55,4.48,2.9793,5.9883,2870.688,3,0
ST-005210,SaaS,Pre-seed,4,37,2.5,2.021,18.765,0.732,14.14,76.36,5.02,0.8623,1.586,8.335,1,0
ST-005211,Edtech,Seed,9,20,8.08,8.565,98.259,5.071,41.35,62.63,2.49,0.5093,0.8694,73.784,0,0
ST-005212,Fintech,Seed,4,18,9.54,11.176,153.992,6.247,80.75,72.12,8.79,0.2957,0.3498,29.779,1,0
ST-005213,Deeptech,Pre-seed,4,26,10.41,26.672,143.816,1.232,2.83,56.56,9.73,0.4062,0.5461,43.562,1,1
ST-005214,Deeptech,Pre-seed,4,10,4.59,5.653,50.347,1.626,41.28,65.33,7.59,0.0238,0.0938,47.221,0,0
ST-005215,Edtech,Pre-seed,5,12,4.71,14.335,162.687,4.419,46.24,72.67,6.7,0.7521,1.1046,14.165,1,0
ST-005216,Edtech,Pre-seed,5,6,3.16,3.601,211.06,1.153,44.61,58.03,1.35,1.2561,4.9035,33.825,1,0
ST-005217,Fintech,Series A,13,16,5.02,11.821,204.757,9.206,19.13,59.09,6.53,0.8199,2.0326,2785.481,2,0
ST-005218,SaaS,Pre-seed,4,22,13.26,1.804,20.063,0.545,32.03,,8.1,0.0239,0.1907,12.938,0,0
ST-005219,Fintech,Seed,16,16,25.45,5.305,24.867,2.241,-4.49,75.87,10.97,0.0897,0.228,326.867,2,0
ST-005220,SaaS,Seed,8,11,7.02,10.064,374.83,1.106,52.77,87.9,5.02,0.4264,1.4302,75.567,2,0
ST-005221,SaaS,Pre-seed,19,30,10.63,4.233,117.247,2.05,-5.66,88.98,12.6,0.4432,0.5131,35.264,0,0
ST-005222,Healthtech,Seed,6,32,3.01,23.599999999999998,7.513,1.262,-4.88,60.16,14.42,0.3377,0.3176,107.833,0,1
ST-005223,SaaS,Pre-seed,7,50,3.08,8.041,16.858,2.756,11.06,93.04,5.06,0.3584,2.8383,16.556,0,0
ST-005224,SaaS,Seed,4,11,16.34,21.4,106.427,17.156,3.53,,5.9,0.3384,1.4102,14.046,2,0
ST-005225,Edtech,Pre-seed,9,28,0.81,0.897,6.9,0.464,26.13,60.5,2.84,,4.9728,6.354,0,0
ST-005226,Edtech,Pre-seed,2,22,11.94,7.034,212.325,2.547,10.37,64.1,7.97,0.4193,1.4695,7.896,0,0
ST-005227,SaaS,Pre-seed,5,17,12.29,12.959,24.149,9.321,-1.25,90.94,12.85,0.0866,0.3225,30.305,0,0
ST-005228,SaaS,Seed,5,43,16.66,2.028,5.643,1.304,-8.03,96.0,29.67,0.0463,0.3034,287.705,1,0
ST-005229,SaaS,Seed,8,23,11.05,5.278,20.433,1.35,40.45,62.98,5.09,1.0729,1.4136,150.093,1,0
ST-005230,SaaS,Seed,5,12,2.36,4.008,18.025,1.67,26.59,84.93,1.86,6.732,14.0117,79.481,1,1
ST-005231,Agritech,Pre-seed,2,12,19.12,7.155,96.378,1.823,-10.32,34.35,22.38,0.0828,0.1368,22.326,0,0
ST-005232,Deeptech,Series A,9,9,5.7,16.276,61.823,9.304,27.41,49.76,9.19,0.2369,0.6282,1246.664,2,1
ST-005233,Edtech,Pre-seed,10,21,18.2,2.447,75.594,1.936,10.28,72.15,4.04,0.5338,0.9506,16.945,0,0
ST-005234,Edtech,Series A,13,48,15.69,16.869,34.387,4.044,-19.14,68.27,23.14,0.0909,0.3329,543.461,2,1
ST-005235,D2C,Seed,3,23,10.77,23.848,213.189,6.069,-10.55,39.06,16.85,0.0849,0.079,136.463,1,1
ST-005236,Healthtech,Seed,12,21,,8.482,98.443,5.281,36.84,58.17,3.06,0.3429,0.8819,44.047,1,0
ST-005237,SaaS,Seed,4,29,20.79,5.265,131.523,2.254,43.87,92.23,6.03,3.1784,2.9475,61.777,1,0
ST-005238,SaaS,Seed,10,27,11.91,6.021,19.598,3.826,30.28,82.87,3.62,0.664,,73.35,1,0
ST-005239,Edtech,Seed,9,35,14.62,10.444,24.111,5.597,0.11,66.98,7.89,,1.7517,61.491,1,1
ST-005240,Healthtech,Pre-seed,6,15,4.14,1.775,8.437,0.441,27.81,74.21,,3.1446,6.5039,18.734,0,1
ST-005241,SaaS,Seed,20,24,13.89,7.302,386.895,1.337,25.83,90.54,7.44,0.4684,1.8457,82.95,1,0
ST-005242,Fintech,Pre-seed,2,14,4.06,2.651,5.26,1.035,-35.51,63.77,27.74,0.0792,0.2084,22.238,0,1
ST-005243,Fintech,Seed,9,8,10.02,4.195,95.646,1.884,27.74,74.74,3.5,0.4628,1.0681,119.949,1,0
ST-005244,Fintech,Seed,14,10,5.16,24.59,28.89,1.438,19.55,65.2,6.95,0.3049,0.4752,195.792,1,0
ST-005245,Edtech,Series A,7,15,6.15,8.597,150.772,3.31,63.24,68.05,4.48,0.5769,1.1608,566.477,2,0
ST-005246,D2C,Seed,4,8,22.52,16.869,589.504,5.665,57.27,29.11,3.02,0.5695,0.6977,390.305,2,0
ST-005247,Edtech,Pre-seed,3,17,8.62,0.814,4.333,0.358,15.35,60.75,5.8,1.2558,1.5031,16.135,1,0
ST-005248,SaaS,Seed,8,31,9.96,10.922,222.615,4.886,24.85,83.7,4.46,0.2567,0.7381,54.883,1,0
ST-005249,SaaS,Pre-seed,2,11,14.3,2.418,22.078,1.315,19.61,69.66,14.75,0.2438,,17.646,0,1
ST-005250,Agritech,Seed,9,6,9.47,3.161,15.827,0.531,5.69,,11.55,,0.4122,49.718,1,1
ST-005251,Edtech,Seed,3,12,13.73,8.329,104.209,1.936,-13.13,49.3,20.18,0.0231,0.0618,58.676,1,1
ST-005252,SaaS,Seed,14,16,14.6,18.984,177.845,7.668,1.46,89.73,6.88,1.0098,2.9058,116.7,1,0
ST-005253,Fintech,Pre-seed,5,25,5.8,15.312,27.007,1.509,7.46,83.33,9.97,2.3162,1.1932,18.616,0,1
ST-005254,Agritech,Pre-seed,13,16,,4.353,19.772,2.65,42.09,40.92,8.53,0.2816,0.4206,15.303,0,1
ST-005255,D2C,Seed,9,19,9.38,7.376,142.127,3.201,19.97,30.6,1.96,0.1405,0.5507,105.807,2,0
ST-005256,Deeptech,Pre-seed,3,20,6.18,7.926,75.265,4.316,5.13,63.95,6.38,0.203,0.6801,9.989,0,0
ST-005257,Healthtech,Pre-seed,2,27,15.42,27.543,647.973,8.495,1.54,65.72,8.27,0.4287,1.0142,30.0,0,0
ST-005258,Edtech,Pre-seed,4,37,6.32,2.75,69.246,1.108,26.25,71.92,9.37,0.2218,0.3626,49.13,0,0
ST-005259,Edtech,Seed,6,13,20.69,14.722,86.554,4.411,8.92,74.71,11.65,0.0706,0.1431,54.867,1,1
ST-005260,SaaS,Pre-seed,8,15,21.2,2.518,16.859,0.254,-5.12,83.52,11.48,0.2626,0.7733,15.855,0,0
ST-005261,D2C,Seed,4,13,19.55,4.266,14.748,1.51,-4.02,63.03,,0.3231,0.5836,76.49,1,0
ST-005262,Healthtech,Series A,35,28,12.96,60.699,1068.808,24.51,51.02,79.27,1.45,0.8993,2.8699,881.802,2,0
ST-005263,SaaS,Seed,14,6,5.3,7.403,38.199,3.701,12.84,96.0,1.94,4.9492,21.0878,31.333,0,0
ST-005264,Deeptech,Pre-seed,3,43,6.94,7.028,182.691,1.7,40.13,80.68,3.31,0.5418,0.9984,38.664,0,0
ST-005265,Fintech,Pre-seed,12,21,12.8,7.721,192.251,1.887,-20.07,60.14,18.85,0.2026,0.6717,20.533,0,0
ST-005266,SaaS,Pre-seed,2,19,7.98,2.028,19.131,1.094,41.84,93.77,,1.4196,2.3255,17.45,1,0
ST-005267,Fintech,Seed,7,12,7.63,7.276,57.453,2.776,31.85,70.09,7.07,0.5368,0.9775,126.327,1,0
ST-005268,Agritech,Seed,3,15,20.16,4.282,140.787,1.069,34.21,,,0.675,2.2784,226.992,1,0
ST-005269,Deeptech,Pre-seed,12,6,2.91,7.594,89.989,1.035,-16.56,63.7,17.11,0.0815,0.6615,42.372,0,0
ST-005270,Edtech,Pre-seed,1,9,13.33,4.42,57.975,1.221,17.67,59.14,4.71,0.289,0.5786,23.263,0,1
ST-005271,Deeptech,Pre-seed,2,27,12.26,3.88,5.635,3.31,-0.19,57.99,8.95,0.0297,0.3211,11.898,0,0
ST-005272,Deeptech,Pre-seed,3,5,9.83,25.745,401.456,6.086,-7.59,45.45,13.27,0.0909,0.1469,15.869,0,1
ST-005273,Agritech,Series A,23,59,3.94,12.768,121.786,9.042,-25.49,66.35,22.31,0.0618,0.2829,1069.641,3,0
ST-005274,Agritech,Pre-seed,7,31,7.03,3.821,39.827,1.113,-5.61,42.14,16.22,0.0258,0.1165,13.671,0,0
ST-005275,Fintech,Pre-seed,4,19,9.71,13.7,81.813,6.267,-7.15,59.89,17.68,0.0104,0.0539,5.82,0,0
ST-005276,D2C,Pre-seed,7,8,3.56,2.157,6.097,0.979,33.5,60.54,3.09,0.5723,1.0381,12.727,0,0
ST-005277,Healthtech,Pre-seed,4,23,17.7,3.181,34.837,0.565,4.26,66.02,8.77,0.3509,1.1297,31.185,0,0
ST-005278,D2C,Pre-seed,5,22,8.98,4.975,10.53,0.857,13.74,67.74,7.56,0.7195,1.8639,18.478,0,1
ST-005279,SaaS,Pre-seed,11,10,8.51,1.333,11.374,0.308,42.22,91.77,4.62,1.3418,2.8048,15.731,0,1
ST-005280,D2C,Pre-seed,3,21,13.84,3.414,25.997,0.498,18.5,60.1,4.06,0.4663,1.0256,9.502,0,1
ST-005281,Deeptech,Pre-seed,2,13,22.88,26.177,721.793,13.293,1.96,46.53,13.77,0.5966,0.5614,19.608,0,0
ST-005282,Fintech,Seed,8,5,6.89,37.225,1352.459,23.0,19.79,71.83,7.26,1.4533,3.1954,100.298,1,0
ST-005283,Deeptech,Seed,10,9,3.25,21.851,89.903,3.108,-0.96,78.11,11.11,0.4486,0.7906,70.075,1,1
ST-005284,Fintech,Pre-seed,4,30,24.63,12.203,186.548,7.86,-19.87,56.03,18.23,0.1216,0.2413,12.257,0,0
ST-005285,SaaS,Series A,19,17,10.43,20.191,88.316,14.169,21.85,82.11,,10.8973,11.391,2193.192,3,0
ST-005286,SaaS,Pre-seed,3,10,30.67,2.827,14.624,1.474,30.6,80.9,5.57,0.3657,0.6915,32.061,1,0
ST-005287,Agritech,Series A,11,24,20.93,42.521,256.941,37.749,9.93,55.02,8.12,0.3293,0.9121,2673.062,3,1
ST-005288,Healthtech,Series A,13,6,4.84,8.578,257.161,4.481,11.26,71.38,3.07,0.1408,0.1811,694.946,2,0
ST-005289,Fintech,Seed,7,19,7.79,20.033,222.98,5.666,6.61,69.49,11.46,0.1233,0.3502,119.05,1,1
ST-005290,Healthtech,Pre-seed,10,17,0.81,3.208,33.059,1.61,49.49,85.3,4.11,0.1222,0.303,37.097,1,0
ST-005291,Fintech,Series A,13,31,5.28,13.83,52.139,6.567,20.3,42.09,,1.6866,3.1056,1083.268,2,1
ST-005292,Edtech,Pre-seed,3,7,2.83,5.003,22.977,1.789,14.32,,,0.0713,0.2394,25.383,0,1
ST-005293,Agritech,Pre-seed,5,10,5.64,15.349,106.172,5.532,37.34,49.26,4.73,0.3004,1.2984,9.943,1,0
ST-005294,D2C,Seed,12,21,1.97,217.02,212.181,12.442,37.73,,4.59,0.3908,0.6739,397.709,1,1
ST-005295,D2C,Seed,10,10,4.5,9.902,227.646,2.181,24.82,46.28,8.14,0.2065,0.3017,106.166,1,1
ST-005296,Healthtech,Series A,16,26,5.5,17.771,133.41,9.65,34.31,58.37,12.0,0.0657,0.2266,2231.828,3,0
ST-005297,Deeptech,Seed,2,20,8.51,20.104,791.87,7.002,27.18,37.1,7.02,0.3929,0.6124,46.367,0,0
ST-005298,Fintech,Series A,2,5,2.42,51.061,398.065,35.033,15.04,64.64,3.94,1.5343,1.6154,1709.323,4,0
ST-005299,Fintech,Seed,14,32,18.2,2.808,19.22,1.021,36.36,62.18,1.83,0.3702,1.3444,402.778,0,0
ST-005300,SaaS,Seed,8,10,5.32,6.743,148.549,2.172,-4.12,80.13,,0.2368,0.3862,182.134,2,1
ST-005301,Healthtech,Seed,6,19,10.83,4.156,75.658,2.09,-4.55,61.44,13.1,0.0673,0.2162,154.082,1,0
ST-005302,Healthtech,Series A,15,54,,14.51,35.184,8.886,24.42,70.6,3.18,1.2316,1.1982,3644.731,3,1
ST-005303,D2C,Series A,33,14,8.87,6.008,283.373,2.934,-0.25,43.21,9.58,0.0901,0.2424,1689.824,3,0
ST-005304,Fintech,Series A,24,29,8.26,5.206,40.521,2.785,31.26,58.63,11.92,0.1079,0.2493,2748.507,3,1
ST-005305,SaaS,Seed,11,55,18.73,2.858,17.741,1.788,20.76,82.2,8.69,0.3109,1.2103,67.003,1,0
ST-005306,D2C,Seed,4,27,7.32,5.208,30.575,2.502,58.98,47.79,,0.8438,0.6281,93.227,1,0
ST-005307,Deeptech,Pre-seed,2,30,7.63,9.121,56.292,6.817,-3.75,,16.79,0.0642,0.0635,27.945,1,1
ST-005308,Fintech,Series A,2,11,3.74,10.634,31.079,5.246,33.57,72.12,5.82,0.1572,0.7998,754.613,2,0
ST-005309,SaaS,Pre-seed,6,37,1.94,2.068,27.621,0.543,6.6,68.09,5.34,3.123,6.7429,30.842,0,0
ST-005310,Fintech,Pre-seed,8,4,10.4,6.924,43.507,1.853,23.15,75.18,5.32,2.5992,2.8301,26.286,1,1
ST-005311,Edtech,Pre-seed,8,22,10.56,4.173,33.889,1.34,32.29,61.21,7.32,1.0806,3.2296,10.677,0,1
ST-005312,Fintech,Seed,9,19,9.72,33.977,957.422,8.101,23.81,55.49,4.68,0.2646,0.4375,314.038,2,0
ST-005313,Fintech,Seed,6,16,15.8,19.552,313.682,5.124,26.15,96.0,5.84,0.6646,0.963,16.028,1,1
ST-005314,D2C,Pre-seed,3,11,8.41,1.935,15.88,1.413,25.85,,,0.0434,0.2924,20.887,1,0
ST-005315,Fintech,Pre-seed,2,23,6.32,3.213,157.836,0.708,11.98,79.63,8.78,0.4182,0.7132,10.244,1,0
ST-005316,Edtech,Pre-seed,3,9,,5.81,22.335,2.226,35.01,66.19,8.65,1.1417,0.7183,6.483,1,1
ST-005317,SaaS,Pre-seed,2,11,7.47,2.037,20.665,0.53,36.13,96.0,4.05,1.4567,2.6797,46.444,0,0
ST-005318,Deeptech,Pre-seed,11,22,,4.734,109.839,2.354,10.03,66.11,3.27,0.8179,1.1149,12.682,1,0
ST-005319,Edtech,Seed,3,34,16.85,1.898,70.547,0.729,-0.91,63.97,18.39,0.336,0.1649,41.267,1,0
ST-005320,Fintech,Pre-seed,3,14,5.19,2.033,3.337,1.535,22.8,78.69,6.03,0.1477,0.52,25.84,0,0
ST-005321,SaaS,Pre-seed,1,38,7.83,9.552,48.554,2.99,21.45,95.07,4.22,0.2986,1.5431,13.008,0,0
ST-005322,D2C,Pre-seed,5,17,5.56,4.568,123.482,1.4,-16.64,43.42,15.45,0.1187,0.3407,21.44,0,0
ST-005323,Agritech,Seed,6,20,18.62,4.322,36.74,1.542,20.35,51.84,7.57,0.4506,0.9177,257.663,1,0
ST-005324,SaaS,Series A,8,77,5.72,9.957,158.545,1.184,-2.82,96.0,13.78,0.8144,1.3808,4940.075,4,1
ST-005325,SaaS,Pre-seed,2,20,,13.264,109.934,0.91,-23.23,84.16,21.17,0.1999,0.4005,36.498,1,1
ST-005326,SaaS,Pre-seed,4,46,4.82,2.404,21.935,0.721,25.27,94.24,6.25,0.5244,,20.684,0,0
ST-005327,Healthtech,Seed,4,67,13.35,12.468,9.113,4.797,-9.87,72.1,21.82,0.1524,0.0888,43.613,1,1
ST-005328,Deeptech,Pre-seed,4,7,7.61,11.198,84.128,3.397,44.09,70.02,2.4,2.1483,4.7936,23.916,0,0
ST-005329,Edtech,Series A,34,15,,35.253,240.141,26.478,30.5,77.98,9.61,0.3231,1.4514,1347.766,3,0
ST-005330,Fintech,Series A,11,8,20.05,10.354,107.971,3.872,19.19,38.02,2.91,3.9292,3.7473,2703.46,3,0
ST-005331,D2C,Seed,9,28,4.53,2.833,40.749,0.87,44.73,42.19,,1.4947,6.1698,138.278,1,0
ST-005332,D2C,Series A,8,33,6.49,6.714,30.079,4.099,34.26,44.68,4.28,0.0534,0.3449,1223.628,3,0
ST-005333,Fintech,Pre-seed,2,11,10.24,8.815,133.076,0.732,-1.75,71.22,17.66,0.3972,0.6195,21.972,0,0
ST-005334,SaaS,Pre-seed,4,2,3.32,16.186,388.269,10.966,38.28,72.33,3.19,1.4372,1.3541,20.8,1,0
ST-005335,Fintech,Pre-seed,18,20,5.08,9.038,257.584,2.7,2.63,66.81,9.11,0.2634,0.4,37.102,0,0
ST-005336,Agritech,Pre-seed,3,5,7.18,2.207,46.246,0.399,36.31,38.18,2.12,0.3741,1.0689,5.339,0,0
ST-005337,D2C,Pre-seed,5,14,2.13,9.526,133.054,4.58,8.19,25.79,8.58,0.0143,0.1636,10.04,1,0
ST-005338,D2C,Seed,4,29,9.58,5.535,33.741,2.146,-10.98,77.54,14.08,0.2792,0.3839,200.332,1,1
ST-005339,Agritech,Seed,1,21,3.01,3.735,32.281,1.288,24.46,47.28,3.84,0.4934,0.7005,89.606,1,1
ST-005340,Fintech,Pre-seed,2,30,13.17,4.102,79.44,1.204,6.89,82.02,10.88,0.3931,0.8334,21.518,0,0
ST-005341,Fintech,Seed,27,16,17.03,6.565,53.37,3.38,38.19,77.88,3.37,1.2177,3.022,71.25,1,0
ST-005342,SaaS,Pre-seed,6,9,13.72,2.327,91.985,1.247,44.44,77.43,6.39,1.0055,2.2754,43.865,1,0
ST-005343,Agritech,Pre-seed,11,8,14.93,8.553,25.826,1.147,-19.28,68.78,21.01,0.4928,0.3814,9.548,0,1
ST-005344,Healthtech,Pre-seed,3,24,6.95,3.193,19.231,2.729,16.99,53.18,5.74,0.6592,0.6799,40.1,0,0
ST-005345,Fintech,Seed,1,18,2.75,3.181,14.02,2.608,29.16,67.17,2.76,0.8243,3.1965,348.179,2,0
ST-005346,SaaS,Seed,3,12,16.52,11.266,184.814,5.213,18.13,88.72,5.55,0.5037,2.6621,158.87,1,0
ST-005347,D2C,Seed,8,24,5.17,3.902,111.284,1.069,18.57,48.35,4.5,1.3585,1.3116,161.975,1,0
ST-005348,D2C,Pre-seed,4,4,8.09,2.085,9.222,0.321,22.67,46.27,4.27,0.2504,1.2669,10.893,0,0
ST-005349,D2C,Seed,6,20,4.07,12.854,58.299,7.286,-18.14,26.51,22.05,1.4141,0.716,109.916,2,1
ST-005350,SaaS,Series A,7,26,3.63,8.395,20.611,6.886,47.55,90.47,2.4,0.7011,1.9078,823.725,1,0
ST-005351,Deeptech,Pre-seed,7,20,10.06,4.315,61.759,1.792,30.88,68.06,3.42,1.6662,3.0733,15.981,1,0
ST-005352,D2C,Pre-seed,3,38,,4.175,60.374,2.041,3.35,42.72,9.12,0.1438,0.4144,5.328,1,0
ST-005353,D2C,Pre-seed,5,13,2.18,3.296,10.483,0.716,1.27,58.28,17.24,0.0822,0.0778,8.966,0,1
ST-005354,D2C,Pre-seed,4,19,5.35,2.974,34.627,1.685,35.2,50.76,,0.1658,0.6413,19.616,1,0
ST-005355,Deeptech,Seed,5,25,24.98,2.12,13.945,1.866,21.01,,5.6,0.131,0.2442,28.758,1,0
ST-005356,Deeptech,Pre-seed,2,15,12.15,5.279,56.586,1.084,24.64,66.62,4.5,0.8612,1.1904,8.968,0,0
ST-005357,Healthtech,Seed,5,8,,28.332,502.437,12.467,27.14,59.73,7.76,,0.1836,219.499,1,0
ST-005358,Edtech,Series A,32,34,6.32,19.6,201.435,10.996,18.78,90.07,3.3,0.5425,1.9957,836.653,2,0
ST-005359,Fintech,Pre-seed,8,2,8.65,3.974,44.757,1.274,-22.48,58.21,20.99,0.1116,0.2438,66.061,0,1
ST-005360,Agritech,Pre-seed,7,7,6.35,4.979,142.819,2.965,8.4,18.73,4.7,0.0776,0.2184,9.361,1,0
ST-005361,D2C,Series A,6,19,19.22,23.348,1248.036,8.218,25.74,19.17,3.93,0.0887,0.317,820.548,2,0
ST-005362,SaaS,Seed,3,9,11.67,4.03,26.022,1.925,29.04,86.9,7.21,1.3092,1.8658,86.301,1,1
ST-005363,SaaS,Series A,20,23,,34.994,321.977,27.233,4.05,57.09,,0.1519,0.2297,2204.071,4,1
ST-005364,Deeptech,Pre-seed,7,31,14.68,6.724,109.933,3.365,16.25,51.03,,0.0799,,12.303,0,0
ST-005365,Deeptech,Seed,7,53,11.62,9.147,74.298,4.955,39.93,70.32,8.4,0.131,0.1248,120.303,0,1
ST-005366,Deeptech,Series A,8,22,12.72,68.949,1704.234,39.663,43.52,30.36,20.49,0.2463,0.1401,886.792,3,0
ST-005367,Edtech,Pre-seed,2,20,18.7,0.766,7.783,0.349,23.95,64.35,,3.077,4.1979,5.873,0,0
ST-005368,Agritech,Series A,17,23,13.13,5.585,134.917,2.643,32.66,51.17,6.78,0.5744,1.0645,846.283,3,0
ST-005369,Agritech,Seed,13,18,3.39,10.789,258.125,2.078,22.97,35.05,5.15,0.121,,43.545,1,0
ST-005370,Fintech,Series A,7,21,23.01,31.045,332.895,15.001,28.82,70.78,9.38,0.2948,0.4348,799.369,2,0
ST-005371,SaaS,Pre-seed,2,42,1.72,12.625,230.588,4.773,16.79,79.87,,1.5953,5.9776,23.81,0,0
ST-005372,Deeptech,Seed,13,4,11.33,2.257,35.359,1.424,2.86,64.76,13.35,0.3665,0.6081,65.66,0,0
ST-005373,SaaS,Pre-seed,3,27,9.26,7.158,407.498,1.84,55.85,81.44,4.71,0.45,1.4248,15.232,0,0
ST-005374,Healthtech,Series A,30,14,5.96,6.929,24.213,1.909,51.79,57.62,,,1.6756,492.799,1,0
ST-005375,D2C,Pre-seed,4,13,14.72,5.476,95.713,2.11,17.59,51.98,5.49,0.3246,0.4896,10.795,0,0
ST-005376,D2C,Pre-seed,3,6,7.59,3.865,88.893,1.346,25.32,,,,0.7927,14.758,0,0
ST-005377,Fintech,Series A,10,10,11.77,35.235,1539.308,16.657,17.6,83.18,2.96,1.1923,1.2745,1948.127,2,0
ST-005378,D2C,Pre-seed,3,30,3.07,3.419,18.502,2.368,18.12,54.58,,0.6814,,17.268,0,0
ST-005379,SaaS,Seed,13,13,16.44,15.301,210.881,2.833,17.53,91.04,,0.1264,0.3247,72.764,0,0
ST-005380,Agritech,Pre-seed,7,16,15.51,1.955,12.716,1.237,41.65,44.77,2.55,0.3815,0.9427,10.108,0,0
ST-005381,SaaS,Seed,12,25,8.51,6.968,364.391,1.233,-6.93,,15.66,0.1997,0.5314,151.547,1,0
ST-005382,D2C,Pre-seed,4,38,,4.653,27.483,1.505,4.19,53.15,12.78,0.0186,0.048,21.003,1,0
ST-005383,Agritech,Seed,5,8,17.17,22.734,170.176,11.566,35.12,54.71,4.92,1.4917,0.4752,47.554,1,0
ST-005384,SaaS,Seed,6,44,1.83,13.46,57.781,1.842,19.43,88.72,4.37,0.3098,0.7878,88.474,1,1
ST-005385,SaaS,Pre-seed,3,18,8.82,4.469,3.974,1.838,44.22,96.0,5.03,2.1601,1.6602,18.068,1,0
ST-005386,Agritech,Pre-seed,10,18,6.85,5.625,71.837,0.254,19.33,50.72,2.92,0.9733,1.4963,23.67,0,1
ST-005387,SaaS,Pre-seed,7,13,,8.432,54.442,5.929,25.31,65.72,4.44,1.2691,4.8492,40.759,0,0
ST-005388,SaaS,Seed,6,14,6.76,9.676,84.659,4.166,12.03,72.2,13.45,0.0647,,177.07,2,1
ST-005389,Edtech,Pre-seed,2,4,14.98,1.623,28.155,0.4,46.25,,,0.0624,0.3658,12.803,0,0
ST-005390,Deeptech,Pre-seed,10,33,3.39,9.4,182.116,3.172,36.14,53.9,5.04,0.6747,1.9653,25.973,0,0
ST-005391,Healthtech,Pre-seed,4,6,17.26,4.535,32.82,0.448,-5.83,49.49,11.47,0.148,0.201,16.938,0,1
ST-005392,Fintech,Seed,6,13,7.75,7.737,94.91,2.651,29.43,67.53,6.32,0.9151,0.8822,299.684,2,0
ST-005393,Deeptech,Seed,16,34,5.76,6.507,68.821,3.105,38.12,49.87,2.71,0.1933,0.9443,371.462,1,0
ST-005394,Edtech,Seed,5,18,10.93,9.868,94.293,5.012,15.66,73.44,4.46,1.7425,1.9416,32.403,0,0
ST-005395,Edtech,Series A,8,12,14.44,18.008,591.291,8.856,29.51,83.72,1.04,7.4663,7.8209,952.635,3,0
ST-005396,Edtech,Seed,5,30,7.27,3.268,30.32,2.282,43.72,79.84,5.07,0.3833,0.8947,116.286,1,1
ST-005397,Fintech,Series A,4,17,7.76,8.617,306.194,1.34,12.83,57.8,5.49,,0.8021,1319.88,1,0
ST-005398,Fintech,Seed,8,13,4.63,38.942,318.641,23.424,23.62,61.16,3.23,0.4213,0.9873,65.247,1,1
ST-005399,D2C,Pre-seed,2,6,1.72,7.527,37.754,1.532,7.89,31.07,5.64,0.2353,0.4297,15.013,0,1
ST-005400,SaaS,Series A,7,17,5.52,15.066,182.577,11.152,26.2,94.32,3.36,1.0927,1.5034,2699.088,3,0
ST-005401,D2C,Seed,4,15,8.59,12.005,267.606,4.136,-3.32,49.52,14.74,0.2588,0.7431,223.242,1,0
ST-005402,SaaS,Seed,4,25,6.5,5.276,23.125,3.201,30.5,96.0,3.65,2.2968,1.6052,55.734,1,1
ST-005403,Fintech,Pre-seed,2,9,6.52,4.6,35.845,1.905,50.3,74.7,11.12,0.4041,0.3586,20.234,0,1
ST-005404,SaaS,Pre-seed,4,33,3.35,3.918,71.972,0.395,-0.48,77.1,17.44,0.0658,,40.575,0,1
ST-005405,Healthtech,Seed,6,35,3.82,17.754,261.522,10.999,44.67,43.47,5.16,0.2087,0.2826,289.788,1,0
ST-005406,D2C,Pre-seed,4,30,3.29,1.464,15.322,0.318,17.77,51.37,12.23,0.321,0.4891,45.143,0,1
ST-005407,Fintech,Seed,27,21,8.74,4.785,20.653,1.75,3.52,91.17,15.66,0.0925,0.3868,175.076,2,0
ST-005408,SaaS,Pre-seed,4,25,11.23,1.597,68.114,0.456,14.13,,6.3,0.1629,0.8502,33.963,0,0
ST-005409,SaaS,Seed,9,28,8.99,13.657,164.836,3.406,17.74,80.59,2.99,2.8384,3.4845,84.993,1,0
ST-005410,Agritech,Pre-seed,6,28,11.63,3.3,72.912,1.652,10.32,61.28,6.99,0.9207,1.7304,17.013,0,0
ST-005411,Fintech,Pre-seed,4,30,3.77,2.692,4.267,0.623,42.55,76.05,,0.3936,0.5339,29.939,0,1
ST-005412,Agritech,Pre-seed,5,24,8.26,3.026,12.115,0.885,12.87,65.96,3.65,0.7479,1.1387,5.449,0,1
ST-005413,Fintech,Series A,10,33,5.82,12.124,420.009,3.266,22.3,58.61,16.06,0.0184,0.0582,2022.599,2,0
ST-005414,SaaS,Seed,7,27,7.38,2.63,24.306,0.901,61.63,86.79,7.26,0.389,1.8157,43.004,1,0
ST-005415,D2C,Series A,7,33,2.31,36.827,1309.728,11.836,12.03,31.64,2.51,1.5487,,1409.049,1,0
ST-005416,Edtech,Seed,5,20,3.22,5.839,55.159,0.188,6.92,46.41,8.78,0.1325,0.3053,28.555,1,1
ST-005417,SaaS,Seed,6,13,8.55,18.617,101.075,12.533,9.15,89.72,6.53,1.1385,0.7787,147.987,1,1
ST-005418,Deeptech,Seed,2,9,4.61,4.036,19.171,2.445,40.54,71.73,6.47,0.8452,0.7827,46.269,1,1
ST-005419,SaaS,Series A,25,10,4.84,20.35,579.286,5.883,13.59,82.05,4.55,2.2024,1.6143,713.437,3,0
ST-005420,Fintech,Series A,38,13,6.95,6.763,60.201,3.402,21.04,67.03,2.41,0.59,2.5652,1383.86,2,0
ST-005421,Fintech,Seed,7,33,11.36,58.02,809.252,42.003,2.29,71.85,13.93,0.3201,0.4754,70.617,1,0
ST-005422,Edtech,Pre-seed,6,36,14.23,0.977,28.315,0.383,12.22,79.71,14.22,0.0615,0.1502,39.185,0,0
ST-005423,Agritech,Seed,12,28,1.85,24.773,190.481,16.34,37.17,61.86,3.94,0.1884,1.1311,53.688,1,0
ST-005424,SaaS,Pre-seed,2,18,5.62,3.803,41.109,0.471,-12.26,85.61,16.27,0.5689,0.6339,26.152,0,1
ST-005425,Deeptech,Pre-seed,7,4,9.32,5.242,41.108,0.782,-18.96,65.57,24.49,0.0452,0.083,8.555,0,1
ST-005426,D2C,Seed,5,18,11.02,11.859,692.96,3.802,6.3,57.03,6.54,0.1014,0.239,664.934,2,0
ST-005427,Deeptech,Series A,42,16,13.43,11.166,144.392,4.635,6.87,46.2,10.68,0.2462,0.2148,1144.877,2,0
ST-005428,Agritech,Pre-seed,3,10,10.3,6.246,39.898,4.419,12.59,57.91,4.81,0.2696,1.0262,18.336,0,1
ST-005429,Deeptech,Pre-seed,7,17,,11.092,53.442,2.968,13.15,43.84,3.13,0.3394,1.6634,22.684,0,0
ST-005430,Healthtech,Series A,9,32,,171.31,95.889,11.534,15.44,74.85,,0.8,2.7978,2401.956,4,0
ST-005431,Fintech,Pre-seed,15,16,8.42,6.235,42.457,2.106,9.51,77.32,6.08,0.1426,0.5034,59.508,1,0
ST-005432,Edtech,Pre-seed,3,52,3.09,13.62,306.038,5.326,46.73,67.67,5.1,0.1032,,34.329,0,0
ST-005433,D2C,Seed,13,22,4.55,12.399,125.998,4.205,33.95,45.97,2.57,1.5078,4.2866,97.907,1,0
ST-005434,Edtech,Series A,15,7,9.87,7.092,58.455,3.322,12.64,79.65,5.6,0.5396,2.6635,1108.209,4,0
ST-005435,D2C,Seed,8,47,13.46,13.319,239.044,9.134,35.76,51.01,1.39,0.4316,1.9772,224.138,1,0
ST-005436,SaaS,Seed,7,19,5.39,5.016,56.204,1.651,-37.71,84.84,31.25,0.1214,0.3583,16.945,1,1
ST-005437,Agritech,Pre-seed,3,36,24.98,2.096,9.396,0.736,25.21,55.68,7.83,0.5072,0.6572,5.351,0,1
ST-005438,SaaS,Pre-seed,1,6,,5.58,169.046,1.971,36.16,86.5,3.21,4.2394,1.7693,15.736,0,0
ST-005439,Deeptech,Seed,12,12,7.93,5.537,48.077,0.95,4.77,70.87,8.64,0.4298,2.3294,56.412,1,0
ST-005440,SaaS,Series A,7,12,8.55,14.635,272.77,3.224,26.29,64.3,3.87,0.1137,0.7687,943.268,2,0
ST-005441,SaaS,Pre-seed,8,28,15.14,6.266,90.482,1.685,4.84,80.74,7.41,0.1871,0.2892,46.483,1,1
ST-005442,Agritech,Pre-seed,5,33,4.86,14.036,27.452,7.606,25.17,29.75,4.31,0.121,0.578,75.698,0,0
ST-005443,Agritech,Pre-seed,8,22,5.5,5.619,50.991,0.992,-9.32,56.41,14.84,0.331,0.1854,17.018,0,1
ST-005444,D2C,Pre-seed,6,19,5.58,1.406,10.225,0.39,37.08,40.95,3.7,0.2616,0.9463,31.635,0,0
ST-005445,Deeptech,Pre-seed,1,4,14.65,2.322,7.983,1.294,18.19,59.57,5.8,0.2094,0.6199,34.116,0,0
ST-005446,Fintech,Pre-seed,6,10,,18.049,178.815,4.927,22.99,59.51,12.01,0.1474,0.2204,11.556,0,0
ST-005447,Agritech,Seed,5,13,6.22,4.306,63.046,1.2,15.11,43.0,6.55,0.051,0.4189,123.135,1,0
ST-005448,Fintech,Pre-seed,8,5,4.06,1.748,21.095,1.078,40.89,63.22,4.48,,0.3424,23.204,0,0
ST-005449,Healthtech,Seed,9,18,4.17,4.301,34.084,3.511,21.91,63.9,10.16,0.0361,0.1517,111.403,0,0
ST-005450,Edtech,Seed,9,26,2.67,11.518,133.791,3.189,36.42,74.55,,0.0617,0.4759,187.217,0,0
ST-005451,SaaS,Series A,9,35,17.49,15.352,734.523,4.383,3.7,73.89,12.32,,0.6012,2436.241,4,0
ST-005452,Healthtech,Series A,6,32,8.03,27.069,176.758,21.259,26.99,64.52,6.36,0.0539,0.2196,368.871,2,0
ST-005453,D2C,Pre-seed,3,13,,3.955,10.419,1.878,51.15,52.46,6.41,0.3852,,41.612,0,1
ST-005454,SaaS,Pre-seed,1,11,6.71,1.744,6.866,0.975,52.06,,7.36,0.1926,0.5456,2.317,0,0
ST-005455,Deeptech,Seed,4,17,,3.163,72.343,1.903,-37.14,62.17,33.47,0.1525,0.1861,103.444,2,0
ST-005456,Healthtech,Pre-seed,2,15,12.74,2.538,21.722,1.194,21.51,48.74,3.37,0.5167,1.2928,18.6,0,1
ST-005457,SaaS,Pre-seed,2,7,9.97,4.211,25.745,0.395,-12.92,72.06,16.56,0.2615,0.6718,46.272,0,1
ST-005458,D2C,Pre-seed,4,12,,1.727,37.091,0.17,9.93,,9.46,0.1714,0.4241,36.994,0,0
ST-005459,SaaS,Series A,14,16,3.87,28.723,927.037,22.508,3.57,57.42,9.37,0.028,0.1364,718.52,3,0
ST-005460,SaaS,Pre-seed,4,39,5.66,1.878,20.505,0.07,30.75,78.26,5.28,1.8231,5.0184,20.513,0,0
ST-005461,D2C,Seed,5,33,14.05,2.362,48.336,0.917,13.65,48.76,8.31,0.4028,0.474,93.86,0,0
ST-005462,SaaS,Seed,3,26,8.2,7.393,229.515,3.096,1.01,84.68,8.18,0.2669,0.8693,101.35,1,0
ST-005463,SaaS,Seed,5,11,11.79,12.778,828.225,1.498,27.69,85.1,8.67,0.4256,0.6657,144.583,1,0
ST-005464,D2C,Pre-seed,2,25,6.55,11.863,181.554,6.369,-3.74,45.56,10.51,0.355,0.9185,28.077,0,1
ST-005465,SaaS,Series A,10,15,7.42,4.435,52.107,1.712,-1.19,77.82,10.38,0.0909,0.2274,810.188,2,0
ST-005466,Agritech,Seed,2,29,16.66,18.948,255.339,3.219,8.51,42.67,3.69,0.0856,0.3119,45.725,1,0
ST-005467,Agritech,Seed,10,17,9.13,7.768,10.456,5.829,12.31,69.01,3.83,0.3085,0.8053,150.836,2,1
ST-005468,SaaS,Pre-seed,3,31,9.41,2.467,6.498,1.237,21.74,90.46,,0.3831,1.3022,10.747,0,1
ST-005469,Healthtech,Series A,13,10,7.7,27.73,524.289,11.26,19.0,66.22,5.59,0.206,0.5204,382.884,3,0
ST-005470,SaaS,Seed,11,29,6.05,19.607,922.125,8.371,3.46,81.23,8.44,0.04,0.4099,104.021,0,0
ST-005471,D2C,Pre-seed,5,32,6.84,1.209,8.799,0.389,22.99,,6.44,0.1144,0.2113,38.633,0,1
ST-005472,SaaS,Pre-seed,6,14,8.24,2.828,16.021,1.682,19.65,81.45,6.49,1.0922,1.7722,30.043,0,0
ST-005473,Deeptech,Pre-seed,1,13,17.21,4.039,69.027,0.479,18.06,47.37,,0.501,1.7237,26.842,0,0
ST-005474,SaaS,Pre-seed,3,16,8.3,6.054,188.45,1.893,-14.39,96.0,22.1,0.3371,0.5869,50.173,0,0
ST-005475,D2C,Pre-seed,8,22,15.21,11.588,56.823,8.576,27.28,38.32,7.0,0.0712,0.2755,10.377,0,0
ST-005476,SaaS,Pre-seed,5,11,4.18,4.067,31.476,0.969,29.95,68.24,2.16,2.1436,2.2447,7.085,1,0
ST-005477,SaaS,Pre-seed,12,10,10.87,3.126,31.698,0.782,33.34,96.0,12.81,0.3824,0.9808,15.289,0,0
ST-005478,Edtech,Series A,29,53,1.65,17.164,221.214,9.13,17.6,65.43,4.26,0.2021,0.6332,1963.614,2,0
ST-005479,Healthtech,Seed,8,16,,7.489,117.073,1.905,38.32,53.47,2.7,2.7654,3.1173,79.832,1,0
ST-005480,Deeptech,Series A,9,22,4.87,4.601,63.46,2.941,24.52,66.43,2.38,0.9612,2.8751,3472.34,2,0
ST-005481,SaaS,Seed,3,15,5.73,10.722,221.031,2.534,7.15,67.31,4.34,4.6516,3.0213,143.373,0,0
ST-005482,SaaS,Seed,5,27,15.18,15.025,217.201,5.821,14.52,74.37,3.78,1.244,2.9531,115.973,1,0
ST-005483,Fintech,Pre-seed,3,10,1.81,11.282,137.59,1.302,5.29,76.82,6.47,0.0529,0.2654,27.493,0,0
ST-005484,Fintech,Seed,4,18,16.4,4.34,15.285,1.621,-4.97,91.58,10.76,0.3142,0.4178,98.185,1,1
ST-005485,Deeptech,Pre-seed,2,29,1.61,9.257,27.84,5.098,31.97,69.27,4.16,0.0997,0.2213,50.817,0,1
ST-005486,Deeptech,Seed,8,31,6.32,34.531,216.009,15.06,10.39,65.99,12.87,0.0675,0.0906,275.342,2,1
ST-005487,Deeptech,Series A,29,19,6.56,135.68,4124.984,55.881,28.76,73.34,3.33,0.2183,0.795,1885.518,2,0
ST-005488,SaaS,Series A,18,23,19.78,19.982,773.277,7.365,53.4,78.87,4.13,0.9792,3.8435,853.97,2,0
ST-005489,Edtech,Pre-seed,3,8,12.36,6.893,24.714,3.286,39.17,50.89,6.95,,0.5401,19.095,0,1
ST-005490,D2C,Seed,12,20,23.9,3.797,91.584,2.531,-4.49,40.3,,0.0501,0.1892,306.963,2,0
ST-005491,Fintech,Pre-seed,5,47,26.15,2.319,7.686,0.454,5.38,83.12,8.75,0.3272,0.4902,11.33,0,1
ST-005492,D2C,Pre-seed,4,26,15.12,8.246,155.257,3.263,29.23,34.95,6.52,0.1449,0.315,7.665,1,1
ST-005493,SaaS,Pre-seed,4,8,4.6,0.891,6.763,0.228,26.01,80.46,8.15,1.1099,1.2104,21.711,0,1
ST-005494,Fintech,Pre-seed,3,5,10.52,5.824,12.385,1.417,45.06,68.51,6.63,0.5309,0.6798,6.048,1,1
ST-005495,Agritech,Seed,9,11,8.65,19.042,107.972,7.124,8.05,56.67,3.81,0.4634,0.9488,37.64,1,1
ST-005496,Fintech,Pre-seed,4,6,5.36,8.699,64.082,1.612,-9.31,74.67,13.43,0.1217,0.6101,6.511,0,0
ST-005497,Deeptech,Pre-seed,2,15,14.57,9.941,145.921,3.548,-2.27,,14.37,,0.1532,4.317,0,1
ST-005498,Fintech,Series A,6,40,2.66,18.439,165.707,9.36,39.19,,3.66,0.7888,2.2446,249.474,2,0
ST-005499,SaaS,Seed,8,18,4.14,5.501,48.141,2.393,19.09,90.47,2.35,2.6004,3.4164,71.937,1,1
ST-005500,Fintech,Pre-seed,5,10,1.78,24.57,258.909,0.886,34.74,83.94,4.27,,0.3958,4.52,0,1
ST-005501,SaaS,Seed,5,16,3.75,17.961,435.914,6.364,8.65,82.69,8.49,0.0567,0.3212,55.381,1,0
ST-005502,Edtech,Seed,3,26,4.42,11.959,38.396,7.481,0.38,89.03,12.29,0.0686,0.3333,111.567,2,0
ST-005503,SaaS,Seed,14,21,7.24,7.539,132.317,2.716,29.55,73.49,5.14,0.5345,0.7443,62.212,1,0
ST-005504,Healthtech,Seed,12,11,15.31,5.823,288.89,2.437,-12.15,74.27,13.3,0.3219,0.5995,308.803,1,0
ST-005505,Deeptech,Series A,3,34,5.6,47.732,766.088,35.069,24.51,56.92,5.63,0.1476,0.3823,270.964,2,0
ST-005506,Fintech,Pre-seed,9,8,15.52,4.175,65.65,1.14,51.32,78.94,2.36,1.0374,1.2493,15.424,0,0
ST-005507,SaaS,Seed,5,21,25.84,7.82,45.913,3.35,-31.71,88.13,27.89,0.1174,0.3775,177.799,1,1
ST-005508,Edtech,Pre-seed,4,12,16.88,5.288,245.517,1.945,-2.48,81.21,13.15,,0.9344,5.774,0,0
ST-005509,Agritech,Series A,20,21,3.94,15.141,132.732,2.514,13.76,57.64,3.64,1.4983,2.4577,853.469,2,1
ST-005510,Healthtech,Pre-seed,11,8,4.94,14.13,140.361,4.795,7.42,62.55,4.49,0.2468,0.4529,28.487,0,1
ST-005511,SaaS,Pre-seed,7,16,15.57,1.491,1.596,0.901,14.56,,9.65,0.1179,0.3649,14.132,0,1
ST-005512,Healthtech,Series A,12,12,4.86,17.829,154.175,6.54,60.65,54.04,5.93,0.0369,0.1922,471.344,2,0
ST-005513,Edtech,Seed,3,14,8.54,30.313,717.589,10.345,1.99,47.61,,0.058,0.0672,101.787,1,1
ST-005514,Fintech,Pre-seed,1,13,11.01,9.934,81.474,7.217,12.74,43.94,11.76,0.0531,0.1108,6.856,0,1
ST-005515,SaaS,Pre-seed,7,9,12.93,3.347,45.97,1.908,-3.56,96.0,12.6,0.1054,0.3497,30.193,0,0
ST-005516,Deeptech,Pre-seed,9,34,9.37,10.627,163.662,0.319,-12.34,60.93,15.12,0.1619,0.3495,5.763,0,1
ST-005517,SaaS,Series A,6,17,3.2,13.676,272.562,3.757,23.35,87.37,9.25,0.6534,1.3072,829.354,3,0
ST-005518,SaaS,Seed,5,16,6.08,21.238,416.383,11.487,-18.43,78.22,,0.0623,0.2392,305.065,1,0
ST-005519,SaaS,Pre-seed,3,16,16.86,6.968,12.436,4.395,-10.25,85.61,17.72,1.539,,39.567,0,1
ST-005520,Healthtech,Seed,4,8,8.1,4.751,107.666,2.111,16.46,55.33,,0.1864,0.3657,112.002,1,0
ST-005521,Edtech,Pre-seed,8,4,22.41,4.03,25.707,2.167,29.34,66.87,2.61,2.2274,5.2288,8.865,0,1
ST-005522,Fintech,Pre-seed,4,13,9.72,7.039,52.381,2.694,-1.21,,9.03,0.0965,0.2146,4.062,1,0
ST-005523,Edtech,Series A,9,9,4.31,17.448,96.06,10.629,-1.52,46.4,10.45,0.3493,0.4739,769.81,3,1
ST-005524,D2C,Pre-seed,20,19,11.86,5.095,92.24,0.629,-17.31,33.71,15.65,0.0468,0.1887,19.197,0,0
ST-005525,Fintech,Series A,4,28,17.41,28.695,440.604,10.788,24.7,58.73,5.89,0.6529,1.7849,1649.975,4,0
ST-005526,Deeptech,Seed,9,23,8.9,15.486,297.682,7.589,16.24,73.15,4.77,13.1292,3.4207,201.844,0,1
ST-005527,Fintech,Pre-seed,2,24,8.99,3.098,5.923,1.677,17.21,95.96,5.15,0.1956,0.6586,18.32,0,0
ST-005528,SaaS,Seed,6,17,10.47,5.319,96.911,2.712,-12.04,94.68,23.93,0.0261,0.0537,82.444,1,0
ST-005529,Deeptech,Seed,7,39,11.26,9.538,202.464,3.249,32.55,23.08,2.57,0.1427,0.5744,68.834,1,0
ST-005530,Agritech,Seed,11,22,5.05,7.282,39.491,3.065,4.99,71.54,8.77,0.1505,0.8148,205.201,1,0
ST-005531,Fintech,Seed,5,37,1.85,8.327,133.969,6.84,34.18,63.85,2.58,0.7658,1.834,220.609,0,0
ST-005532,Agritech,Pre-seed,3,24,12.27,7.851,133.975,1.053,3.23,34.86,14.68,1.1039,1.5314,16.167,0,1
ST-005533,Healthtech,Pre-seed,3,14,8.15,2.319,9.515,0.431,23.85,84.01,2.75,0.8293,3.4206,11.423,0,0
ST-005534,Fintech,Seed,3,22,10.58,2.861,41.663,0.77,-0.35,63.62,20.92,0.0568,0.34,289.663,1,0
ST-005535,Agritech,Pre-seed,6,21,7.16,14.625,20.434,8.33,37.2,41.48,,0.1465,0.4158,20.068,0,0
ST-005536,D2C,Pre-seed,5,4,,2.248,39.013,1.185,-8.4,42.14,15.78,0.0601,0.1333,28.605,0,1
ST-005537,Fintech,Seed,8,8,,22.029,157.535,7.328,21.83,64.47,6.72,0.2409,1.0221,61.064,0,1
ST-005538,Healthtech,Pre-seed,4,38,6.24,7.174,20.142,2.2,-8.64,69.76,18.16,0.2756,0.3629,10.731,1,1
ST-005539,Fintech,Seed,6,25,3.88,5.68,9.136,2.694,6.52,70.35,5.31,0.4254,1.0435,509.722,2,1
ST-005540,SaaS,Series A,21,38,6.34,12.862,218.578,3.968,27.42,74.95,2.51,3.2993,5.6829,1983.049,4,0
ST-005541,Deeptech,Series A,19,43,2.79,17.908,250.808,5.318,-9.96,36.64,14.36,0.0348,0.1158,554.782,2,0
ST-005542,Healthtech,Pre-seed,9,13,13.05,5.983,57.823,0.421,26.85,,7.47,0.3712,0.7463,18.031,0,1
ST-005543,Healthtech,Seed,8,38,19.3,5.103,51.783,3.496,31.36,65.77,5.02,0.2953,0.6069,69.077,1,0
ST-005544,Healthtech,Series A,23,20,2.94,14.958,187.063,7.825,-28.03,55.0,28.57,,1.1829,328.79,2,0
ST-005545,Healthtech,Pre-seed,3,21,8.22,4.506,71.425,2.195,26.99,64.62,3.08,0.1585,0.8955,18.022,0,0
ST-005546,Fintech,Seed,6,41,7.16,22.052,263.484,6.682,39.14,68.09,,1.5849,5.5278,69.876,1,0
ST-005547,Deeptech,Seed,13,27,19.79,8.519,46.789,5.752,-0.21,70.63,10.64,0.1063,0.4164,211.961,2,1
ST-005548,Healthtech,Pre-seed,7,8,8.59,2.293,17.623,0.54,-1.05,66.16,10.9,0.0621,0.2826,7.643,1,0
ST-005549,D2C,Pre-seed,3,14,16.36,2.736,28.189,1.566,-17.15,57.66,21.02,0.1063,0.2006,6.842,0,0
ST-005550,Edtech,Seed,3,22,12.51,8.469,138.663,3.262,-4.69,64.58,,0.0434,0.1142,193.355,1,1
ST-005551,Fintech,Pre-seed,3,22,9.85,1.454,7.382,0.642,38.4,86.09,3.56,0.4299,0.9222,20.744,1,1
ST-005552,SaaS,Series A,7,40,5.47,33.517,347.268,5.807,5.23,,7.07,1.1869,2.7486,331.21,3,1
ST-005553,Fintech,Seed,18,26,,10.117,161.638,2.502,26.0,58.76,5.95,0.5721,1.0413,95.225,0,1
ST-005554,SaaS,Pre-seed,6,15,3.83,5.269,83.974,0.266,3.89,96.0,,0.6932,,6.954,0,0
ST-005555,D2C,Seed,4,16,6.21,9.085,52.428,4.696,13.15,,9.35,0.122,0.2343,167.063,1,0
ST-005556,Deeptech,Seed,3,16,1.63,7.083,37.598,0.878,41.66,46.04,5.28,0.767,1.0974,470.137,2,1
ST-005557,Fintech,Pre-seed,2,11,18.06,2.389,20.92,1.517,45.28,55.71,,2.2471,1.0464,5.434,0,1
ST-005558,Fintech,Series A,7,17,9.09,11.539,225.749,4.151,17.21,62.53,13.79,0.0857,0.2016,2563.523,2,0
ST-005559,D2C,Seed,6,33,17.74,2.623,47.925,0.168,11.14,45.08,6.47,0.8701,5.5017,200.656,1,0
ST-005560,SaaS,Seed,12,20,8.83,9.495,36.683,2.686,-1.1,86.58,13.86,0.0519,0.1675,81.329,1,1
ST-005561,Deeptech,Series A,6,17,9.29,19.513,174.267,17.732,30.84,66.5,,1.2725,2.6556,530.209,2,0
ST-005562,Fintech,Seed,26,19,12.03,3.305,73.802,1.212,12.99,68.34,4.62,1.7337,1.6834,247.863,2,0
ST-005563,SaaS,Seed,3,15,7.78,4.74,45.471,0.601,42.7,92.44,,0.6945,0.9072,161.115,2,0
ST-005564,SaaS,Pre-seed,2,4,7.12,6.169,19.831,3.982,-18.33,90.98,19.9,0.3517,0.2471,34.445,1,1
ST-005565,Deeptech,Pre-seed,11,22,6.45,15.169,382.044,7.182,7.93,47.84,6.76,0.1106,0.33,27.544,0,0
ST-005566,Fintech,Seed,14,34,4.04,3.958,108.701,1.478,12.41,57.27,1.67,2.4365,3.3285,116.683,0,0
ST-005567,D2C,Seed,6,31,6.48,36.781,188.006,25.711,26.25,43.11,4.64,0.0856,0.4062,80.673,0,0
ST-005568,SaaS,Seed,8,30,15.38,3.703,58.245,0.72,-11.65,58.37,,0.9418,0.4768,109.577,1,1
ST-005569,SaaS,Seed,8,10,6.06,2.165,5.522,1.586,12.64,,5.04,0.9127,1.4744,136.629,1,1
ST-005570,Deeptech,Seed,7,38,25.22,40.594,750.598,9.669,35.96,55.53,6.6,0.1273,0.5566,60.109,1,0
ST-005571,SaaS,Series A,5,16,1.8,6.69,55.839,2.098,20.61,96.0,4.16,1.9448,1.9006,1223.078,2,1
ST-005572,SaaS,Series A,2,11,15.81,42.4,252.296,11.707,21.03,94.11,4.14,2.6121,2.5329,415.588,1,1
ST-005573,Edtech,Pre-seed,2,3,6.92,2.103,6.74,0.826,-0.07,63.72,10.98,0.7511,1.1629,4.446,1,1
ST-005574,Agritech,Series A,31,26,11.14,10.544,298.02,6.468,9.44,62.77,7.93,0.7438,0.8033,1315.973,2,0
ST-005575,Fintech,Series A,32,43,,7.466,70.53,2.463,-7.52,,17.24,0.1961,0.3369,1637.115,2,1
ST-005576,SaaS,Pre-seed,3,31,2.19,9.677,245.043,7.195,38.27,87.2,7.57,3.3072,1.7051,9.894,0,0
ST-005577,Deeptech,Pre-seed,2,16,13.9,13.587,418.664,8.082,25.88,36.78,4.14,0.0484,0.2336,11.42,0,0
ST-005578,D2C,Pre-seed,5,28,17.74,2.517,70.122,1.34,19.69,41.88,5.67,0.0997,0.3728,7.702,0,0
ST-005579,Agritech,Seed,8,54,8.33,6.441,15.219,2.817,19.24,53.83,2.4,0.9666,1.5075,244.052,1,1
ST-005580,D2C,Seed,9,15,6.07,12.497,106.758,10.542,41.0,45.09,,0.4564,0.3056,108.477,1,0
ST-005581,D2C,Seed,1,25,,5.525,13.336,1.66,57.87,62.26,,4.1206,5.1175,43.826,0,1
ST-005582,Fintech,Seed,44,39,,26.638,393.323,12.177,17.22,71.97,2.08,0.7413,2.6547,42.731,0,0
ST-005583,Fintech,Pre-seed,8,7,6.83,4.825,46.489,1.46,18.74,74.76,5.63,0.118,0.4332,8.617,0,1
ST-005584,D2C,Pre-seed,3,7,8.94,2.786,86.359,1.398,25.34,50.39,6.84,0.1507,0.2213,28.833,1,0
ST-005585,D2C,Series A,6,47,11.53,4.755,26.106,2.806,44.51,48.22,2.48,0.4894,1.4536,2233.863,3,0
ST-005586,Deeptech,Series A,19,37,10.9,8.643,149.104,3.966,30.29,68.16,6.91,1.48,1.2085,1135.651,2,1
ST-005587,Healthtech,Seed,8,13,5.25,13.546,94.443,9.09,23.89,82.68,4.55,0.7009,1.4613,280.003,1,1
ST-005588,Fintech,Pre-seed,4,8,,6.17,64.681,2.42,33.23,45.03,,2.5165,2.4018,22.848,0,1
ST-005589,Edtech,Pre-seed,5,7,3.65,6.107,120.879,1.925,25.77,55.91,,0.1122,0.3133,14.796,0,0
ST-005590,Healthtech,Pre-seed,4,18,10.69,3.087,42.107,1.373,-12.31,63.66,13.04,0.1439,0.2384,47.632,0,1
ST-005591,Edtech,Seed,8,13,,1.995,38.247,0.88,37.98,81.84,15.26,0.5734,1.0626,72.359,0,0
ST-005592,Agritech,Pre-seed,6,10,1.02,2.483,34.539,1.224,0.29,60.67,14.13,0.1882,0.4111,15.11,0,0
ST-005593,Healthtech,Series A,12,12,5.65,73.672,1404.848,24.427,12.2,54.04,7.12,2.2326,1.5381,1829.476,3,0
ST-005594,SaaS,Seed,7,20,11.03,3.689,20.218,1.689,-0.75,77.71,10.25,,1.6404,156.893,1,0
ST-005595,Healthtech,Pre-seed,9,7,,4.509,16.984,3.993,11.49,71.29,7.01,0.1263,0.5894,11.193,0,0
ST-005596,D2C,Pre-seed,1,23,15.62,0.712,3.997,0.05,22.03,41.42,,0.136,0.3243,17.431,1,1
ST-005597,Deeptech,Pre-seed,2,31,27.84,4.112,29.774,1.997,45.53,61.12,8.25,0.2142,,30.535,1,0
ST-005598,Edtech,Seed,6,22,8.11,4.827,91.412,0.975,6.65,59.52,8.76,0.1609,0.2801,202.534,2,0
ST-005599,Healthtech,Seed,4,32,7.13,11.26,43.129,3.808,46.23,68.38,6.95,0.1963,0.5217,211.596,1,0
ST-005600,Edtech,Pre-seed,3,14,8.83,2.7,50.74,0.808,-16.63,74.0,21.49,0.0215,0.0618,36.997,0,0
ST-005601,Healthtech,Series A,22,15,6.22,5.691,69.82,2.295,-11.85,33.4,13.08,0.05,0.1718,1612.781,4,0
ST-005602,SaaS,Pre-seed,4,12,3.34,2.392,16.433,1.021,-0.79,96.0,10.41,,2.0678,5.036,0,0
ST-005603,Deeptech,Pre-seed,1,5,3.13,5.162,35.75,3.002,33.07,78.98,5.05,1.3023,1.2032,13.056,1,1
ST-005604,Deeptech,Series A,8,16,7.51,10.708,161.56,7.336,-5.54,35.62,12.46,0.0458,0.0633,392.844,2,0
ST-005605,Healthtech,Pre-seed,4,14,,2.509,3.186,1.42,-9.19,60.49,19.87,0.3353,1.0563,37.474,0,1
ST-005606,Healthtech,Pre-seed,4,16,5.92,9.545,94.057,3.825,54.73,45.05,12.89,0.0557,0.1625,17.657,1,0
ST-005607,SaaS,Seed,9,33,12.71,4.712,35.681,1.136,12.71,58.56,5.48,0.3682,0.8318,120.476,1,1
ST-005608,Healthtech,Pre-seed,5,34,16.66,6.354,50.839,2.165,48.24,71.92,5.47,0.1005,1.2656,26.941,0,0
ST-005609,Edtech,Pre-seed,4,18,12.59,2.988,57.906,0.613,38.67,86.93,5.39,,2.3006,39.637,0,0
ST-005610,D2C,Pre-seed,2,8,13.5,1.671,11.997,0.651,33.93,47.75,,0.9011,2.5026,34.794,1,1
ST-005611,SaaS,Pre-seed,3,8,3.34,3.035,10.395,1.64,43.43,96.0,3.03,2.2468,2.1459,8.012,1,1
ST-005612,D2C,Seed,4,14,6.78,9.567,174.69,1.373,9.85,40.72,4.08,0.1748,,125.773,0,0
ST-005613,Fintech,Pre-seed,3,9,2.41,18.185,69.402,9.187,-7.25,52.05,17.29,0.0552,0.1348,16.988,1,1
ST-005614,D2C,Seed,10,22,5.18,4.449,155.86,0.933,26.38,43.71,4.01,0.1584,0.3794,267.775,1,0
ST-005615,Healthtech,Series A,13,13,3.09,15.974,746.417,10.309,6.61,54.39,7.41,0.0557,0.4397,1877.718,2,0
ST-005616,SaaS,Pre-seed,6,35,11.09,7.423,25.183,1.993,29.63,86.72,4.56,2.1805,4.4933,17.552,0,1
ST-005617,Edtech,Pre-seed,3,26,,8.413,140.805,2.223,35.95,78.96,4.32,,0.6245,28.826,0,0
ST-005618,Agritech,Pre-seed,10,29,3.13,2.224,69.928,1.399,0.08,39.3,22.63,0.0104,0.049,13.684,0,0
ST-005619,Healthtech,Pre-seed,6,10,7.76,4.138,25.451,2.719,4.58,48.1,8.91,0.2281,0.4626,60.551,0,1
ST-005620,SaaS,Pre-seed,4,8,1.69,8.595,55.676,1.985,15.13,91.67,11.34,1.4299,1.2931,10.507,0,1
ST-005621,Edtech,Seed,9,13,,9.397,50.091,6.527,42.17,63.15,3.34,0.5668,0.8617,114.205,1,0
ST-005622,Fintech,Pre-seed,3,17,6.68,10.959,283.159,3.466,0.5,76.57,,0.0725,0.3426,27.593,0,0
ST-005623,D2C,Seed,2,19,16.41,18.033,648.465,7.452,54.02,38.95,8.42,0.2551,0.455,308.387,2,0
ST-005624,Healthtech,Seed,4,38,,13.21,131.549,4.687,-19.04,55.77,20.4,0.2277,0.2323,260.726,2,1
ST-005625,SaaS,Series A,16,46,9.98,15.695,661.486,4.37,48.0,,7.23,1.1807,2.9773,1611.49,2,0
ST-005626,Healthtech,Pre-seed,4,17,11.37,2.855,12.621,0.515,22.04,72.03,14.29,0.8069,0.922,13.493,0,0
ST-005627,D2C,Pre-seed,4,6,3.84,3.397,35.152,2.498,28.22,63.32,5.59,0.266,0.3331,2.96,0,1
ST-005628,D2C,Series A,6,19,13.15,13.075,97.977,4.408,26.09,45.7,6.3,0.2128,0.2535,973.638,3,1
ST-005629,SaaS,Pre-seed,1,61,5.07,9.146,53.069,5.789,-31.63,96.0,25.07,0.0084,,45.938,0,0
ST-005630,Fintech,Seed,15,8,5.9,11.326,118.736,1.438,9.55,72.9,6.6,0.184,0.9569,15.907,1,0
ST-005631,Edtech,Seed,5,22,3.82,7.433,33.31,3.458,12.42,71.46,5.85,0.5484,0.5199,162.187,2,1
ST-005632,SaaS,Seed,5,13,13.58,3.612,52.408,1.315,40.95,72.61,6.66,1.3499,3.5479,141.114,1,0
ST-005633,Edtech,Pre-seed,3,45,9.84,8.08,20.771,5.338,15.27,74.27,5.93,0.2028,0.6478,13.114,0,1
ST-005634,SaaS,Pre-seed,8,20,9.42,2.22,34.076,0.915,46.93,79.2,2.04,1.5584,2.2789,22.98,0,0
ST-005635,SaaS,Seed,11,13,9.24,6.019,80.127,3.173,53.75,96.0,12.13,0.2597,0.353,53.377,1,0
ST-005636,D2C,Seed,3,15,,19.917,265.567,8.187,27.83,47.98,5.27,0.1093,0.73,117.88,1,0
ST-005637,Fintech,Seed,13,5,4.89,18.887,137.506,11.249,19.57,66.0,12.56,,1.0705,83.884,1,1
ST-005638,D2C,Seed,6,22,12.5,4.208,74.349,2.305,-5.95,62.05,11.71,0.0246,0.0835,83.283,1,0
ST-005639,SaaS,Series A,7,26,4.34,6.509,101.763,4.115,27.57,82.93,3.74,1.2403,3.7988,1258.014,2,0
ST-005640,Healthtech,Series A,8,10,9.35,14.668,105.942,10.761,7.64,53.63,6.54,0.0132,0.144,1149.734,2,0
ST-005641,Edtech,Seed,4,27,7.31,4.294,51.01,2.73,45.13,50.15,,0.1604,0.7671,26.668,0,0
ST-005642,Agritech,Pre-seed,2,36,5.65,1.234,8.845,0.714,-13.35,42.16,18.33,0.0936,0.0773,30.887,0,1
ST-005643,Agritech,Pre-seed,6,7,7.45,2.063,33.423,0.837,3.28,31.91,13.6,0.0795,0.082,7.878,0,1
ST-005644,Fintech,Seed,5,26,9.42,1.379,9.018,0.484,35.47,66.97,11.1,0.1109,0.1621,238.318,1,1
ST-005645,Healthtech,Seed,9,27,12.47,16.999,234.745,5.319,52.12,72.45,3.81,0.7889,1.903,71.165,1,0
ST-005646,SaaS,Pre-seed,5,17,8.4,7.068,66.338,2.023,32.69,75.74,3.53,,1.153,11.563,0,1
ST-005647,Healthtech,Seed,9,22,14.57,24.466,516.833,8.245,42.88,90.85,7.81,0.4493,1.2944,150.492,2,0
ST-005648,SaaS,Pre-seed,1,11,5.1,4.975,28.19,2.499,21.44,66.41,2.71,1.1008,2.9891,49.346,1,0
ST-005649,Edtech,Pre-seed,2,4,6.66,2.458,35.232,0.363,53.49,72.83,7.38,0.3492,0.6027,10.504,1,1
ST-005650,SaaS,Series A,14,27,11.26,29.573,249.53,11.089,19.94,86.79,4.36,0.4954,2.4228,1747.52,3,0
ST-005651,Deeptech,Seed,3,30,3.28,6.912,21.189,4.339,27.22,53.34,3.87,0.3251,1.0899,156.927,1,0
ST-005652,Edtech,Seed,8,11,30.32,2.502,26.527,0.572,20.91,65.29,0.98,0.7053,3.5081,139.861,1,0
ST-005653,Healthtech,Seed,3,13,13.44,7.975,93.759,5.168,11.07,81.29,6.28,0.1519,1.9114,545.192,2,0
ST-005654,Fintech,Seed,6,12,3.47,13.411,218.667,6.047,25.63,79.8,9.84,1.4239,1.8106,130.1,1,0
ST-005655,Fintech,Pre-seed,10,20,22.41,2.902,22.36,0.144,23.48,,2.51,1.8408,5.9173,18.681,0,0
ST-005656,SaaS,Seed,10,22,5.15,3.476,61.818,2.211,26.24,71.71,5.89,0.1641,0.259,220.422,2,0
ST-005657,Deeptech,Pre-seed,1,9,21.22,4.429,128.865,1.189,-28.87,63.45,26.3,0.0519,0.1896,7.039,1,0
ST-005658,Agritech,Seed,11,19,12.79,9.145,53.602,3.086,-1.53,60.98,10.18,0.6663,1.1788,66.369,1,1
ST-005659,SaaS,Pre-seed,12,16,2.75,3.474,42.482,0.58,7.29,91.52,8.68,0.1757,0.3186,14.389,0,0
ST-005660,D2C,Series A,57,27,4.19,99.193,3541.331,32.045,-16.15,32.64,21.92,0.0895,0.1041,1407.065,3,0
ST-005661,Edtech,Seed,8,15,3.05,5.896,218.265,0.985,-2.94,70.75,12.73,0.0742,0.2391,277.007,2,0
ST-005662,SaaS,Pre-seed,2,30,6.58,6.622,93.752,0.594,33.01,85.64,,0.1626,1.137,33.302,0,0
ST-005663,Healthtech,Pre-seed,5,20,14.47,1.631,31.494,0.814,24.78,75.32,4.3,9.745,11.4143,79.024,0,0
ST-005664,SaaS,Pre-seed,10,30,19.58,5.886,196.913,0.518,38.65,79.1,8.01,1.2003,0.7358,6.079,0,0
ST-005665,SaaS,Seed,6,23,3.78,5.297,86.322,2.398,35.71,69.31,1.85,0.69,2.4806,115.156,1,0
ST-005666,D2C,Seed,12,24,3.39,7.707,78.817,3.412,37.38,37.57,7.82,0.3512,1.8701,151.608,1,0
ST-005667,Fintech,Seed,4,7,10.33,33.603,522.48,10.952,17.48,72.0,10.22,0.0496,0.6119,73.145,1,0
ST-005668,Deeptech,Series A,13,26,2.83,16.781,77.436,13.096,43.41,70.78,,0.4854,1.0312,1987.195,3,1
ST-005669,D2C,Seed,1,18,14.33,3.025,25.298,0.756,4.62,43.97,6.73,0.0682,0.1444,61.145,1,1
ST-005670,Agritech,Seed,3,36,12.08,2.966,11.235,0.927,43.83,55.22,12.78,0.212,0.7233,326.399,2,0
ST-005671,Healthtech,Seed,6,33,8.5,10.042,253.637,4.031,35.16,40.46,6.25,0.154,0.2013,172.484,1,0
ST-005672,Agritech,Seed,5,38,13.97,7.404,213.074,4.439,30.23,28.56,2.07,0.6192,0.8945,53.237,1,0
ST-005673,Fintech,Seed,3,13,13.69,10.545,26.677,3.952,16.13,73.24,4.4,0.4128,1.7139,96.286,1,0
ST-005674,Healthtech,Seed,5,19,4.15,3.514,27.582,1.304,2.24,68.04,6.53,1.3205,1.2503,147.079,2,1
ST-005675,Healthtech,Pre-seed,5,35,3.31,19.911,139.267,3.816,17.98,70.87,4.39,0.3001,0.3586,55.096,0,1
ST-005676,Deeptech,Pre-seed,4,10,7.82,17.162,314.359,2.759,-13.96,35.01,17.38,0.077,0.0679,11.596,0,1
ST-005677,SaaS,Pre-seed,4,31,14.18,4.237,51.564,0.249,39.75,96.0,7.13,0.8275,1.1864,23.135,1,0
ST-005678,Healthtech,Series A,16,39,3.98,5.681,107.763,3.417,4.86,56.84,8.51,0.0843,0.1547,1091.826,2,0
ST-005679,D2C,Seed,5,19,3.47,24.279,314.474,9.677,7.65,41.33,14.71,0.1798,0.3486,109.792,1,0
ST-005680,Fintech,Pre-seed,9,40,3.62,11.806,164.33,2.052,-20.45,75.34,20.92,,0.1006,23.419,1,1
ST-005681,Agritech,Pre-seed,2,30,6.0,3.822,39.837,1.629,-4.2,52.9,9.43,0.0896,0.3379,35.095,0,0
ST-005682,Fintech,Seed,21,9,0.68,23.647,652.76,7.41,71.39,86.62,7.14,0.3026,0.6228,247.773,1,0
ST-005683,SaaS,Series A,20,47,4.44,9.915,32.416,6.56,1.3,89.92,10.46,0.8494,1.1555,592.843,2,1
ST-005684,Healthtech,Series A,8,22,10.88,8.507,42.295,5.169,36.22,79.96,4.53,0.8421,0.8964,784.341,2,0
ST-005685,Edtech,Series A,8,28,14.13,13.95,99.214,4.338,-12.43,62.41,20.95,0.2088,0.3767,1218.23,3,0
ST-005686,SaaS,Series A,11,28,26.38,4.628,78.775,1.486,-13.81,95.49,20.49,0.1017,0.8159,491.267,1,0
ST-005687,SaaS,Pre-seed,6,23,7.61,1.734,4.405,0.912,16.8,57.57,3.03,0.5062,1.3779,31.551,0,1
ST-005688,SaaS,Pre-seed,8,36,5.36,5.706,10.382,2.586,18.54,81.07,5.85,0.1779,1.2403,60.667,0,0
ST-005689,D2C,Seed,3,24,23.02,9.222,213.825,2.924,3.04,33.21,16.37,0.152,0.0905,40.84,1,0
ST-005690,Deeptech,Seed,8,18,8.22,4.235,14.736,2.333,15.57,59.45,5.23,0.3009,0.3743,37.643,1,1
ST-005691,Healthtech,Pre-seed,1,8,8.38,3.448,16.041,1.477,0.89,65.03,7.7,0.3465,0.2435,18.425,1,1
ST-005692,SaaS,Seed,6,15,17.28,2.82,10.984,0.784,41.16,92.53,6.29,0.5611,1.1842,53.293,0,0
ST-005693,Healthtech,Pre-seed,10,29,2.24,3.256,13.776,2.126,59.4,65.82,4.18,0.2482,0.7706,8.911,0,0
ST-005694,Agritech,Pre-seed,2,33,,2.307,142.06,0.76,39.13,43.98,5.1,0.2098,0.8819,1.954,0,0
ST-005695,D2C,Pre-seed,1,13,3.06,8.275,74.662,1.865,-11.52,42.98,14.16,0.0491,0.1825,25.426,0,1
ST-005696,Fintech,Series A,12,35,1.73,17.068,208.157,6.95,23.53,70.27,6.08,0.1393,0.5961,995.935,3,0
ST-005697,SaaS,Seed,15,14,4.19,6.202,23.91,3.635,3.44,74.93,7.68,0.3189,0.6315,72.787,2,0
ST-005698,Deeptech,Seed,8,6,20.47,8.634,91.962,2.81,3.43,71.14,12.1,0.0569,0.091,255.23,1,0
ST-005699,Agritech,Series A,3,10,2.25,3.773,92.604,2.676,29.04,47.92,10.94,0.5145,0.6455,512.015,2,0
ST-005700,SaaS,Series A,4,40,,13.184,158.228,5.131,16.39,93.31,5.57,0.1515,0.9595,543.09,1,0
ST-005701,Agritech,Pre-seed,4,4,13.33,5.024,261.188,1.833,19.53,44.58,2.88,0.2264,0.8649,19.644,0,0
ST-005702,SaaS,Seed,3,29,4.38,8.73,44.047,3.868,16.59,88.89,3.23,3.7427,6.6878,93.576,1,1
ST-005703,SaaS,Pre-seed,4,19,26.13,6.351,12.907,1.316,-1.78,79.71,12.16,0.1627,0.387,26.754,1,1
ST-005704,D2C,Seed,7,36,8.01,13.23,156.161,9.407,-5.76,60.84,14.54,0.1079,0.483,64.73,1,0
ST-005705,Healthtech,Pre-seed,3,18,2.05,22.532,206.56,13.172,11.14,84.07,4.1,0.245,0.3573,65.374,0,0
ST-005706,Edtech,Seed,19,26,4.13,2.885,39.976,0.561,11.48,69.3,4.7,0.2516,0.6883,32.583,1,0
ST-005707,Deeptech,Seed,9,23,2.19,13.562,37.104,8.202,24.24,78.93,7.0,0.9727,1.9758,49.843,1,0
ST-005708,Agritech,Pre-seed,8,20,4.53,4.555,26.888,2.748,35.66,50.33,9.3,,0.7708,82.885,0,1
ST-005709,SaaS,Seed,11,20,6.58,5.869,79.596,1.643,11.81,84.21,5.06,1.0878,2.0462,228.827,1,0
ST-005710,Healthtech,Seed,6,26,13.51,5.623,57.805,4.03,19.22,61.84,7.13,0.0987,0.3563,138.695,2,0
ST-005711,Agritech,Seed,6,17,29.44,9.735,222.828,2.56,34.82,40.97,4.99,0.6014,0.7286,29.221,1,0
ST-005712,Healthtech,Pre-seed,3,28,6.75,6.186,29.956,1.508,11.74,79.11,6.12,,0.7247,33.828,0,1
ST-005713,Deeptech,Pre-seed,6,18,,2.801,7.779,0.293,26.08,59.73,3.43,1.6236,1.6849,6.863,0,1
ST-005714,D2C,Pre-seed,3,27,7.42,1.11,9.861,0.546,21.56,43.39,6.27,0.2293,0.9963,34.897,0,0
ST-005715,SaaS,Series A,29,16,3.95,9.935,171.273,5.235,7.3,74.14,13.3,0.1378,0.4824,1018.966,3,0
ST-005716,SaaS,Series A,6,19,4.98,8.716,26.864,4.569,-12.67,96.0,18.03,0.1584,0.8674,1210.997,2,0
ST-005717,Agritech,Pre-seed,4,6,19.32,5.477,202.695,1.896,-2.86,50.43,13.51,0.1832,0.636,3.72,0,0
ST-005718,Deeptech,Seed,5,24,5.74,5.888,49.414,2.913,37.34,56.31,2.98,0.2349,0.5885,101.474,1,1
ST-005719,SaaS,Seed,5,24,21.57,6.502,73.473,4.83,-18.43,93.3,20.7,0.0419,0.0805,96.151,0,0
ST-005720,SaaS,Series A,39,18,8.5,4.141,120.886,2.498,51.29,96.0,1.52,2.2625,10.1481,1267.559,2,0
ST-005721,D2C,Pre-seed,3,17,9.0,1.325,4.132,0.448,2.79,42.34,11.73,0.0832,0.2873,15.176,0,0
ST-005722,SaaS,Seed,5,11,16.89,4.246,55.776,1.958,-21.65,88.88,27.67,0.5003,0.6842,393.526,1,1
ST-005723,SaaS,Seed,4,34,9.45,6.169,158.849,4.079,4.13,88.86,7.45,0.7242,1.1551,51.857,1,0
ST-005724,Deeptech,Pre-seed,4,29,0.57,3.313,22.39,1.54,-30.33,56.08,24.67,0.2165,0.5542,13.17,0,0
ST-005725,Agritech,Pre-seed,4,16,,3.933,210.279,0.847,-18.83,47.79,23.5,0.1157,0.2687,31.358,0,0
ST-005726,Deeptech,Pre-seed,2,14,8.93,1.757,31.54,1.246,19.09,51.31,3.1,0.4305,1.6581,23.886,0,0
ST-005727,D2C,Seed,5,7,9.65,6.646,53.494,3.522,-17.38,59.44,20.66,0.0449,0.1605,62.784,1,0
ST-005728,Fintech,Seed,9,31,,8.616,102.935,2.329,-16.31,70.78,16.83,0.1529,0.214,23.83,1,1
ST-005729,Deeptech,Seed,12,12,,4.038,10.301,2.922,16.64,58.88,6.97,0.1487,0.1695,143.946,2,1
ST-005730,Fintech,Pre-seed,4,27,8.73,6.138,38.244,1.885,18.53,60.15,4.34,2.0973,1.6532,9.033,0,1
ST-005731,Fintech,Series A,10,10,17.93,4.008,72.783,1.914,24.45,79.45,,1.3858,3.1864,409.923,1,0
ST-005732,Deeptech,Pre-seed,3,8,6.16,3.651,36.99,0.206,21.83,61.49,2.72,0.1858,1.3844,22.749,0,0
ST-005733,D2C,Series A,7,12,7.62,26.201,522.767,8.499,12.79,38.44,4.74,0.2938,0.5902,2402.405,2,0
ST-005734,Deeptech,Pre-seed,2,9,14.55,1.205,31.549,0.404,28.96,54.19,14.77,0.0804,0.1826,10.99,0,0
ST-005735,SaaS,Series A,4,66,14.93,22.946,424.055,14.11,33.05,90.38,4.34,0.6558,1.7827,1096.193,3,0
ST-005736,Deeptech,Series A,7,22,3.25,9.476,180.879,4.732,15.31,38.64,3.3,0.0616,0.1433,862.258,2,0
ST-005737,Healthtech,Series A,18,32,1.45,11.103,85.771,5.59,24.63,62.62,5.99,0.7644,0.7971,1102.451,3,1
ST-005738,D2C,Series A,8,13,12.97,40.916,630.029,16.515,-40.94,57.2,26.25,0.1811,0.2662,418.995,1,1
ST-005739,Deeptech,Pre-seed,3,10,10.63,3.807,40.128,2.044,7.75,60.73,12.51,0.0498,0.0974,20.135,1,0
ST-005740,Fintech,Seed,5,48,8.13,31.881,169.938,17.699,45.66,76.12,7.15,0.0738,0.4724,168.718,1,0
ST-005741,D2C,Seed,13,19,13.75,6.228,123.341,0.715,3.67,25.05,7.73,0.136,0.6838,25.325,1,0
ST-005742,D2C,Seed,4,22,6.97,7.3,44.047,5.513,26.02,,7.6,0.2821,0.3086,51.793,1,1
ST-005743,Agritech,Series A,12,29,10.33,23.88,215.76,18.292,18.85,61.86,5.96,0.0829,0.4551,310.809,1,0
ST-005744,Deeptech,Pre-seed,4,40,5.75,8.846,59.04,2.611,3.74,62.44,8.6,0.1342,0.959,17.363,0,0
ST-005745,D2C,Pre-seed,4,2,4.52,4.526,35.513,1.287,26.45,45.08,6.87,0.0683,0.2098,16.146,0,0
ST-005746,SaaS,Series A,12,40,6.83,10.139,215.989,4.788,4.36,,8.42,0.2219,0.3449,504.018,1,0
ST-005747,SaaS,Pre-seed,4,34,,1.263,21.678,0.5,6.64,88.64,8.09,0.1669,0.4011,13.03,0,0
ST-005748,Deeptech,Pre-seed,6,23,4.24,2.027,18.169,0.822,6.41,52.66,9.59,0.1825,1.164,26.242,0,0
ST-005749,Deeptech,Pre-seed,4,14,7.92,15.39,403.453,7.55,-1.29,50.38,10.4,0.1505,0.1661,42.001,0,0
ST-005750,Deeptech,Seed,18,23,10.55,38.933,878.404,15.183,-5.61,43.33,13.1,0.1329,0.2337,254.379,0,0
ST-005751,SaaS,Series A,10,12,16.68,15.538,322.706,4.042,3.69,96.0,6.53,0.8765,2.6202,887.521,2,0
ST-005752,Fintech,Pre-seed,1,4,7.6,1.452,16.237,0.192,18.34,68.81,2.37,,1.0083,28.544,0,1
ST-005753,D2C,Seed,9,22,4.42,4.449,97.828,0.969,7.48,64.75,4.03,0.411,,106.972,1,0
ST-005754,D2C,Seed,8,2,3.08,4.293,40.117,1.816,6.11,33.27,9.01,1.2654,1.3737,25.185,1,1
ST-005755,SaaS,Seed,6,14,15.89,4.952,72.967,1.125,69.35,83.43,4.17,1.7539,1.6558,75.483,1,0
ST-005756,Healthtech,Seed,5,11,9.0,4.69,138.641,2.466,30.66,49.91,2.53,0.5261,0.9061,145.2,1,0
ST-005757,SaaS,Series A,3,20,7.36,20.59,338.947,11.588,-20.71,96.0,,0.0435,0.323,1142.433,3,0
ST-005758,Edtech,Pre-seed,1,14,9.19,4.056,23.731,1.236,22.25,96.0,2.7,0.8282,4.6867,8.16,0,0
ST-005759,SaaS,Pre-seed,11,7,13.85,12.033,98.365,9.23,23.08,95.79,5.56,0.1679,0.3953,18.319,0,0
ST-005760,SaaS,Seed,4,26,19.83,5.583,26.667,1.536,89.18,69.69,8.86,0.1174,0.4113,115.344,1,0
ST-005761,SaaS,Seed,11,38,2.69,8.535,94.913,3.129,22.6,,10.8,0.342,0.8822,112.77,1,0
ST-005762,Deeptech,Seed,2,10,6.94,19.528,452.995,12.978,59.73,56.93,4.57,,2.8477,114.541,1,0
ST-005763,D2C,Pre-seed,2,7,13.08,8.452,52.541,1.898,8.55,49.53,6.17,0.7729,1.8217,10.505,0,0
ST-005764,Deeptech,Pre-seed,6,16,2.88,2.457,32.037,0.864,0.68,63.72,7.19,0.3866,0.7212,2.48,0,1
ST-005765,Edtech,Series A,9,7,24.41,16.671,344.589,4.068,-10.29,72.22,12.84,1.3144,1.3225,1317.814,3,0
ST-005766,Edtech,Pre-seed,5,16,6.88,3.773,126.429,0.34,35.54,67.19,10.85,0.0544,0.1275,20.887,0,0
ST-005767,Fintech,Seed,6,35,26.56,12.405,63.275,9.663,-3.74,65.5,13.08,0.3063,0.4189,96.378,0,0
ST-005768,Healthtech,Seed,5,9,2.53,9.256,174.115,6.188,1.9,53.97,14.44,0.0232,0.0382,122.036,2,1
ST-005769,Fintech,Pre-seed,3,38,15.53,17.874,97.987,6.535,27.8,75.46,1.68,3.2036,9.9362,3.839,1,0
ST-005770,D2C,Pre-seed,2,12,4.97,2.133,19.85,0.565,10.14,21.83,5.68,0.4927,0.4022,22.898,0,1
ST-005771,Agritech,Pre-seed,9,13,8.27,1.791,13.913,1.373,20.18,53.1,1.83,7.4436,8.3088,8.517,0,1
ST-005772,Deeptech,Seed,16,14,,6.342,55.357,3.887,-10.9,60.5,12.41,0.1012,0.2311,309.314,2,0
ST-005773,Fintech,Pre-seed,2,26,14.72,4.226,60.439,3.135,-33.06,65.56,24.6,0.0677,0.0721,30.185,0,1
ST-005774,Healthtech,Seed,3,21,10.93,10.952,709.303,1.529,42.48,71.96,14.39,0.4511,0.6826,56.935,1,0
ST-005775,SaaS,Pre-seed,3,13,7.98,2.778,25.187,0.916,41.33,92.83,3.13,0.4901,1.9635,19.06,0,0
ST-005776,SaaS,Pre-seed,5,9,9.06,7.961,102.631,0.353,11.82,84.25,10.42,0.7209,1.3812,17.564,0,1
ST-005777,D2C,Pre-seed,3,19,35.0,4.04,168.76,0.856,19.21,73.45,4.31,1.636,2.3025,225.785,0,0
ST-005778,Healthtech,Pre-seed,5,34,16.28,4.319,183.123,3.208,-2.74,55.35,17.28,0.0499,0.1908,11.955,0,0
ST-005779,D2C,Pre-seed,4,13,3.89,1.554,16.033,0.409,11.51,42.91,7.66,0.5514,0.4103,3.878,0,1
ST-005780,SaaS,Series A,9,24,8.94,52.52,480.528,40.205,64.89,77.43,10.74,,0.453,1436.3,3,0
ST-005781,Deeptech,Pre-seed,17,5,11.35,5.778,23.156,1.064,54.64,,3.79,1.5137,1.4205,5.142,0,1
ST-005782,Deeptech,Seed,5,20,0.92,37.225,285.631,5.452,21.41,62.0,5.84,0.369,0.5445,45.099,1,1
ST-005783,Edtech,Seed,17,61,17.53,4.154,14.033,1.943,-24.45,,22.86,0.2864,0.2366,98.992,1,1
ST-005784,Agritech,Seed,15,9,4.22,12.362,104.171,7.672,26.49,48.38,21.81,0.006,0.0458,106.252,1,0
ST-005785,Fintech,Seed,9,24,5.3,6.653,264.766,3.195,9.96,61.41,9.4,0.2744,0.1164,225.695,0,0
ST-005786,D2C,Pre-seed,1,11,3.29,15.007,79.711,4.534,8.32,,6.36,0.1869,0.5617,20.483,0,0
ST-005787,Deeptech,Seed,6,7,15.61,25.667,197.271,9.134,15.38,49.11,16.26,0.0805,0.1417,35.62,1,1
ST-005788,Agritech,Pre-seed,3,12,12.56,6.542,95.348,2.879,57.5,51.82,17.06,0.0645,0.1539,7.062,0,0
ST-005789,Agritech,Seed,6,53,16.15,4.034,16.068,1.266,18.62,34.68,3.44,1.1941,1.8893,98.301,2,1
ST-005790,Edtech,Pre-seed,2,20,,13.396,115.856,9.508,37.96,68.73,5.88,0.4882,0.9634,20.201,1,0
ST-005791,Agritech,Seed,10,22,,29.487,34.237,18.847,24.5,72.7,4.01,2.006,2.4114,72.528,1,1
ST-005792,D2C,Seed,11,9,5.87,5.903,53.376,4.13,23.84,38.84,2.01,0.4296,2.128,139.926,1,0
ST-005793,SaaS,Seed,13,34,9.87,8.301,17.464,4.801,29.56,92.25,5.56,3.8937,3.7959,609.584,2,1
ST-005794,SaaS,Pre-seed,3,36,5.27,7.518,36.584,3.203,8.3,79.73,2.63,0.684,1.4143,20.58,0,0
ST-005795,Agritech,Seed,3,40,12.01,1.643,20.074,0.386,-12.91,51.78,,0.0318,0.3449,170.297,1,0
ST-005796,Healthtech,Seed,8,32,17.91,20.234,185.194,10.01,49.09,69.82,4.85,0.24,0.9179,231.757,2,0
ST-005797,Healthtech,Seed,19,11,4.44,18.53,184.093,9.11,-16.42,49.18,18.46,0.0853,0.0877,49.63,1,1
ST-005798,Deeptech,Pre-seed,4,7,9.92,3.986,268.132,0.529,23.15,49.57,4.42,0.0648,0.3409,7.343,0,0
ST-005799,D2C,Pre-seed,5,3,7.84,0.836,17.723,0.171,55.19,38.04,3.89,0.2204,0.621,38.22,0,0
ST-005800,Edtech,Pre-seed,3,8,8.23,4.315,10.435,1.587,24.34,85.6,1.86,4.4115,7.5395,11.863,0,1
ST-005801,Edtech,Seed,5,23,15.43,2.875,7.307,1.859,28.22,78.6,2.22,0.4464,1.7219,183.003,1,0
ST-005802,Healthtech,Pre-seed,6,8,11.48,1.475,41.821,0.475,29.73,73.87,4.84,0.1448,0.7861,18.045,0,0
ST-005803,D2C,Seed,6,35,6.97,10.132,123.577,3.519,40.08,59.11,4.86,0.3831,0.545,34.422,1,1
ST-005804,Healthtech,Seed,8,37,7.59,22.903,666.0,9.314,44.11,71.9,8.23,0.1582,0.2688,137.793,1,0
ST-005805,Edtech,Seed,9,36,9.02,5.554,142.483,2.84,-14.5,49.15,16.52,0.0939,0.1555,48.307,1,0
ST-005806,D2C,Seed,8,6,8.64,18.212,187.975,7.126,43.17,41.44,2.68,0.8081,2.672,247.209,1,0
ST-005807,D2C,Seed,9,22,9.01,12.515,185.813,3.931,14.25,45.61,4.17,0.2437,0.9941,64.376,1,0
ST-005808,Agritech,Seed,4,21,,2.529,22.03,0.475,-0.35,53.45,7.33,0.103,0.3581,207.602,1,0
ST-005809,SaaS,Pre-seed,2,31,3.25,2.588,27.944,2.221,-5.55,70.81,13.96,0.2342,0.2868,19.353,0,1
ST-005810,D2C,Series A,10,9,11.57,32.326,491.47,21.443,19.44,32.76,6.97,0.0574,0.4508,980.03,3,0
ST-005811,Healthtech,Series A,10,24,12.4,11.33,413.753,4.369,2.3,51.41,,0.119,0.1598,820.001,4,0
ST-005812,SaaS,Seed,5,7,25.62,13.327,90.082,4.539,17.12,73.66,5.87,0.664,1.8141,135.069,1,0
ST-005813,D2C,Series A,12,38,7.96,11.062,121.602,5.667,13.97,43.95,2.6,1.5503,3.1713,556.372,3,1
ST-005814,D2C,Series A,18,5,11.44,24.98,200.039,14.212,20.16,52.69,3.35,0.433,0.5017,454.639,2,1
ST-005815,Healthtech,Seed,13,53,15.35,12.077,528.859,2.286,32.26,61.31,4.49,0.3032,0.8168,40.467,1,0
ST-005816,Agritech,Seed,15,26,11.29,5.685,78.837,0.565,40.25,65.4,,0.821,,169.516,0,0
ST-005817,Fintech,Seed,3,19,1.55,16.43,159.498,6.76,39.81,74.83,2.53,1.6001,5.8087,71.634,0,0
ST-005818,SaaS,Pre-seed,2,10,1.74,0.815,4.671,0.507,48.9,78.58,3.51,0.1083,0.2432,21.707,1,1
ST-005819,Fintech,Pre-seed,3,32,7.47,2.383,32.457,1.901,11.53,72.94,8.99,0.1418,0.3793,23.7,0,0
ST-005820,Edtech,Seed,7,7,8.54,4.657,248.104,1.839,0.15,65.86,11.89,,0.063,37.451,1,0
ST-005821,D2C,Seed,5,3,,18.05,927.24,12.456,13.73,41.52,8.2,0.3261,0.6652,124.694,0,0
ST-005822,Agritech,Pre-seed,3,21,3.04,1.253,20.071,0.7,6.72,52.64,5.7,0.8779,0.6936,36.929,0,1
ST-005823,D2C,Seed,5,18,12.66,7.567,35.702,5.018,-12.06,52.57,22.62,0.0884,0.3724,96.787,1,1
ST-005824,SaaS,Seed,8,23,3.08,9.286,30.277,6.603,10.11,93.04,7.02,0.2062,0.8333,127.252,1,0
ST-005825,Fintech,Seed,3,21,11.18,11.921,98.25,7.378,29.94,92.26,6.31,1.0015,0.9251,120.939,0,1
ST-005826,SaaS,Pre-seed,16,23,3.94,3.593,4.68,1.448,42.42,96.0,4.84,1.8695,1.9395,14.424,0,1
ST-005827,D2C,Seed,6,19,12.24,4.963,35.927,2.817,13.53,37.03,1.19,1.4962,2.4777,100.973,1,1
ST-005828,Fintech,Pre-seed,7,12,15.4,4.36,89.95,1.704,39.7,50.45,11.11,0.1829,0.2305,19.34,0,0
ST-005829,Healthtech,Pre-seed,3,16,4.72,9.339,30.687,1.426,17.14,77.23,,1.0138,1.8541,11.167,0,1
ST-005830,Agritech,Pre-seed,6,26,,2.162,28.333,1.425,-33.03,50.63,24.38,0.187,0.3535,46.166,1,1
ST-005831,D2C,Pre-seed,4,27,9.52,0.856,6.411,0.241,-11.56,40.25,27.91,0.0636,0.1372,2.606,0,1
ST-005832,Fintech,Pre-seed,7,20,4.55,7.285,46.388,1.631,25.56,85.95,5.05,0.6756,3.5496,12.385,0,0
ST-005833,Fintech,Seed,6,4,2.93,29.286,465.811,14.935,-22.53,65.93,20.6,0.0796,0.7145,136.511,0,0
ST-005834,D2C,Seed,16,22,12.83,3.64,133.88,2.281,-12.54,46.78,14.61,0.1517,0.1543,138.666,1,0
ST-005835,Healthtech,Pre-seed,2,4,23.45,12.33,92.839,8.544,-15.02,55.97,16.43,0.1045,0.258,7.923,0,0
ST-005836,SaaS,Series A,18,36,6.96,20.592,601.116,14.675,9.59,59.63,3.12,0.4018,1.8836,1160.038,2,0
ST-005837,Deeptech,Seed,7,30,1.59,4.981,73.136,2.652,20.47,47.85,3.86,0.0554,0.2844,130.563,0,0
ST-005838,Healthtech,Series A,5,14,0.92,10.233,49.513,5.973,-21.91,56.0,20.92,0.2411,0.2161,1159.584,1,1
ST-005839,Edtech,Seed,21,27,8.97,3.796,107.93,1.609,31.35,48.96,6.89,0.2092,0.4817,74.178,0,0
ST-005840,SaaS,Pre-seed,12,17,,4.357,104.539,1.765,17.19,82.88,1.74,0.492,2.0547,39.259,0,0
ST-005841,Fintech,Series A,3,15,1.92,16.77,329.951,4.016,-13.78,70.94,15.51,0.3071,,117.511,1,0
ST-005842,Fintech,Series A,11,31,4.46,42.356,210.932,12.214,14.79,78.01,2.44,0.7727,1.1865,718.41,2,1
ST-005843,Fintech,Seed,10,42,12.61,18.387,62.138,9.093,-0.41,59.68,14.4,0.0232,0.0979,91.854,1,0
ST-005844,Healthtech,Seed,8,15,11.93,2.915,61.869,0.23,-0.71,42.4,13.49,0.0236,0.04,169.47,0,0
ST-005845,Edtech,Seed,16,24,,2.341,35.319,1.152,-11.14,63.4,12.76,0.0304,0.1036,214.491,1,0
ST-005846,Deeptech,Seed,14,10,5.75,17.824,383.717,7.419,15.09,44.24,4.26,0.0452,0.3153,128.473,1,0
ST-005847,Deeptech,Seed,7,13,6.06,7.902,17.14,2.949,10.19,57.71,12.12,0.136,0.3615,208.655,1,1
ST-005848,SaaS,Seed,26,20,16.06,6.515,34.615,2.229,9.99,91.54,8.63,0.5455,1.0038,93.371,1,0
ST-005849,SaaS,Pre-seed,7,9,6.67,5.717,27.815,3.114,14.3,76.17,,0.2505,0.885,94.114,0,1
ST-005850,Agritech,Pre-seed,3,9,2.88,6.585,160.206,2.444,21.91,51.21,6.4,0.3043,0.9288,8.454,0,0
ST-005851,Deeptech,Pre-seed,3,7,,2.46,30.236,0.491,12.76,35.46,7.93,0.2504,0.4183,18.408,0,1
ST-005852,Agritech,Pre-seed,8,32,13.25,0.717,20.55,0.138,-24.77,47.72,31.54,0.0235,0.0575,69.638,1,0
ST-005853,SaaS,Pre-seed,2,26,10.92,3.556,16.172,0.908,15.95,96.0,3.89,0.2339,0.8981,12.366,0,0
ST-005854,Fintech,Series A,8,23,7.38,10.326,34.009,2.783,-6.37,74.14,19.83,0.2507,0.6868,405.615,2,1
ST-005855,SaaS,Pre-seed,3,27,2.18,4.046,42.196,3.224,40.55,73.41,3.63,0.782,,27.593,0,0
ST-005856,Agritech,Pre-seed,5,28,10.86,3.329,29.95,1.502,25.93,39.65,3.53,0.7676,3.0087,51.086,0,0
ST-005857,Healthtech,Pre-seed,3,14,6.43,2.293,21.77,1.094,37.71,62.72,4.49,0.1999,0.4032,65.671,1,0
ST-005858,Healthtech,Seed,3,10,2.85,39.84,170.993,14.885,3.97,68.6,9.34,0.2394,0.4493,206.838,1,1
ST-005859,Healthtech,Seed,13,24,13.04,8.976,93.408,6.35,34.18,54.56,7.74,0.2107,0.1684,100.041,1,0
ST-005860,Fintech,Seed,5,38,6.69,6.6,102.332,1.356,-8.06,65.87,14.36,0.0139,0.0774,143.1,1,0
ST-005861,Healthtech,Series A,35,33,8.67,18.272,283.931,5.355,13.53,41.76,3.72,0.1512,,513.042,2,0
ST-005862,SaaS,Series A,12,46,17.6,20.729,272.228,12.594,-5.16,90.94,11.28,0.5633,1.0073,945.953,2,0
ST-005863,D2C,Series A,22,37,10.21,9.425,241.318,5.002,26.47,38.58,7.05,0.0718,0.2494,1513.812,3,0
ST-005864,D2C,Series A,15,62,12.43,78.994,2540.838,44.543,50.11,54.97,5.11,0.2545,1.2118,916.291,2,0
ST-005865,D2C,Pre-seed,9,21,8.28,1.353,16.963,0.234,24.32,51.83,5.93,0.0813,0.3328,5.476,0,0
ST-005866,Fintech,Seed,9,16,14.06,3.504,126.998,1.745,-15.93,73.08,19.69,0.3994,0.7379,201.793,1,0
ST-005867,Agritech,Pre-seed,4,26,3.41,1.122,4.9,0.203,2.77,49.15,,0.1002,0.1245,4.862,0,1
ST-005868,D2C,Seed,12,38,2.18,7.78,161.259,4.056,79.72,66.1,,0.9367,1.5005,262.715,1,0
ST-005869,SaaS,Pre-seed,18,19,3.11,5.422,40.093,3.274,34.19,74.84,7.72,0.2533,0.7358,34.125,0,0
ST-005870,SaaS,Pre-seed,3,28,6.1,3.041,17.189,1.675,0.75,96.0,9.98,0.3284,0.3263,23.313,0,1
ST-005871,D2C,Pre-seed,6,12,12.42,5.681,43.88,1.809,36.3,50.79,2.38,0.1109,0.8244,5.17,1,0
ST-005872,Fintech,Seed,6,33,5.55,13.857,124.533,12.299,18.08,69.36,3.78,0.6251,1.779,120.217,1,0
ST-005873,SaaS,Seed,9,70,12.18,5.699,256.468,2.197,70.63,79.46,4.74,0.1138,0.5267,92.563,2,0
ST-005874,SaaS,Pre-seed,4,12,8.99,5.247,156.022,1.172,18.47,83.23,3.36,1.7186,2.2155,10.53,0,0
ST-005875,SaaS,Seed,2,23,25.96,6.414,106.493,3.613,10.13,82.11,7.84,0.1748,0.4462,72.979,0,0
ST-005876,Edtech,Pre-seed,3,24,9.16,2.529,25.19,0.441,15.48,86.17,5.2,0.3426,0.5397,7.069,0,1
ST-005877,Healthtech,Seed,12,19,,6.193,253.826,3.137,7.34,49.64,5.21,0.5204,0.37,55.67,1,0
ST-005878,SaaS,Pre-seed,2,13,11.39,4.562,43.068,2.741,1.97,79.86,15.82,0.0337,0.115,26.629,0,0
ST-005879,D2C,Pre-seed,7,17,8.55,9.734,43.231,5.942,-6.62,37.59,15.4,0.037,0.1942,11.549,1,0
ST-005880,Fintech,Seed,7,36,3.42,4.189,18.689,3.046,5.43,61.67,8.46,0.0564,0.6111,104.803,1,0
ST-005881,Fintech,Seed,6,7,7.31,7.059,316.102,1.757,31.65,68.19,9.4,0.1065,0.2977,45.95,1,0
ST-005882,SaaS,Series A,18,14,7.2,15.913,503.405,4.112,8.61,96.0,4.8,0.4552,0.8011,607.354,2,0
ST-005883,Agritech,Seed,10,18,7.5,24.084,956.784,1.24,3.39,57.31,7.62,0.043,0.1781,77.819,0,0
ST-005884,Deeptech,Series A,13,38,3.61,29.936,458.928,14.111,-13.84,47.48,16.47,0.0884,0.1285,430.667,2,0
ST-005885,Edtech,Pre-seed,7,17,23.66,1.891,9.369,0.773,31.79,63.77,6.78,0.5973,0.9381,8.759,0,0
ST-005886,SaaS,Pre-seed,4,11,2.39,1.983,3.748,0.89,50.8,94.68,6.05,0.3021,0.6638,119.51,0,1
ST-005887,Fintech,Series A,4,49,17.81,38.837,293.605,10.658,-3.8,61.57,38.27,0.1084,0.1373,1543.402,2,1
ST-005888,SaaS,Pre-seed,3,19,8.03,3.078,8.163,1.324,3.61,83.49,6.87,1.0251,1.3319,24.487,0,0
ST-005889,Agritech,Seed,2,16,4.12,2.802,139.801,1.523,-3.85,56.5,12.87,0.0208,0.1292,30.479,1,0
ST-005890,SaaS,Pre-seed,6,23,21.37,8.004,49.837,2.63,34.19,79.59,4.29,5.1375,6.6879,50.393,0,1
ST-005891,Deeptech,Seed,11,27,0.59,14.298,97.641,9.172,37.38,47.96,6.46,0.3103,,96.416,1,0
ST-005892,Healthtech,Pre-seed,7,19,4.08,1.959,15.102,0.241,20.22,65.77,8.27,0.3251,,8.6,0,1
ST-005893,Healthtech,Seed,8,13,6.97,3.378,10.58,0.752,-9.46,,16.02,0.0512,0.107,60.307,1,1
ST-005894,Agritech,Seed,11,33,4.54,1.427,4.336,0.524,23.69,,,0.0869,0.2522,115.241,1,0
ST-005895,SaaS,Pre-seed,1,42,7.56,2.464,91.274,0.628,21.92,76.11,4.06,2.2838,5.6632,11.387,0,0
ST-005896,Agritech,Pre-seed,4,21,11.81,4.419,197.864,1.088,24.01,60.16,12.9,0.3479,0.4644,23.141,0,0
ST-005897,SaaS,Pre-seed,2,6,2.92,7.703,193.338,1.919,-4.93,96.0,11.93,0.0932,0.383,27.953,1,0
ST-005898,Agritech,Pre-seed,3,55,9.49,4.819,67.168,3.213,-6.35,42.65,9.62,0.0911,0.2271,20.623,1,0
ST-005899,Healthtech,Pre-seed,11,23,12.55,1.809,7.446,0.678,-17.09,50.0,17.5,0.7588,0.5768,25.182,0,1
ST-005900,SaaS,Series A,20,14,3.19,11.539,174.446,8.687,38.2,90.76,19.91,0.1077,0.448,1530.907,2,0
ST-005901,Agritech,Pre-seed,6,28,8.98,9.932,113.987,2.056,41.87,61.01,2.52,0.5362,1.2946,2.816,0,0
ST-005902,SaaS,Seed,6,38,7.16,5.11,61.923,3.431,-18.49,71.26,21.25,0.0344,,118.72,0,1
ST-005903,SaaS,Seed,3,21,3.74,12.853,162.313,5.616,-1.26,78.73,9.51,0.1892,0.5149,66.798,1,0
ST-005904,Agritech,Pre-seed,4,5,4.02,5.648,125.106,1.097,0.35,39.26,12.14,0.4676,0.3604,26.238,1,1
ST-005905,Edtech,Pre-seed,8,20,4.06,5.866,139.176,1.409,36.09,62.96,9.5,0.5077,0.6889,13.127,0,0
ST-005906,Deeptech,Seed,8,11,5.7,15.623,182.14,4.179,17.32,54.83,3.83,0.1874,,306.123,2,0
ST-005907,D2C,Seed,2,28,5.76,13.378,354.337,5.327,47.89,58.47,,0.329,0.3955,124.307,1,0
ST-005908,Healthtech,Series A,11,17,18.22,5.845,55.086,2.469,7.88,76.47,11.35,0.2031,0.7359,5638.234,3,0
ST-005909,Fintech,Pre-seed,1,22,9.95,15.505,352.682,4.884,-11.14,66.94,,0.8107,,11.707,0,1
ST-005910,SaaS,Seed,10,16,10.14,2.012,39.598,0.896,0.04,96.0,10.54,0.2424,0.5023,435.864,1,0
ST-005911,Deeptech,Series A,7,28,,27.461,95.453,10.304,-5.11,68.55,,0.265,1.482,1438.282,4,0
ST-005912,SaaS,Series A,5,37,9.17,13.669,168.767,6.377,36.09,67.48,3.12,1.74,2.2749,1316.446,2,1
ST-005913,Healthtech,Series A,17,38,10.6,10.825,21.229,5.705,54.38,75.46,2.61,0.589,1.3652,1687.829,3,0
ST-005914,Fintech,Pre-seed,5,10,3.35,2.581,6.574,1.188,27.3,76.9,7.02,0.2963,0.3756,12.676,0,1
ST-005915,Fintech,Series A,12,21,7.38,28.387,331.751,11.607,-0.64,89.14,,0.1252,0.1055,2417.042,2,1
ST-005916,Healthtech,Series A,39,21,4.16,30.244,259.38,20.84,19.39,65.93,6.36,0.1044,0.3578,1570.134,4,0
ST-005917,Agritech,Seed,9,24,,6.312,41.124,4.218,-18.77,71.5,,0.299,0.6651,143.84,1,1
ST-005918,Agritech,Seed,4,39,5.33,5.52,111.194,3.547,11.29,32.94,5.27,0.1353,0.3258,170.591,1,0
ST-005919,Agritech,Series A,14,23,10.69,32.761,384.995,6.896,-21.15,47.13,26.77,0.0137,0.0383,2533.617,3,1
ST-005920,Fintech,Seed,5,27,11.95,7.363,36.1,3.241,25.6,46.21,1.94,0.6931,0.9268,117.541,1,0
ST-005921,Edtech,Seed,14,19,9.56,6.308,17.678,3.889,12.0,63.61,14.18,0.3209,0.3364,41.241,0,1
ST-005922,SaaS,Seed,7,14,8.9,6.381,17.327,2.672,32.71,83.83,4.91,0.3705,0.9606,665.437,1,0
ST-005923,D2C,Seed,8,8,7.99,45.96,310.696,11.797,31.08,47.72,,0.2291,1.3787,78.567,1,0
ST-005924,Fintech,Seed,3,16,12.33,5.448,19.153,4.099,3.84,78.24,8.6,0.1824,0.5159,74.026,1,0
ST-005925,Healthtech,Pre-seed,4,7,4.41,8.423,200.197,3.714,38.31,90.26,,0.3674,0.337,11.993,1,0
ST-005926,SaaS,Pre-seed,4,8,10.05,1.135,16.508,0.038,-7.86,78.05,12.94,0.0268,0.4169,5.055,0,0
ST-005927,Agritech,Pre-seed,2,21,1.81,1.781,6.991,0.903,72.34,65.99,5.29,,0.3905,99.817,0,0
ST-005928,Agritech,Seed,5,26,5.15,5.441,139.026,1.199,-12.65,59.82,14.57,0.4838,0.3384,244.467,1,1
ST-005929,Deeptech,Seed,8,34,5.64,10.422,142.03,8.783,31.15,62.1,6.31,0.0473,0.3415,490.829,0,0
ST-005930,SaaS,Series A,10,8,,11.616,53.314,8.03,40.11,91.42,10.34,0.4114,0.5577,173.35,1,0
ST-005931,Deeptech,Seed,3,31,8.91,10.662,295.077,6.55,19.28,54.25,5.91,0.5041,0.8403,96.869,1,0
ST-005932,Fintech,Seed,5,3,4.63,6.074,152.07,2.072,-6.19,79.62,12.79,0.0703,0.3436,42.965,0,0
ST-005933,Fintech,Pre-seed,3,11,16.43,13.16,86.956,9.01,0.74,52.13,9.35,0.0582,0.3958,12.879,0,0
ST-005934,Fintech,Seed,7,19,6.73,4.854,57.534,1.372,-5.97,69.75,13.96,0.2944,0.6018,75.29,1,1
ST-005935,Fintech,Series A,11,17,11.77,32.659,232.345,23.59,13.89,64.64,6.87,0.107,0.3983,452.872,2,0
ST-005936,Healthtech,Seed,5,20,14.77,14.443,55.954,13.337,32.13,90.38,8.28,0.3666,2.7382,207.354,0,0
ST-005937,SaaS,Series A,8,27,10.86,7.153,12.811,3.942,24.16,70.16,2.73,0.682,0.728,2453.919,3,1
ST-005938,Edtech,Series A,11,4,6.08,9.563,296.255,2.064,15.17,72.43,3.77,1.2402,3.4434,503.568,2,0
ST-005939,D2C,Pre-seed,7,23,7.97,4.043,14.643,1.016,-12.33,61.91,23.26,0.1476,0.2643,27.736,0,1
ST-005940,Agritech,Seed,7,15,2.61,22.713,180.968,6.832,51.22,45.84,,0.6695,0.7017,311.406,2,0
ST-005941,D2C,Seed,15,30,11.9,5.948,401.069,0.779,11.82,48.43,5.53,0.3175,1.3371,93.089,1,0
ST-005942,Healthtech,Seed,13,31,26.6,120.462,1044.115,57.497,7.52,57.43,10.03,0.084,0.4204,173.739,1,0
ST-005943,SaaS,Pre-seed,10,18,14.02,6.705,84.473,2.427,21.84,77.24,1.29,1.4458,5.0417,10.449,0,0
ST-005944,Agritech,Pre-seed,9,29,5.89,4.545,71.268,0.988,-17.82,70.58,,0.0751,0.2512,59.495,0,0
ST-005945,SaaS,Pre-seed,10,9,6.29,7.291,100.744,2.616,15.78,61.26,21.63,0.2027,0.3897,12.076,1,1
ST-005946,Fintech,Seed,3,14,14.4,2.894,23.88,1.082,11.11,71.06,5.65,0.6977,1.9764,39.341,1,1
ST-005947,SaaS,Pre-seed,6,4,2.97,8.969,114.224,5.002,13.4,59.08,5.88,0.2227,0.7371,30.757,0,0
ST-005948,D2C,Seed,13,27,4.8,2.993,41.096,0.388,41.13,58.51,4.14,0.0758,0.7997,178.222,1,0
ST-005949,Fintech,Seed,15,20,5.11,18.658,50.805,9.492,-10.75,63.8,13.8,0.1952,0.1572,17.728,1,1
ST-005950,D2C,Seed,4,19,1.7,5.064,30.271,0.983,14.69,29.05,3.75,0.4261,0.6598,205.864,1,1
ST-005951,Fintech,Series A,15,21,10.4,10.747,116.641,5.063,1.06,66.41,13.66,0.1233,,856.792,4,1
ST-005952,Edtech,Seed,7,16,5.95,23.298,530.543,1.421,10.97,53.75,7.44,0.0454,0.1426,396.179,1,0
ST-005953,Edtech,Pre-seed,12,8,5.99,3.16,31.25,2.086,34.47,77.96,3.02,0.2853,,29.208,0,0
ST-005954,SaaS,Series A,4,11,8.64,4.7,51.312,2.378,11.3,93.48,3.8,0.4203,1.8788,1229.972,2,0
ST-005955,Edtech,Series A,6,53,2.26,25.129,300.583,15.375,8.23,54.47,5.31,0.7154,1.361,2935.456,3,0
ST-005956,D2C,Seed,2,26,,3.222,36.324,1.203,-33.84,54.04,27.51,0.0405,0.1416,157.276,2,1
ST-005957,Healthtech,Seed,7,18,2.23,23.619,316.122,14.196,31.98,55.94,4.46,0.2009,0.4289,666.085,2,0
ST-005958,SaaS,Pre-seed,16,14,10.38,3.813,17.502,1.291,-17.09,78.87,18.76,0.2412,0.655,20.438,1,1
ST-005959,D2C,Seed,6,24,15.6,3.101,34.844,1.333,5.61,69.97,5.75,,0.1912,95.86,1,0
ST-005960,Fintech,Pre-seed,4,32,11.86,9.407,241.369,0.573,-0.98,63.92,19.05,0.1921,0.0785,80.841,1,1
ST-005961,SaaS,Seed,9,22,5.17,10.754,102.976,4.846,-32.41,96.0,27.26,0.1093,0.2111,26.73,1,1
ST-005962,SaaS,Pre-seed,4,52,11.04,0.836,3.895,0.21,19.92,96.0,3.69,,1.4966,12.082,0,1
ST-005963,Edtech,Seed,8,28,6.58,6.212,22.826,4.707,6.64,63.6,5.72,0.5162,0.6694,367.056,0,1
ST-005964,Fintech,Pre-seed,5,12,8.34,6.458,196.455,1.414,27.78,71.22,4.0,,,18.919,0,0
ST-005965,D2C,Pre-seed,2,6,10.64,4.816,42.219,2.913,28.43,42.92,,0.9222,0.6286,17.434,0,1
ST-005966,Fintech,Pre-seed,4,31,0.5,4.559,16.781,0.914,29.92,68.32,12.0,0.0661,0.3503,18.922,0,0
ST-005967,Agritech,Seed,10,11,1.85,11.623,69.297,2.873,26.15,59.39,3.46,0.0365,0.4418,284.319,2,0
ST-005968,Fintech,Pre-seed,7,26,6.92,7.844,22.886,2.051,27.35,67.23,3.88,,1.618,5.195,0,1
ST-005969,Healthtech,Seed,14,25,4.33,9.068,23.128,5.365,35.55,,1.9,0.214,1.4084,124.46,0,0
ST-005970,Agritech,Pre-seed,5,5,,2.993,46.936,0.289,24.53,,1.96,0.5262,0.7911,19.9,0,1
ST-005971,Fintech,Seed,8,24,8.52,11.098,76.963,5.365,20.0,58.31,5.4,0.1302,0.7123,333.955,1,0
ST-005972,SaaS,Pre-seed,6,22,5.2,2.498,7.022,1.397,13.49,78.14,4.17,2.5438,4.3343,43.801,0,1
ST-005973,Healthtech,Series A,7,20,6.16,8.135,279.058,3.134,19.41,64.76,4.06,0.1418,0.2249,1362.618,2,0
ST-005974,Deeptech,Pre-seed,3,13,3.61,2.662,18.465,1.221,27.92,72.4,3.75,0.1563,0.4,14.916,0,1
ST-005975,Deeptech,Pre-seed,4,14,9.22,5.564,62.548,1.508,27.31,56.18,6.02,0.0442,0.3312,62.012,0,0
ST-005976,SaaS,Pre-seed,2,31,12.78,2.08,42.41,0.285,13.23,,,0.783,3.8246,5.493,0,0
ST-005977,D2C,Pre-seed,5,12,2.33,36.13,11.094,2.267,61.56,37.85,9.15,0.0209,0.1253,16.795,0,0
ST-005978,Fintech,Seed,12,6,12.37,25.992,55.137,20.701,47.66,77.65,,0.5594,0.5094,105.439,2,0
ST-005979,SaaS,Pre-seed,2,17,10.02,3.323,40.919,0.292,-0.22,77.91,8.55,1.0537,1.1886,23.553,0,1
ST-005980,D2C,Series A,13,7,,16.416,16.504,7.96,13.82,45.76,2.44,1.7536,2.9439,2287.936,4,0
ST-005981,Edtech,Seed,4,24,15.82,5.515,243.121,3.151,49.33,67.87,12.76,0.0308,0.1857,319.838,0,0
ST-005982,Healthtech,Pre-seed,2,8,,11.858,138.799,6.847,-1.62,57.22,11.37,0.102,0.3695,9.258,0,0
ST-005983,Agritech,Seed,22,18,14.38,22.426,238.119,13.088,-10.46,39.99,18.77,0.3399,0.2455,192.479,2,1
ST-005984,Fintech,Pre-seed,2,8,15.99,3.714,49.655,1.463,73.19,73.21,2.61,1.3393,2.5758,11.868,0,0
ST-005985,D2C,Pre-seed,2,37,2.58,6.84,125.502,1.784,6.78,58.18,,4.2054,6.2645,8.774,1,0
ST-005986,Fintech,Pre-seed,4,21,8.54,23.47,313.8,8.921,-25.42,53.52,,0.274,,25.07,0,1
ST-005987,SaaS,Pre-seed,5,8,8.31,1.673,32.261,0.425,-0.29,84.93,8.32,0.1666,1.6795,11.991,0,0
ST-005988,Fintech,Pre-seed,6,18,16.6,10.548,296.019,1.924,7.99,70.77,13.42,0.306,0.6217,19.996,0,0
ST-005989,Deeptech,Series A,35,11,31.02,6.265,392.421,0.832,30.99,54.22,8.16,0.4669,0.8301,1276.857,2,0
ST-005990,Edtech,Seed,4,18,,6.643,43.252,1.845,16.19,63.17,3.36,2.7705,2.9699,138.655,2,1
ST-005991,SaaS,Series A,7,42,23.99,12.796,20.447,10.3,-15.64,93.96,25.61,0.2419,0.9609,914.481,3,0
ST-005992,D2C,Pre-seed,10,21,4.52,1.185,3.06,0.776,-44.72,72.04,34.08,0.0395,0.0838,16.976,0,1
ST-005993,Deeptech,Series A,18,14,11.18,48.062,486.083,33.484,24.24,72.48,4.45,2.1237,2.7986,2954.902,2,0
ST-005994,Deeptech,Pre-seed,6,6,7.51,6.65,12.629,4.014,18.24,64.13,5.28,,1.0621,36.374,1,1
ST-005995,Healthtech,Pre-seed,3,23,10.52,2.374,6.775,1.069,42.3,76.17,1.63,4.0317,7.3276,17.919,0,1
ST-005996,Fintech,Series A,20,52,12.01,24.208,299.485,17.412,0.6,73.37,7.78,,0.7265,2925.361,2,0
ST-005997,Healthtech,Pre-seed,6,15,13.32,8.874,59.886,3.822,11.24,55.62,8.2,,0.3528,28.87,0,1
ST-005998,Agritech,Pre-seed,4,31,6.24,0.993,9.122,0.366,5.57,56.16,8.77,0.5139,0.3374,16.346,0,1
ST-005999,Agritech,Series A,7,29,7.06,1.35,65.318,0.717,1.02,37.36,16.97,0.045,0.175,922.573,2,0
ST-006000,Agritech,Seed,7,26,12.66,6.595,198.454,1.448,23.45,43.96,6.3,0.2516,0.7524,58.198,1,0
